date,transaction_id,stockcode,product,customer_id,price,quantity,category,brand,size,flavor,promo_flag,cost
2024-07-05,TXN000198,SKU000,Coffee 01,CUST0019,5.1,1,Coffee,B1,M,F1,False,3.06
2024-07-05,TXN000198,SKU003,Bakery 01,CUST0019,7.92,1,Bakery,B1,S,F4,False,4.75
2024-07-05,TXN000198,SKU018,Beverages 03,CUST0019,6.03,1,Beverages,B1,M,F3,False,3.62
2024-07-05,TXN000198,SKU002,Beverages 01,CUST0019,5.73,1,Beverages,B3,M,F3,False,3.44
2024-07-05,TXN000982,SKU024,Coffee 04,CUST0099,6.91,2,Coffee,B1,S,F1,False,4.15
2024-07-05,TXN000982,SKU019,Bakery 03,CUST0099,6.44,3,Bakery,B2,L,F4,False,3.86
2024-07-05,TXN000982,SKU028,Dairy 04,CUST0099,5.79,3,Dairy,B2,M,F1,False,3.47
2024-07-05,TXN000982,SKU000,Coffee 01,CUST0099,5.1,3,Coffee,B1,M,F1,False,3.06
2024-07-05,TXN000982,SKU026,Beverages 04,CUST0099,4.0,2,Beverages,B3,M,F3,False,2.4
2024-07-05,TXN000982,SKU006,Personal Care 01,CUST0099,6.63,3,Personal Care,B1,S,F3,False,3.98
2024-07-05,TXN001005,SKU010,Beverages 02,CUST0102,4.77,2,Beverages,B2,M,F3,False,2.86
2024-07-05,TXN001005,SKU025,Snacks 04,CUST0102,6.63,3,Snacks,B2,M,F2,False,3.98
2024-07-05,TXN001005,SKU020,Dairy 03,CUST0102,17.08,1,Dairy,B3,S,F1,False,10.25
2024-07-05,TXN001005,SKU031,Pet 04,CUST0102,7.29,2,Pet,B2,S,F4,False,4.37
2024-07-05,TXN001005,SKU001,Snacks 01,CUST0102,8.26,3,Snacks,B2,L,F2,False,4.96
2024-07-06,TXN000044,SKU018,Beverages 03,CUST0003,6.03,2,Beverages,B1,M,F3,False,3.62
2024-07-06,TXN000044,SKU033,Snacks 05,CUST0003,6.13,2,Snacks,B1,S,F2,False,3.68
2024-07-06,TXN000044,SKU041,Snacks 06,CUST0003,6.25,1,Snacks,B3,L,F2,False,3.75
2024-07-06,TXN000044,SKU029,Household 04,CUST0003,14.03,3,Household,B3,M,F2,False,8.42
2024-07-06,TXN000044,SKU010,Beverages 02,CUST0003,4.77,2,Beverages,B2,M,F3,False,2.86
2024-07-06,TXN000044,SKU000,Coffee 01,CUST0003,5.1,1,Coffee,B1,M,F1,False,3.06
2024-07-06,TXN000290,SKU002,Beverages 01,CUST0029,5.73,1,Beverages,B3,M,F3,False,3.44
2024-07-06,TXN000290,SKU009,Snacks 02,CUST0029,3.57,3,Snacks,B1,M,F2,False,2.14
2024-07-06,TXN000290,SKU017,Snacks 03,CUST0029,6.17,3,Snacks,B3,M,F2,False,3.7
2024-07-06,TXN000290,SKU000,Coffee 01,CUST0029,5.1,3,Coffee,B1,M,F1,False,3.06
2024-07-06,TXN000290,SKU007,Pet 01,CUST0029,12.11,2,Pet,B2,L,F4,False,7.27
2024-07-06,TXN000290,SKU008,Coffee 02,CUST0029,13.87,3,Coffee,B3,M,F1,False,8.32
2024-07-06,TXN000592,SKU024,Coffee 04,CUST0060,6.91,2,Coffee,B1,S,F1,False,4.15
2024-07-06,TXN000592,SKU019,Bakery 03,CUST0060,6.44,2,Bakery,B2,L,F4,False,3.86
2024-07-06,TXN000592,SKU028,Dairy 04,CUST0060,5.79,3,Dairy,B2,M,F1,False,3.47
2024-07-06,TXN000592,SKU054,Personal Care 07,CUST0060,7.07,1,Personal Care,B1,M,F3,False,4.24
2024-07-06,TXN000592,SKU001,Snacks 01,CUST0060,8.26,2,Snacks,B2,L,F2,False,4.96
2024-07-06,TXN000592,SKU003,Bakery 01,CUST0060,7.92,3,Bakery,B1,S,F4,False,4.75
2024-07-06,TXN000778,SKU000,Coffee 01,CUST0078,5.1,2,Coffee,B1,M,F1,False,3.06
2024-07-06,TXN000778,SKU003,Bakery 01,CUST0078,7.92,2,Bakery,B1,S,F4,False,4.75
2024-07-06,TXN000778,SKU035,Bakery 05,CUST0078,7.37,1,Bakery,B3,S,F4,False,4.42
2024-07-06,TXN000778,SKU004,Dairy 01,CUST0078,3.85,3,Dairy,B2,M,F1,False,2.31
2024-07-07,TXN000356,SKU001,Snacks 01,CUST0035,8.26,1,Snacks,B2,L,F2,False,4.96
2024-07-07,TXN000356,SKU007,Pet 01,CUST0035,12.11,2,Pet,B2,L,F4,False,7.27
2024-07-07,TXN000356,SKU000,Coffee 01,CUST0035,5.1,1,Coffee,B1,M,F1,False,3.06
2024-07-07,TXN000382,SKU000,Coffee 01,CUST0037,5.1,2,Coffee,B1,M,F1,False,3.06
2024-07-07,TXN000382,SKU008,Coffee 02,CUST0037,13.87,3,Coffee,B3,M,F1,False,8.32
2024-07-07,TXN000382,SKU056,Coffee 08,CUST0037,4.14,2,Coffee,B3,L,F1,False,2.48
2024-07-07,TXN000382,SKU012,Dairy 02,CUST0037,2.47,3,Dairy,B1,S,F1,False,1.48
2024-07-07,TXN000382,SKU015,Pet 02,CUST0037,14.75,2,Pet,B1,M,F4,False,8.85
2024-07-07,TXN000509,SKU003,Bakery 01,CUST0051,7.92,3,Bakery,B1,S,F4,False,4.75
2024-07-07,TXN000509,SKU008,Coffee 02,CUST0051,13.87,3,Coffee,B3,M,F1,False,8.32
2024-07-07,TXN000509,SKU006,Personal Care 01,CUST0051,6.63,2,Personal Care,B1,S,F3,False,3.98
2024-07-07,TXN000509,SKU013,Household 02,CUST0051,5.73,1,Household,B2,M,F2,False,3.44
2024-07-07,TXN000571,SKU007,Pet 01,CUST0057,12.11,2,Pet,B2,L,F4,False,7.27
2024-07-07,TXN000571,SKU001,Snacks 01,CUST0057,8.26,1,Snacks,B2,L,F2,False,4.96
2024-07-07,TXN000571,SKU013,Household 02,CUST0057,5.73,2,Household,B2,M,F2,False,3.44
2024-07-07,TXN000801,SKU001,Snacks 01,CUST0081,8.26,2,Snacks,B2,L,F2,False,4.96
2024-07-07,TXN000801,SKU009,Snacks 02,CUST0081,3.57,1,Snacks,B1,M,F2,False,2.14
2024-07-07,TXN000801,SKU010,Beverages 02,CUST0081,4.77,3,Beverages,B2,M,F3,False,2.86
2024-07-07,TXN000801,SKU002,Beverages 01,CUST0081,5.73,2,Beverages,B3,M,F3,False,3.44
2024-07-07,TXN000801,SKU000,Coffee 01,CUST0081,5.1,2,Coffee,B1,M,F1,False,3.06
2024-07-07,TXN000801,SKU042,Beverages 06,CUST0081,4.5,3,Beverages,B1,M,F3,False,2.7
2024-07-07,TXN000930,SKU003,Bakery 01,CUST0093,7.92,1,Bakery,B1,S,F4,False,4.75
2024-07-07,TXN000930,SKU005,Household 01,CUST0093,5.37,2,Household,B3,L,F2,False,3.22
2024-07-07,TXN000930,SKU000,Coffee 01,CUST0093,5.1,1,Coffee,B1,M,F1,False,3.06
2024-07-07,TXN000930,SKU027,Bakery 04,CUST0093,7.34,1,Bakery,B1,L,F4,False,4.4
2024-07-07,TXN001037,SKU002,Beverages 01,CUST0105,5.73,3,Beverages,B3,M,F3,False,3.44
2024-07-07,TXN001037,SKU009,Snacks 02,CUST0105,3.57,3,Snacks,B1,M,F2,False,2.14
2024-07-07,TXN001037,SKU017,Snacks 03,CUST0105,6.17,3,Snacks,B3,M,F2,False,3.7
2024-07-08,TXN000186,SKU010,Beverages 02,CUST0018,4.77,3,Beverages,B2,M,F3,False,2.86
2024-07-08,TXN000186,SKU025,Snacks 04,CUST0018,6.63,3,Snacks,B2,M,F2,False,3.98
2024-07-08,TXN000186,SKU006,Personal Care 01,CUST0018,6.63,1,Personal Care,B1,S,F3,False,3.98
2024-07-08,TXN000528,SKU006,Personal Care 01,CUST0052,6.63,3,Personal Care,B1,S,F3,False,3.98
2024-07-08,TXN000528,SKU014,Personal Care 02,CUST0052,7.0,2,Personal Care,B3,M,F3,False,4.2
2024-07-08,TXN000548,SKU032,Coffee 05,CUST0054,10.67,1,Coffee,B3,S,F1,False,6.4
2024-07-08,TXN000548,SKU034,Beverages 05,CUST0054,13.18,1,Beverages,B2,M,F3,False,7.91
2024-07-08,TXN000617,SKU048,Coffee 07,CUST0061,9.69,3,Coffee,B1,M,F1,False,5.81
2024-07-08,TXN000617,SKU033,Snacks 05,CUST0061,6.13,2,Snacks,B1,S,F2,False,3.68
2024-07-08,TXN000993,SKU000,Coffee 01,CUST0100,5.1,1,Coffee,B1,M,F1,False,3.06
2024-07-08,TXN000993,SKU008,Coffee 02,CUST0100,13.87,2,Coffee,B3,M,F1,False,8.32
2024-07-08,TXN000993,SKU002,Beverages 01,CUST0100,5.73,2,Beverages,B3,M,F3,False,3.44
2024-07-08,TXN000993,SKU006,Personal Care 01,CUST0100,6.63,2,Personal Care,B1,S,F3,False,3.98
2024-07-08,TXN000993,SKU029,Household 04,CUST0100,14.03,1,Household,B3,M,F2,False,8.42
2024-07-08,TXN001122,SKU001,Snacks 01,CUST0114,8.26,3,Snacks,B2,L,F2,False,4.96
2024-07-08,TXN001122,SKU002,Beverages 01,CUST0114,5.73,3,Beverages,B3,M,F3,False,3.44
2024-07-08,TXN001122,SKU010,Beverages 02,CUST0114,4.77,2,Beverages,B2,M,F3,False,2.86
2024-07-08,TXN001122,SKU000,Coffee 01,CUST0114,5.1,2,Coffee,B1,M,F1,False,3.06
2024-07-08,TXN001122,SKU007,Pet 01,CUST0114,12.11,3,Pet,B2,L,F4,False,7.27
2024-07-09,TXN000313,SKU010,Beverages 02,CUST0031,4.77,3,Beverages,B2,M,F3,False,2.86
2024-07-09,TXN000313,SKU025,Snacks 04,CUST0031,6.63,2,Snacks,B2,M,F2,False,3.98
2024-07-09,TXN000313,SKU004,Dairy 01,CUST0031,3.85,3,Dairy,B2,M,F1,False,2.31
2024-07-09,TXN000313,SKU003,Bakery 01,CUST0031,7.92,1,Bakery,B1,S,F4,False,4.75
2024-07-09,TXN000313,SKU019,Bakery 03,CUST0031,6.44,3,Bakery,B2,L,F4,False,3.86
2024-07-09,TXN000313,SKU036,Dairy 05,CUST0031,10.18,1,Dairy,B1,M,F1,False,6.11
2024-07-09,TXN000840,SKU014,Personal Care 02,CUST0084,7.0,2,Personal Care,B3,M,F3,False,4.2
2024-07-09,TXN000840,SKU025,Snacks 04,CUST0084,6.63,3,Snacks,B2,M,F2,False,3.98
2024-07-09,TXN000840,SKU004,Dairy 01,CUST0084,3.85,3,Dairy,B2,M,F1,False,2.31
2024-07-09,TXN000840,SKU056,Coffee 08,CUST0084,4.14,3,Coffee,B3,L,F1,False,2.48
2024-07-09,TXN000840,SKU033,Snacks 05,CUST0084,6.13,2,Snacks,B1,S,F2,False,3.68
2024-07-09,TXN000840,SKU000,Coffee 01,CUST0084,5.1,2,Coffee,B1,M,F1,False,3.06
2024-07-09,TXN001058,SKU002,Beverages 01,CUST0108,5.73,2,Beverages,B3,M,F3,False,3.44
2024-07-09,TXN001058,SKU005,Household 01,CUST0108,5.37,1,Household,B3,L,F2,False,3.22
2024-07-09,TXN001058,SKU004,Dairy 01,CUST0108,3.85,2,Dairy,B2,M,F1,False,2.31
2024-07-09,TXN001058,SKU003,Bakery 01,CUST0108,7.92,3,Bakery,B1,S,F4,False,4.75
2024-07-09,TXN001058,SKU028,Dairy 04,CUST0108,5.79,2,Dairy,B2,M,F1,False,3.47
2024-07-09,TXN001058,SKU000,Coffee 01,CUST0108,5.1,3,Coffee,B1,M,F1,False,3.06
2024-07-09,TXN001087,SKU001,Snacks 01,CUST0111,8.26,2,Snacks,B2,L,F2,False,4.96
2024-07-09,TXN001087,SKU000,Coffee 01,CUST0111,5.1,1,Coffee,B1,M,F1,False,3.06
2024-07-09,TXN001087,SKU027,Bakery 04,CUST0111,7.34,3,Bakery,B1,L,F4,False,4.4
2024-07-09,TXN001087,SKU010,Beverages 02,CUST0111,4.77,3,Beverages,B2,M,F3,False,2.86
2024-07-09,TXN001087,SKU007,Pet 01,CUST0111,12.11,3,Pet,B2,L,F4,False,7.27
2024-07-09,TXN001087,SKU003,Bakery 01,CUST0111,7.92,3,Bakery,B1,S,F4,False,4.75
2024-07-10,TXN000415,SKU003,Bakery 01,CUST0040,7.92,1,Bakery,B1,S,F4,False,4.75
2024-07-10,TXN000415,SKU004,Dairy 01,CUST0040,3.85,2,Dairy,B2,M,F1,False,2.31
2024-07-10,TXN000415,SKU006,Personal Care 01,CUST0040,6.63,3,Personal Care,B1,S,F3,False,3.98
2024-07-10,TXN000415,SKU026,Beverages 04,CUST0040,4.0,1,Beverages,B3,M,F3,False,2.4
2024-07-10,TXN000514,SKU008,Coffee 02,CUST0051,13.87,3,Coffee,B3,M,F1,False,8.32
2024-07-10,TXN000514,SKU012,Dairy 02,CUST0051,2.47,3,Dairy,B1,S,F1,False,1.48
2024-07-10,TXN000514,SKU001,Snacks 01,CUST0051,8.26,2,Snacks,B2,L,F2,False,4.96
2024-07-10,TXN000514,SKU007,Pet 01,CUST0051,12.11,3,Pet,B2,L,F4,False,7.27
2024-07-10,TXN000514,SKU016,Coffee 03,CUST0051,10.8,3,Coffee,B2,L,F1,False,6.48
2024-07-10,TXN000514,SKU047,Pet 06,CUST0051,8.27,2,Pet,B3,M,F4,False,4.96
2024-07-10,TXN000570,SKU010,Beverages 02,CUST0057,4.77,1,Beverages,B2,M,F3,False,2.86
2024-07-10,TXN000570,SKU003,Bakery 01,CUST0057,7.92,2,Bakery,B1,S,F4,False,4.75
2024-07-10,TXN000570,SKU001,Snacks 01,CUST0057,8.26,3,Snacks,B2,L,F2,False,4.96
2024-07-10,TXN000732,SKU002,Beverages 01,CUST0075,5.73,3,Beverages,B3,M,F3,False,3.44
2024-07-10,TXN000732,SKU027,Bakery 04,CUST0075,7.34,2,Bakery,B1,L,F4,False,4.4
2024-07-10,TXN000732,SKU000,Coffee 01,CUST0075,5.1,3,Coffee,B1,M,F1,False,3.06
2024-07-10,TXN000732,SKU003,Bakery 01,CUST0075,7.92,1,Bakery,B1,S,F4,False,4.75
2024-07-10,TXN000732,SKU039,Pet 05,CUST0075,2.92,3,Pet,B1,S,F4,False,1.75
2024-07-10,TXN000732,SKU041,Snacks 06,CUST0075,6.25,2,Snacks,B3,L,F2,False,3.75
2024-07-10,TXN000940,SKU001,Snacks 01,CUST0094,8.26,2,Snacks,B2,L,F2,False,4.96
2024-07-10,TXN000940,SKU000,Coffee 01,CUST0094,5.1,2,Coffee,B1,M,F1,False,3.06
2024-07-10,TXN000940,SKU026,Beverages 04,CUST0094,4.0,3,Beverages,B3,M,F3,False,2.4
2024-07-10,TXN000940,SKU005,Household 01,CUST0094,5.37,1,Household,B3,L,F2,False,3.22
2024-07-10,TXN000940,SKU007,Pet 01,CUST0094,12.11,2,Pet,B2,L,F4,False,7.27
2024-07-10,TXN001055,SKU008,Coffee 02,CUST0108,13.87,1,Coffee,B3,M,F1,False,8.32
2024-07-10,TXN001055,SKU012,Dairy 02,CUST0108,2.47,1,Dairy,B1,S,F1,False,1.48
2024-07-10,TXN001055,SKU001,Snacks 01,CUST0108,8.26,3,Snacks,B2,L,F2,False,4.96
2024-07-11,TXN000091,SKU015,Pet 02,CUST0007,14.75,2,Pet,B1,M,F4,False,8.85
2024-07-11,TXN000091,SKU000,Coffee 01,CUST0007,5.1,1,Coffee,B1,M,F1,False,3.06
2024-07-11,TXN000101,SKU008,Coffee 02,CUST0009,13.87,3,Coffee,B3,M,F1,False,8.32
2024-07-11,TXN000101,SKU012,Dairy 02,CUST0009,2.47,3,Dairy,B1,S,F1,False,1.48
2024-07-11,TXN000101,SKU001,Snacks 01,CUST0009,8.26,3,Snacks,B2,L,F2,False,4.96
2024-07-11,TXN000380,SKU010,Beverages 02,CUST0037,4.77,2,Beverages,B2,M,F3,False,2.86
2024-07-11,TXN000380,SKU025,Snacks 04,CUST0037,6.63,1,Snacks,B2,M,F2,False,3.98
2024-07-11,TXN000380,SKU000,Coffee 01,CUST0037,5.1,3,Coffee,B1,M,F1,False,3.06
2024-07-11,TXN000380,SKU040,Coffee 06,CUST0037,2.41,3,Coffee,B2,S,F1,False,1.45
2024-07-11,TXN000416,SKU003,Bakery 01,CUST0040,7.92,1,Bakery,B1,S,F4,False,4.75
2024-07-11,TXN000416,SKU014,Personal Care 02,CUST0040,7.0,3,Personal Care,B3,M,F3,False,4.2
2024-07-11,TXN000416,SKU027,Bakery 04,CUST0040,7.34,3,Bakery,B1,L,F4,False,4.4
2024-07-11,TXN000416,SKU007,Pet 01,CUST0040,12.11,1,Pet,B2,L,F4,False,7.27
2024-07-11,TXN000416,SKU018,Beverages 03,CUST0040,6.03,2,Beverages,B1,M,F3,False,3.62
2024-07-11,TXN000416,SKU012,Dairy 02,CUST0040,2.47,2,Dairy,B1,S,F1,False,1.48
2024-07-11,TXN000795,SKU008,Coffee 02,CUST0081,13.87,3,Coffee,B3,M,F1,False,8.32
2024-07-11,TXN000795,SKU000,Coffee 01,CUST0081,5.1,2,Coffee,B1,M,F1,False,3.06
2024-07-11,TXN000932,SKU000,Coffee 01,CUST0094,5.1,3,Coffee,B1,M,F1,False,3.06
2024-07-11,TXN000932,SKU001,Snacks 01,CUST0094,8.26,1,Snacks,B2,L,F2,False,4.96
2024-07-11,TXN000932,SKU054,Personal Care 07,CUST0094,7.07,1,Personal Care,B1,M,F3,False,4.24
2024-07-11,TXN000932,SKU056,Coffee 08,CUST0094,4.14,2,Coffee,B3,L,F1,False,2.48
2024-07-11,TXN000932,SKU009,Snacks 02,CUST0094,3.57,2,Snacks,B1,M,F2,False,2.14
2024-07-12,TXN000097,SKU000,Coffee 01,CUST0007,5.1,1,Coffee,B1,M,F1,False,3.06
2024-07-12,TXN000097,SKU058,Beverages 08,CUST0007,4.61,3,Beverages,B2,L,F3,False,2.77
2024-07-12,TXN000097,SKU008,Coffee 02,CUST0007,13.87,2,Coffee,B3,M,F1,False,8.32
2024-07-12,TXN000097,SKU036,Dairy 05,CUST0007,10.18,2,Dairy,B1,M,F1,False,6.11
2024-07-12,TXN000265,SKU027,Bakery 04,CUST0025,7.34,1,Bakery,B1,L,F4,False,4.4
2024-07-12,TXN000265,SKU000,Coffee 01,CUST0025,5.1,1,Coffee,B1,M,F1,False,3.06
2024-07-12,TXN000265,SKU006,Personal Care 01,CUST0025,6.63,1,Personal Care,B1,S,F3,False,3.98
2024-07-12,TXN000265,SKU025,Snacks 04,CUST0025,6.63,3,Snacks,B2,M,F2,False,3.98
2024-07-12,TXN000265,SKU008,Coffee 02,CUST0025,13.87,3,Coffee,B3,M,F1,False,8.32
2024-07-12,TXN000462,SKU024,Coffee 04,CUST0046,6.91,3,Coffee,B1,S,F1,False,4.15
2024-07-12,TXN000462,SKU034,Beverages 05,CUST0046,13.18,3,Beverages,B2,M,F3,False,7.91
2024-07-12,TXN000462,SKU006,Personal Care 01,CUST0046,6.63,1,Personal Care,B1,S,F3,False,3.98
2024-07-12,TXN000629,SKU000,Coffee 01,CUST0063,5.1,1,Coffee,B1,M,F1,False,3.06
2024-07-12,TXN000629,SKU037,Household 05,CUST0063,3.63,3,Household,B2,S,F2,False,2.18
2024-07-12,TXN000629,SKU034,Beverages 05,CUST0063,13.18,1,Beverages,B2,M,F3,False,7.91
2024-07-12,TXN000629,SKU047,Pet 06,CUST0063,8.27,1,Pet,B3,M,F4,False,4.96
2024-07-12,TXN000629,SKU003,Bakery 01,CUST0063,7.92,2,Bakery,B1,S,F4,False,4.75
2024-07-12,TXN000629,SKU021,Household 03,CUST0063,5.84,1,Household,B1,S,F2,False,3.5
2024-07-12,TXN000767,SKU008,Coffee 02,CUST0078,13.87,2,Coffee,B3,M,F1,False,8.32
2024-07-12,TXN000767,SKU012,Dairy 02,CUST0078,2.47,2,Dairy,B1,S,F1,False,1.48
2024-07-12,TXN000767,SKU001,Snacks 01,CUST0078,8.26,2,Snacks,B2,L,F2,False,4.96
2024-07-12,TXN000767,SKU002,Beverages 01,CUST0078,5.73,3,Beverages,B3,M,F3,False,3.44
2024-07-12,TXN000767,SKU000,Coffee 01,CUST0078,5.1,3,Coffee,B1,M,F1,False,3.06
2024-07-12,TXN000767,SKU046,Personal Care 06,CUST0078,5.24,3,Personal Care,B2,S,F3,False,3.14
2024-07-12,TXN000857,SKU008,Coffee 02,CUST0087,13.87,3,Coffee,B3,M,F1,False,8.32
2024-07-12,TXN000857,SKU012,Dairy 02,CUST0087,2.47,3,Dairy,B1,S,F1,False,1.48
2024-07-12,TXN000857,SKU001,Snacks 01,CUST0087,8.26,3,Snacks,B2,L,F2,False,4.96
2024-07-12,TXN000857,SKU000,Coffee 01,CUST0087,5.1,3,Coffee,B1,M,F1,False,3.06
2024-07-12,TXN000857,SKU017,Snacks 03,CUST0087,6.17,2,Snacks,B3,M,F2,False,3.7
2024-07-13,TXN000043,SKU006,Personal Care 01,CUST0003,6.63,2,Personal Care,B1,S,F3,False,3.98
2024-07-13,TXN000043,SKU044,Dairy 06,CUST0003,25.4,2,Dairy,B3,M,F1,False,15.24
2024-07-13,TXN000043,SKU021,Household 03,CUST0003,5.84,3,Household,B1,S,F2,False,3.5
2024-07-13,TXN000043,SKU004,Dairy 01,CUST0003,3.85,1,Dairy,B2,M,F1,False,2.31
2024-07-13,TXN000043,SKU002,Beverages 01,CUST0003,5.73,3,Beverages,B3,M,F3,False,3.44
2024-07-13,TXN000224,SKU011,Bakery 02,CUST0021,10.55,2,Bakery,B3,S,F4,False,6.33
2024-07-13,TXN000224,SKU020,Dairy 03,CUST0021,17.08,1,Dairy,B3,S,F1,False,10.25
2024-07-13,TXN000224,SKU016,Coffee 03,CUST0021,10.8,3,Coffee,B2,L,F1,False,6.48
2024-07-13,TXN000224,SKU002,Beverages 01,CUST0021,5.73,1,Beverages,B3,M,F3,False,3.44
2024-07-13,TXN000224,SKU010,Beverages 02,CUST0021,4.77,1,Beverages,B2,M,F3,False,2.86
2024-07-13,TXN000224,SKU003,Bakery 01,CUST0021,7.92,1,Bakery,B1,S,F4,False,4.75
2024-07-13,TXN000254,SKU029,Household 04,CUST0024,14.03,2,Household,B3,M,F2,False,8.42
2024-07-13,TXN000254,SKU007,Pet 01,CUST0024,12.11,2,Pet,B2,L,F4,False,7.27
2024-07-13,TXN000254,SKU001,Snacks 01,CUST0024,8.26,3,Snacks,B2,L,F2,False,4.96
2024-07-13,TXN000254,SKU037,Household 05,CUST0024,3.63,1,Household,B2,S,F2,False,2.18
2024-07-13,TXN000345,SKU007,Pet 01,CUST0034,12.11,1,Pet,B2,L,F4,False,7.27
2024-07-13,TXN000345,SKU043,Bakery 06,CUST0034,8.09,1,Bakery,B2,L,F4,False,4.85
2024-07-13,TXN000596,SKU024,Coffee 04,CUST0060,6.91,3,Coffee,B1,S,F1,False,4.15
2024-07-13,TXN000596,SKU019,Bakery 03,CUST0060,6.44,2,Bakery,B2,L,F4,False,3.86
2024-07-13,TXN000596,SKU028,Dairy 04,CUST0060,5.79,3,Dairy,B2,M,F1,False,3.47
2024-07-13,TXN000596,SKU003,Bakery 01,CUST0060,7.92,3,Bakery,B1,S,F4,False,4.75
2024-07-13,TXN000771,SKU031,Pet 04,CUST0078,7.29,1,Pet,B2,S,F4,False,4.37
2024-07-13,TXN000771,SKU005,Household 01,CUST0078,5.37,2,Household,B3,L,F2,False,3.22
2024-07-13,TXN000771,SKU001,Snacks 01,CUST0078,8.26,2,Snacks,B2,L,F2,False,4.96
2024-07-13,TXN000771,SKU013,Household 02,CUST0078,5.73,1,Household,B2,M,F2,False,3.44
2024-07-13,TXN001141,SKU010,Beverages 02,CUST0117,4.77,2,Beverages,B2,M,F3,False,2.86
2024-07-13,TXN001141,SKU000,Coffee 01,CUST0117,5.1,1,Coffee,B1,M,F1,False,3.06
2024-07-13,TXN001141,SKU051,Bakery 07,CUST0117,10.87,1,Bakery,B1,M,F4,False,6.52
2024-07-14,TXN000053,SKU000,Coffee 01,CUST0003,5.1,2,Coffee,B1,M,F1,False,3.06
2024-07-14,TXN000053,SKU034,Beverages 05,CUST0003,13.18,3,Beverages,B2,M,F3,False,7.91
2024-07-14,TXN000098,SKU000,Coffee 01,CUST0007,5.1,2,Coffee,B1,M,F1,False,3.06
2024-07-14,TXN000098,SKU008,Coffee 02,CUST0007,13.87,1,Coffee,B3,M,F1,False,8.32
2024-07-14,TXN000100,SKU012,Dairy 02,CUST0008,2.47,3,Dairy,B1,S,F1,False,1.48
2024-07-14,TXN000100,SKU016,Coffee 03,CUST0008,10.8,3,Coffee,B2,L,F1,False,6.48
2024-07-14,TXN000100,SKU007,Pet 01,CUST0008,12.11,1,Pet,B2,L,F4,False,7.27
2024-07-14,TXN000100,SKU019,Bakery 03,CUST0008,6.44,2,Bakery,B2,L,F4,False,3.86
2024-07-14,TXN000183,SKU010,Beverages 02,CUST0018,4.77,2,Beverages,B2,M,F3,False,2.86
2024-07-14,TXN000183,SKU025,Snacks 04,CUST0018,6.63,1,Snacks,B2,M,F2,False,3.98
2024-07-14,TXN000619,SKU010,Beverages 02,CUST0061,4.77,3,Beverages,B2,M,F3,False,2.86
2024-07-14,TXN000619,SKU025,Snacks 04,CUST0061,6.63,1,Snacks,B2,M,F2,False,3.98
2024-07-14,TXN001098,SKU001,Snacks 01,CUST0112,8.26,1,Snacks,B2,L,F2,False,4.96
2024-07-14,TXN001098,SKU006,Personal Care 01,CUST0112,6.63,3,Personal Care,B1,S,F3,False,3.98
2024-07-14,TXN001098,SKU002,Beverages 01,CUST0112,5.73,1,Beverages,B3,M,F3,False,3.44
2024-07-15,TXN000193,SKU007,Pet 01,CUST0018,12.11,1,Pet,B2,L,F4,False,7.27
2024-07-15,TXN000193,SKU015,Pet 02,CUST0018,14.75,3,Pet,B1,M,F4,False,8.85
2024-07-15,TXN000193,SKU021,Household 03,CUST0018,5.84,3,Household,B1,S,F2,False,3.5
2024-07-15,TXN000193,SKU022,Personal Care 03,CUST0018,6.25,1,Personal Care,B2,M,F3,False,3.75
2024-07-15,TXN000193,SKU029,Household 04,CUST0018,14.03,3,Household,B3,M,F2,False,8.42
2024-07-15,TXN000193,SKU058,Beverages 08,CUST0018,4.61,1,Beverages,B2,L,F3,False,2.77
2024-07-15,TXN000196,SKU018,Beverages 03,CUST0019,6.03,1,Beverages,B1,M,F3,False,3.62
2024-07-15,TXN000196,SKU033,Snacks 05,CUST0019,6.13,3,Snacks,B1,S,F2,False,3.68
2024-07-15,TXN000196,SKU041,Snacks 06,CUST0019,6.25,2,Snacks,B3,L,F2,False,3.75
2024-07-15,TXN000196,SKU050,Beverages 07,CUST0019,6.6,3,Beverages,B3,M,F3,False,3.96
2024-07-15,TXN000196,SKU001,Snacks 01,CUST0019,8.26,1,Snacks,B2,L,F2,False,4.96
2024-07-15,TXN000196,SKU003,Bakery 01,CUST0019,7.92,3,Bakery,B1,S,F4,False,4.75
2024-07-15,TXN000218,SKU013,Household 02,CUST0021,5.73,3,Household,B2,M,F2,False,3.44
2024-07-15,TXN000218,SKU030,Personal Care 04,CUST0021,10.58,3,Personal Care,B1,M,F3,False,6.35
2024-07-15,TXN000218,SKU000,Coffee 01,CUST0021,5.1,1,Coffee,B1,M,F1,False,3.06
2024-07-15,TXN000218,SKU019,Bakery 03,CUST0021,6.44,2,Bakery,B2,L,F4,False,3.86
2024-07-15,TXN000218,SKU001,Snacks 01,CUST0021,8.26,3,Snacks,B2,L,F2,False,4.96
2024-07-15,TXN000235,SKU000,Coffee 01,CUST0022,5.1,3,Coffee,B1,M,F1,False,3.06
2024-07-15,TXN000235,SKU029,Household 04,CUST0022,14.03,3,Household,B3,M,F2,False,8.42
2024-07-15,TXN000235,SKU009,Snacks 02,CUST0022,3.57,2,Snacks,B1,M,F2,False,2.14
2024-07-15,TXN000280,SKU003,Bakery 01,CUST0027,7.92,1,Bakery,B1,S,F4,False,4.75
2024-07-15,TXN000280,SKU008,Coffee 02,CUST0027,13.87,2,Coffee,B3,M,F1,False,8.32
2024-07-15,TXN000285,SKU012,Dairy 02,CUST0028,2.47,2,Dairy,B1,S,F1,False,1.48
2024-07-15,TXN000285,SKU013,Household 02,CUST0028,5.73,3,Household,B2,M,F2,False,3.44
2024-07-15,TXN000285,SKU001,Snacks 01,CUST0028,8.26,2,Snacks,B2,L,F2,False,4.96
2024-07-15,TXN000367,SKU003,Bakery 01,CUST0036,7.92,1,Bakery,B1,S,F4,False,4.75
2024-07-15,TXN000367,SKU001,Snacks 01,CUST0036,8.26,2,Snacks,B2,L,F2,False,4.96
2024-07-15,TXN000367,SKU034,Beverages 05,CUST0036,13.18,1,Beverages,B2,M,F3,False,7.91
2024-07-15,TXN000791,SKU002,Beverages 01,CUST0079,5.73,3,Beverages,B3,M,F3,False,3.44
2024-07-15,TXN000791,SKU015,Pet 02,CUST0079,14.75,2,Pet,B1,M,F4,False,8.85
2024-07-15,TXN000791,SKU008,Coffee 02,CUST0079,13.87,3,Coffee,B3,M,F1,False,8.32
2024-07-15,TXN000791,SKU010,Beverages 02,CUST0079,4.77,3,Beverages,B2,M,F3,False,2.86
2024-07-15,TXN000791,SKU007,Pet 01,CUST0079,12.11,1,Pet,B2,L,F4,False,7.27
2024-07-15,TXN000898,SKU008,Coffee 02,CUST0090,13.87,3,Coffee,B3,M,F1,False,8.32
2024-07-15,TXN000898,SKU006,Personal Care 01,CUST0090,6.63,1,Personal Care,B1,S,F3,False,3.98
2024-07-15,TXN000898,SKU010,Beverages 02,CUST0090,4.77,1,Beverages,B2,M,F3,False,2.86
2024-07-15,TXN000898,SKU001,Snacks 01,CUST0090,8.26,3,Snacks,B2,L,F2,False,4.96
2024-07-15,TXN000898,SKU024,Coffee 04,CUST0090,6.91,2,Coffee,B1,S,F1,False,4.15
2024-07-15,TXN000898,SKU030,Personal Care 04,CUST0090,10.58,3,Personal Care,B1,M,F3,False,6.35
2024-07-15,TXN000981,SKU023,Pet 03,CUST0099,8.97,2,Pet,B3,S,F4,False,5.38
2024-07-15,TXN000981,SKU003,Bakery 01,CUST0099,7.92,2,Bakery,B1,S,F4,False,4.75
2024-07-15,TXN000981,SKU000,Coffee 01,CUST0099,5.1,2,Coffee,B1,M,F1,False,3.06
2024-07-15,TXN000981,SKU001,Snacks 01,CUST0099,8.26,1,Snacks,B2,L,F2,False,4.96
2024-07-15,TXN000981,SKU022,Personal Care 03,CUST0099,6.25,1,Personal Care,B2,M,F3,False,3.75
2024-07-15,TXN001043,SKU008,Coffee 02,CUST0106,13.87,2,Coffee,B3,M,F1,False,8.32
2024-07-15,TXN001043,SKU018,Beverages 03,CUST0106,6.03,3,Beverages,B1,M,F3,False,3.62
2024-07-15,TXN001043,SKU001,Snacks 01,CUST0106,8.26,3,Snacks,B2,L,F2,False,4.96
2024-07-15,TXN001146,SKU000,Coffee 01,CUST0117,5.1,3,Coffee,B1,M,F1,False,3.06
2024-07-15,TXN001146,SKU010,Beverages 02,CUST0117,4.77,2,Beverages,B2,M,F3,False,2.86
2024-07-15,TXN001146,SKU006,Personal Care 01,CUST0117,6.63,2,Personal Care,B1,S,F3,False,3.98
2024-07-15,TXN001146,SKU027,Bakery 04,CUST0117,7.34,2,Bakery,B1,L,F4,False,4.4
2024-07-16,TXN000363,SKU001,Snacks 01,CUST0036,8.26,1,Snacks,B2,L,F2,False,4.96
2024-07-16,TXN000363,SKU055,Pet 07,CUST0036,7.53,3,Pet,B2,S,F4,False,4.52
2024-07-16,TXN000670,SKU018,Beverages 03,CUST0067,6.03,3,Beverages,B1,M,F3,False,3.62
2024-07-16,TXN000670,SKU033,Snacks 05,CUST0067,6.13,2,Snacks,B1,S,F2,False,3.68
2024-07-16,TXN000670,SKU041,Snacks 06,CUST0067,6.25,3,Snacks,B3,L,F2,False,3.75
2024-07-16,TXN000694,SKU008,Coffee 02,CUST0069,13.87,3,Coffee,B3,M,F1,False,8.32
2024-07-16,TXN000694,SKU012,Dairy 02,CUST0069,2.47,2,Dairy,B1,S,F1,False,1.48
2024-07-16,TXN000694,SKU001,Snacks 01,CUST0069,8.26,1,Snacks,B2,L,F2,False,4.96
2024-07-16,TXN000694,SKU007,Pet 01,CUST0069,12.11,2,Pet,B2,L,F4,False,7.27
2024-07-16,TXN000824,SKU001,Snacks 01,CUST0082,8.26,3,Snacks,B2,L,F2,False,4.96
2024-07-16,TXN000824,SKU000,Coffee 01,CUST0082,5.1,2,Coffee,B1,M,F1,False,3.06
2024-07-16,TXN000824,SKU002,Beverages 01,CUST0082,5.73,3,Beverages,B3,M,F3,False,3.44
2024-07-16,TXN000824,SKU004,Dairy 01,CUST0082,3.85,2,Dairy,B2,M,F1,False,2.31
2024-07-16,TXN000824,SKU007,Pet 01,CUST0082,12.11,3,Pet,B2,L,F4,False,7.27
2024-07-16,TXN000867,SKU018,Beverages 03,CUST0087,6.03,3,Beverages,B1,M,F3,False,3.62
2024-07-16,TXN000867,SKU033,Snacks 05,CUST0087,6.13,1,Snacks,B1,S,F2,False,3.68
2024-07-16,TXN000867,SKU041,Snacks 06,CUST0087,6.25,2,Snacks,B3,L,F2,False,3.75
2024-07-16,TXN001079,SKU024,Coffee 04,CUST0109,6.91,3,Coffee,B1,S,F1,False,4.15
2024-07-16,TXN001079,SKU019,Bakery 03,CUST0109,6.44,3,Bakery,B2,L,F4,False,3.86
2024-07-16,TXN001079,SKU028,Dairy 04,CUST0109,5.79,3,Dairy,B2,M,F1,False,3.47
2024-07-17,TXN000134,SKU057,Snacks 08,CUST0012,8.52,3,Snacks,B1,M,F2,False,5.11
2024-07-17,TXN000134,SKU059,Bakery 08,CUST0012,12.61,1,Bakery,B3,M,F4,False,7.57
2024-07-17,TXN000134,SKU005,Household 01,CUST0012,5.37,1,Household,B3,L,F2,False,3.22
2024-07-17,TXN000164,SKU009,Snacks 02,CUST0015,3.57,2,Snacks,B1,M,F2,False,2.14
2024-07-17,TXN000164,SKU000,Coffee 01,CUST0015,5.1,1,Coffee,B1,M,F1,False,3.06
2024-07-17,TXN000164,SKU004,Dairy 01,CUST0015,3.85,2,Dairy,B2,M,F1,False,2.31
2024-07-17,TXN000164,SKU005,Household 01,CUST0015,5.37,1,Household,B3,L,F2,False,3.22
2024-07-17,TXN000164,SKU001,Snacks 01,CUST0015,8.26,2,Snacks,B2,L,F2,False,4.96
2024-07-17,TXN000320,SKU000,Coffee 01,CUST0033,5.1,3,Coffee,B1,M,F1,False,3.06
2024-07-17,TXN000320,SKU007,Pet 01,CUST0033,12.11,2,Pet,B2,L,F4,False,7.27
2024-07-17,TXN000320,SKU004,Dairy 01,CUST0033,3.85,2,Dairy,B2,M,F1,False,2.31
2024-07-17,TXN000320,SKU009,Snacks 02,CUST0033,3.57,1,Snacks,B1,M,F2,False,2.14
2024-07-17,TXN000378,SKU030,Personal Care 04,CUST0037,10.58,3,Personal Care,B1,M,F3,False,6.35
2024-07-17,TXN000378,SKU000,Coffee 01,CUST0037,5.1,2,Coffee,B1,M,F1,False,3.06
2024-07-17,TXN000512,SKU026,Beverages 04,CUST0051,4.0,1,Beverages,B3,M,F3,False,2.4
2024-07-17,TXN000512,SKU006,Personal Care 01,CUST0051,6.63,3,Personal Care,B1,S,F3,False,3.98
2024-07-17,TXN000512,SKU009,Snacks 02,CUST0051,3.57,3,Snacks,B1,M,F2,False,2.14
2024-07-17,TXN000512,SKU000,Coffee 01,CUST0051,5.1,1,Coffee,B1,M,F1,False,3.06
2024-07-17,TXN000512,SKU017,Snacks 03,CUST0051,6.17,2,Snacks,B3,M,F2,False,3.7
2024-07-17,TXN000512,SKU028,Dairy 04,CUST0051,5.79,3,Dairy,B2,M,F1,False,3.47
2024-07-17,TXN000595,SKU000,Coffee 01,CUST0060,5.1,2,Coffee,B1,M,F1,False,3.06
2024-07-17,TXN000595,SKU008,Coffee 02,CUST0060,13.87,2,Coffee,B3,M,F1,False,8.32
2024-07-17,TXN000672,SKU000,Coffee 01,CUST0067,5.1,2,Coffee,B1,M,F1,False,3.06
2024-07-17,TXN000672,SKU009,Snacks 02,CUST0067,3.57,3,Snacks,B1,M,F2,False,2.14
2024-07-17,TXN000672,SKU005,Household 01,CUST0067,5.37,2,Household,B3,L,F2,False,3.22
2024-07-17,TXN000672,SKU001,Snacks 01,CUST0067,8.26,3,Snacks,B2,L,F2,False,4.96
2024-07-17,TXN000672,SKU039,Pet 05,CUST0067,2.92,3,Pet,B1,S,F4,False,1.75
2024-07-17,TXN000821,SKU006,Personal Care 01,CUST0082,6.63,2,Personal Care,B1,S,F3,False,3.98
2024-07-17,TXN000821,SKU014,Personal Care 02,CUST0082,7.0,1,Personal Care,B3,M,F3,False,4.2
2024-07-17,TXN000861,SKU027,Bakery 04,CUST0087,7.34,1,Bakery,B1,L,F4,False,4.4
2024-07-17,TXN000861,SKU000,Coffee 01,CUST0087,5.1,1,Coffee,B1,M,F1,False,3.06
2024-07-17,TXN000861,SKU033,Snacks 05,CUST0087,6.13,1,Snacks,B1,S,F2,False,3.68
2024-07-17,TXN000861,SKU004,Dairy 01,CUST0087,3.85,1,Dairy,B2,M,F1,False,2.31
2024-07-17,TXN000910,SKU000,Coffee 01,CUST0091,5.1,1,Coffee,B1,M,F1,False,3.06
2024-07-17,TXN000910,SKU001,Snacks 01,CUST0091,8.26,3,Snacks,B2,L,F2,False,4.96
2024-07-17,TXN000920,SKU000,Coffee 01,CUST0093,5.1,1,Coffee,B1,M,F1,False,3.06
2024-07-17,TXN000920,SKU001,Snacks 01,CUST0093,8.26,3,Snacks,B2,L,F2,False,4.96
2024-07-17,TXN000978,SKU002,Beverages 01,CUST0099,5.73,1,Beverages,B3,M,F3,False,3.44
2024-07-17,TXN000978,SKU003,Bakery 01,CUST0099,7.92,1,Bakery,B1,S,F4,False,4.75
2024-07-17,TXN000978,SKU031,Pet 04,CUST0099,7.29,1,Pet,B2,S,F4,False,4.37
2024-07-17,TXN000978,SKU000,Coffee 01,CUST0099,5.1,3,Coffee,B1,M,F1,False,3.06
2024-07-17,TXN000978,SKU013,Household 02,CUST0099,5.73,3,Household,B2,M,F2,False,3.44
2024-07-17,TXN001010,SKU000,Coffee 01,CUST0102,5.1,3,Coffee,B1,M,F1,False,3.06
2024-07-17,TXN001010,SKU006,Personal Care 01,CUST0102,6.63,1,Personal Care,B1,S,F3,False,3.98
2024-07-17,TXN001010,SKU023,Pet 03,CUST0102,8.97,2,Pet,B3,S,F4,False,5.38
2024-07-18,TXN000073,SKU037,Household 05,CUST0006,3.63,2,Household,B2,S,F2,False,2.18
2024-07-18,TXN000073,SKU015,Pet 02,CUST0006,14.75,2,Pet,B1,M,F4,False,8.85
2024-07-18,TXN000073,SKU050,Beverages 07,CUST0006,6.6,3,Beverages,B3,M,F3,False,3.96
2024-07-18,TXN000073,SKU021,Household 03,CUST0006,5.84,3,Household,B1,S,F2,False,3.5
2024-07-18,TXN000073,SKU031,Pet 04,CUST0006,7.29,2,Pet,B2,S,F4,False,4.37
2024-07-18,TXN000073,SKU000,Coffee 01,CUST0006,5.1,2,Coffee,B1,M,F1,False,3.06
2024-07-18,TXN000721,SKU000,Coffee 01,CUST0073,5.1,1,Coffee,B1,M,F1,False,3.06
2024-07-18,TXN000721,SKU010,Beverages 02,CUST0073,4.77,3,Beverages,B2,M,F3,False,2.86
2024-07-18,TXN000721,SKU009,Snacks 02,CUST0073,3.57,3,Snacks,B1,M,F2,False,2.14
2024-07-18,TXN000721,SKU011,Bakery 02,CUST0073,10.55,3,Bakery,B3,S,F4,False,6.33
2024-07-18,TXN000721,SKU020,Dairy 03,CUST0073,17.08,3,Dairy,B3,S,F1,False,10.25
2024-07-18,TXN000721,SKU002,Beverages 01,CUST0073,5.73,3,Beverages,B3,M,F3,False,3.44
2024-07-18,TXN001115,SKU000,Coffee 01,CUST0114,5.1,1,Coffee,B1,M,F1,False,3.06
2024-07-18,TXN001115,SKU007,Pet 01,CUST0114,12.11,1,Pet,B2,L,F4,False,7.27
2024-07-18,TXN001115,SKU013,Household 02,CUST0114,5.73,3,Household,B2,M,F2,False,3.44
2024-07-18,TXN001115,SKU015,Pet 02,CUST0114,14.75,1,Pet,B1,M,F4,False,8.85
2024-07-18,TXN001133,SKU011,Bakery 02,CUST0115,10.55,1,Bakery,B3,S,F4,False,6.33
2024-07-18,TXN001133,SKU020,Dairy 03,CUST0115,17.08,1,Dairy,B3,S,F1,False,10.25
2024-07-18,TXN001133,SKU016,Coffee 03,CUST0115,10.8,2,Coffee,B2,L,F1,False,6.48
2024-07-18,TXN001133,SKU009,Snacks 02,CUST0115,3.57,1,Snacks,B1,M,F2,False,2.14
2024-07-19,TXN000151,SKU011,Bakery 02,CUST0013,10.55,2,Bakery,B3,S,F4,False,6.33
2024-07-19,TXN000151,SKU020,Dairy 03,CUST0013,17.08,2,Dairy,B3,S,F1,False,10.25
2024-07-19,TXN000151,SKU016,Coffee 03,CUST0013,10.8,1,Coffee,B2,L,F1,False,6.48
2024-07-19,TXN000825,SKU001,Snacks 01,CUST0083,8.26,3,Snacks,B2,L,F2,False,4.96
2024-07-19,TXN000825,SKU007,Pet 01,CUST0083,12.11,1,Pet,B2,L,F4,False,7.27
2024-07-19,TXN000868,SKU002,Beverages 01,CUST0087,5.73,1,Beverages,B3,M,F3,False,3.44
2024-07-19,TXN000868,SKU004,Dairy 01,CUST0087,3.85,1,Dairy,B2,M,F1,False,2.31
2024-07-19,TXN000868,SKU005,Household 01,CUST0087,5.37,2,Household,B3,L,F2,False,3.22
2024-07-19,TXN000972,SKU005,Household 01,CUST0099,5.37,1,Household,B3,L,F2,False,3.22
2024-07-19,TXN000972,SKU000,Coffee 01,CUST0099,5.1,1,Coffee,B1,M,F1,False,3.06
2024-07-19,TXN000972,SKU008,Coffee 02,CUST0099,13.87,1,Coffee,B3,M,F1,False,8.32
2024-07-19,TXN000972,SKU027,Bakery 04,CUST0099,7.34,3,Bakery,B1,L,F4,False,4.4
2024-07-19,TXN000972,SKU043,Bakery 06,CUST0099,8.09,3,Bakery,B2,L,F4,False,4.85
2024-07-19,TXN000972,SKU026,Beverages 04,CUST0099,4.0,3,Beverages,B3,M,F3,False,2.4
2024-07-19,TXN001022,SKU017,Snacks 03,CUST0103,6.17,2,Snacks,B3,M,F2,False,3.7
2024-07-19,TXN001022,SKU033,Snacks 05,CUST0103,6.13,1,Snacks,B1,S,F2,False,3.68
2024-07-19,TXN001022,SKU015,Pet 02,CUST0103,14.75,3,Pet,B1,M,F4,False,8.85
2024-07-19,TXN001022,SKU048,Coffee 07,CUST0103,9.69,3,Coffee,B1,M,F1,False,5.81
2024-07-19,TXN001060,SKU008,Coffee 02,CUST0108,13.87,3,Coffee,B3,M,F1,False,8.32
2024-07-19,TXN001060,SKU000,Coffee 01,CUST0108,5.1,2,Coffee,B1,M,F1,False,3.06
2024-07-20,TXN000003,SKU051,Bakery 07,CUST0000,10.87,2,Bakery,B1,M,F4,False,6.52
2024-07-20,TXN000003,SKU002,Beverages 01,CUST0000,5.73,3,Beverages,B3,M,F3,False,3.44
2024-07-20,TXN000003,SKU004,Dairy 01,CUST0000,3.85,3,Dairy,B2,M,F1,False,2.31
2024-07-20,TXN000003,SKU000,Coffee 01,CUST0000,5.1,2,Coffee,B1,M,F1,False,3.06
2024-07-20,TXN000003,SKU001,Snacks 01,CUST0000,8.26,1,Snacks,B2,L,F2,False,4.96
2024-07-20,TXN000481,SKU029,Household 04,CUST0048,14.03,2,Household,B3,M,F2,False,8.42
2024-07-20,TXN000481,SKU001,Snacks 01,CUST0048,8.26,2,Snacks,B2,L,F2,False,4.96
2024-07-20,TXN000481,SKU048,Coffee 07,CUST0048,9.69,3,Coffee,B1,M,F1,False,5.81
2024-07-20,TXN000481,SKU003,Bakery 01,CUST0048,7.92,2,Bakery,B1,S,F4,False,4.75
2024-07-20,TXN001114,SKU007,Pet 01,CUST0114,12.11,2,Pet,B2,L,F4,False,7.27
2024-07-20,TXN001114,SKU001,Snacks 01,CUST0114,8.26,1,Snacks,B2,L,F2,False,4.96
2024-07-20,TXN001114,SKU024,Coffee 04,CUST0114,6.91,1,Coffee,B1,S,F1,False,4.15
2024-07-20,TXN001114,SKU000,Coffee 01,CUST0114,5.1,2,Coffee,B1,M,F1,False,3.06
2024-07-20,TXN001114,SKU010,Beverages 02,CUST0114,4.77,2,Beverages,B2,M,F3,False,2.86
2024-07-21,TXN000006,SKU006,Personal Care 01,CUST0000,6.63,3,Personal Care,B1,S,F3,False,3.98
2024-07-21,TXN000006,SKU007,Pet 01,CUST0000,12.11,3,Pet,B2,L,F4,False,7.27
2024-07-21,TXN000050,SKU000,Coffee 01,CUST0003,5.1,1,Coffee,B1,M,F1,False,3.06
2024-07-21,TXN000050,SKU023,Pet 03,CUST0003,8.97,2,Pet,B3,S,F4,False,5.38
2024-07-21,TXN000050,SKU042,Beverages 06,CUST0003,4.5,1,Beverages,B1,M,F3,False,2.7
2024-07-21,TXN000050,SKU020,Dairy 03,CUST0003,17.08,2,Dairy,B3,S,F1,False,10.25
2024-07-21,TXN000050,SKU014,Personal Care 02,CUST0003,7.0,1,Personal Care,B3,M,F3,False,4.2
2024-07-21,TXN000050,SKU027,Bakery 04,CUST0003,7.34,1,Bakery,B1,L,F4,False,4.4
2024-07-21,TXN000108,SKU001,Snacks 01,CUST0009,8.26,1,Snacks,B2,L,F2,False,4.96
2024-07-21,TXN000108,SKU019,Bakery 03,CUST0009,6.44,3,Bakery,B2,L,F4,False,3.86
2024-07-21,TXN000547,SKU000,Coffee 01,CUST0054,5.1,2,Coffee,B1,M,F1,False,3.06
2024-07-21,TXN000547,SKU001,Snacks 01,CUST0054,8.26,2,Snacks,B2,L,F2,False,4.96
2024-07-21,TXN000547,SKU004,Dairy 01,CUST0054,3.85,3,Dairy,B2,M,F1,False,2.31
2024-07-21,TXN000547,SKU058,Beverages 08,CUST0054,4.61,2,Beverages,B2,L,F3,False,2.77
2024-07-21,TXN000547,SKU040,Coffee 06,CUST0054,2.41,1,Coffee,B2,S,F1,False,1.45
2024-07-21,TXN000547,SKU028,Dairy 04,CUST0054,5.79,3,Dairy,B2,M,F1,False,3.47
2024-07-21,TXN000806,SKU002,Beverages 01,CUST0081,5.73,3,Beverages,B3,M,F3,False,3.44
2024-07-21,TXN000806,SKU020,Dairy 03,CUST0081,17.08,3,Dairy,B3,S,F1,False,10.25
2024-07-21,TXN000806,SKU016,Coffee 03,CUST0081,10.8,3,Coffee,B2,L,F1,False,6.48
2024-07-21,TXN000806,SKU015,Pet 02,CUST0081,14.75,3,Pet,B1,M,F4,False,8.85
2024-07-21,TXN001067,SKU000,Coffee 01,CUST0108,5.1,3,Coffee,B1,M,F1,False,3.06
2024-07-21,TXN001067,SKU004,Dairy 01,CUST0108,3.85,3,Dairy,B2,M,F1,False,2.31
2024-07-21,TXN001067,SKU003,Bakery 01,CUST0108,7.92,1,Bakery,B1,S,F4,False,4.75
2024-07-21,TXN001067,SKU037,Household 05,CUST0108,3.63,2,Household,B2,S,F2,False,2.18
2024-07-21,TXN001071,SKU000,Coffee 01,CUST0108,5.1,1,Coffee,B1,M,F1,False,3.06
2024-07-21,TXN001071,SKU007,Pet 01,CUST0108,12.11,1,Pet,B2,L,F4,False,7.27
2024-07-21,TXN001071,SKU001,Snacks 01,CUST0108,8.26,3,Snacks,B2,L,F2,False,4.96
2024-07-22,TXN000167,SKU000,Coffee 01,CUST0015,5.1,2,Coffee,B1,M,F1,False,3.06
2024-07-22,TXN000167,SKU006,Personal Care 01,CUST0015,6.63,2,Personal Care,B1,S,F3,False,3.98
2024-07-22,TXN000167,SKU058,Beverages 08,CUST0015,4.61,3,Beverages,B2,L,F3,False,2.77
2024-07-22,TXN000204,SKU000,Coffee 01,CUST0021,5.1,3,Coffee,B1,M,F1,False,3.06
2024-07-22,TXN000204,SKU001,Snacks 01,CUST0021,8.26,3,Snacks,B2,L,F2,False,4.96
2024-07-22,TXN000204,SKU005,Household 01,CUST0021,5.37,3,Household,B3,L,F2,False,3.22
2024-07-22,TXN000204,SKU008,Coffee 02,CUST0021,13.87,3,Coffee,B3,M,F1,False,8.32
2024-07-22,TXN000204,SKU003,Bakery 01,CUST0021,7.92,3,Bakery,B1,S,F4,False,4.75
2024-07-22,TXN000359,SKU007,Pet 01,CUST0036,12.11,2,Pet,B2,L,F4,False,7.27
2024-07-22,TXN000359,SKU015,Pet 02,CUST0036,14.75,3,Pet,B1,M,F4,False,8.85
2024-07-22,TXN000359,SKU021,Household 03,CUST0036,5.84,2,Household,B1,S,F2,False,3.5
2024-07-22,TXN000712,SKU005,Household 01,CUST0072,5.37,2,Household,B3,L,F2,False,3.22
2024-07-22,TXN000712,SKU009,Snacks 02,CUST0072,3.57,2,Snacks,B1,M,F2,False,2.14
2024-07-23,TXN000049,SKU024,Coffee 04,CUST0003,6.91,2,Coffee,B1,S,F1,False,4.15
2024-07-23,TXN000049,SKU019,Bakery 03,CUST0003,6.44,3,Bakery,B2,L,F4,False,3.86
2024-07-23,TXN000049,SKU028,Dairy 04,CUST0003,5.79,3,Dairy,B2,M,F1,False,3.47
2024-07-23,TXN000095,SKU001,Snacks 01,CUST0007,8.26,3,Snacks,B2,L,F2,False,4.96
2024-07-23,TXN000095,SKU003,Bakery 01,CUST0007,7.92,3,Bakery,B1,S,F4,False,4.75
2024-07-23,TXN000095,SKU000,Coffee 01,CUST0007,5.1,1,Coffee,B1,M,F1,False,3.06
2024-07-23,TXN000095,SKU002,Beverages 01,CUST0007,5.73,3,Beverages,B3,M,F3,False,3.44
2024-07-23,TXN000095,SKU016,Coffee 03,CUST0007,10.8,3,Coffee,B2,L,F1,False,6.48
2024-07-23,TXN000237,SKU017,Snacks 03,CUST0022,6.17,2,Snacks,B3,M,F2,False,3.7
2024-07-23,TXN000237,SKU002,Beverages 01,CUST0022,5.73,1,Beverages,B3,M,F3,False,3.44
2024-07-23,TXN000237,SKU000,Coffee 01,CUST0022,5.1,3,Coffee,B1,M,F1,False,3.06
2024-07-23,TXN000461,SKU003,Bakery 01,CUST0045,7.92,1,Bakery,B1,S,F4,False,4.75
2024-07-23,TXN000461,SKU000,Coffee 01,CUST0045,5.1,3,Coffee,B1,M,F1,False,3.06
2024-07-23,TXN000461,SKU049,Snacks 07,CUST0045,6.71,2,Snacks,B2,L,F2,False,4.03
2024-07-23,TXN000461,SKU016,Coffee 03,CUST0045,10.8,1,Coffee,B2,L,F1,False,6.48
2024-07-23,TXN000461,SKU041,Snacks 06,CUST0045,6.25,3,Snacks,B3,L,F2,False,3.75
2024-07-23,TXN000461,SKU015,Pet 02,CUST0045,14.75,1,Pet,B1,M,F4,False,8.85
2024-07-23,TXN000473,SKU000,Coffee 01,CUST0046,5.1,2,Coffee,B1,M,F1,False,3.06
2024-07-23,TXN000473,SKU004,Dairy 01,CUST0046,3.85,1,Dairy,B2,M,F1,False,2.31
2024-07-23,TXN000473,SKU003,Bakery 01,CUST0046,7.92,2,Bakery,B1,S,F4,False,4.75
2024-07-23,TXN000473,SKU001,Snacks 01,CUST0046,8.26,1,Snacks,B2,L,F2,False,4.96
2024-07-24,TXN000052,SKU000,Coffee 01,CUST0003,5.1,1,Coffee,B1,M,F1,False,3.06
2024-07-24,TXN000052,SKU001,Snacks 01,CUST0003,8.26,3,Snacks,B2,L,F2,False,4.96
2024-07-24,TXN000052,SKU014,Personal Care 02,CUST0003,7.0,2,Personal Care,B3,M,F3,False,4.2
2024-07-24,TXN000052,SKU054,Personal Care 07,CUST0003,7.07,2,Personal Care,B1,M,F3,False,4.24
2024-07-24,TXN000214,SKU038,Personal Care 05,CUST0021,8.94,3,Personal Care,B3,L,F3,False,5.36
2024-07-24,TXN000214,SKU042,Beverages 06,CUST0021,4.5,1,Beverages,B1,M,F3,False,2.7
2024-07-24,TXN000310,SKU048,Coffee 07,CUST0030,9.69,1,Coffee,B1,M,F1,False,5.81
2024-07-24,TXN000310,SKU001,Snacks 01,CUST0030,8.26,1,Snacks,B2,L,F2,False,4.96
2024-07-24,TXN000310,SKU013,Household 02,CUST0030,5.73,1,Household,B2,M,F2,False,3.44
2024-07-24,TXN000310,SKU000,Coffee 01,CUST0030,5.1,2,Coffee,B1,M,F1,False,3.06
2024-07-24,TXN000329,SKU000,Coffee 01,CUST0033,5.1,2,Coffee,B1,M,F1,False,3.06
2024-07-24,TXN000329,SKU004,Dairy 01,CUST0033,3.85,1,Dairy,B2,M,F1,False,2.31
2024-07-24,TXN000329,SKU003,Bakery 01,CUST0033,7.92,2,Bakery,B1,S,F4,False,4.75
2024-07-24,TXN000329,SKU014,Personal Care 02,CUST0033,7.0,3,Personal Care,B3,M,F3,False,4.2
2024-07-24,TXN000591,SKU002,Beverages 01,CUST0060,5.73,1,Beverages,B3,M,F3,False,3.44
2024-07-24,TXN000591,SKU009,Snacks 02,CUST0060,3.57,1,Snacks,B1,M,F2,False,2.14
2024-07-24,TXN000591,SKU017,Snacks 03,CUST0060,6.17,3,Snacks,B3,M,F2,False,3.7
2024-07-24,TXN000591,SKU003,Bakery 01,CUST0060,7.92,2,Bakery,B1,S,F4,False,4.75
2024-07-24,TXN000591,SKU001,Snacks 01,CUST0060,8.26,1,Snacks,B2,L,F2,False,4.96
2024-07-24,TXN001009,SKU000,Coffee 01,CUST0102,5.1,2,Coffee,B1,M,F1,False,3.06
2024-07-24,TXN001009,SKU002,Beverages 01,CUST0102,5.73,2,Beverages,B3,M,F3,False,3.44
2024-07-24,TXN001009,SKU015,Pet 02,CUST0102,14.75,1,Pet,B1,M,F4,False,8.85
2024-07-24,TXN001136,SKU004,Dairy 01,CUST0115,3.85,1,Dairy,B2,M,F1,False,2.31
2024-07-24,TXN001136,SKU017,Snacks 03,CUST0115,6.17,2,Snacks,B3,M,F2,False,3.7
2024-07-24,TXN001136,SKU006,Personal Care 01,CUST0115,6.63,1,Personal Care,B1,S,F3,False,3.98
2024-07-24,TXN001136,SKU000,Coffee 01,CUST0115,5.1,1,Coffee,B1,M,F1,False,3.06
2024-07-24,TXN001136,SKU001,Snacks 01,CUST0115,8.26,3,Snacks,B2,L,F2,False,4.96
2024-07-24,TXN001136,SKU034,Beverages 05,CUST0115,13.18,3,Beverages,B2,M,F3,False,7.91
2024-07-25,TXN000138,SKU000,Coffee 01,CUST0012,5.1,1,Coffee,B1,M,F1,False,3.06
2024-07-25,TXN000138,SKU004,Dairy 01,CUST0012,3.85,1,Dairy,B2,M,F1,False,2.31
2024-07-25,TXN000138,SKU003,Bakery 01,CUST0012,7.92,2,Bakery,B1,S,F4,False,4.75
2024-07-25,TXN000138,SKU020,Dairy 03,CUST0012,17.08,2,Dairy,B3,S,F1,False,10.25
2024-07-25,TXN000396,SKU005,Household 01,CUST0039,5.37,3,Household,B3,L,F2,False,3.22
2024-07-25,TXN000396,SKU052,Dairy 07,CUST0039,9.84,2,Dairy,B2,S,F1,False,5.9
2024-07-25,TXN000396,SKU018,Beverages 03,CUST0039,6.03,1,Beverages,B1,M,F3,False,3.62
2024-07-25,TXN000396,SKU006,Personal Care 01,CUST0039,6.63,1,Personal Care,B1,S,F3,False,3.98
2024-07-25,TXN000546,SKU002,Beverages 01,CUST0054,5.73,1,Beverages,B3,M,F3,False,3.44
2024-07-25,TXN000546,SKU001,Snacks 01,CUST0054,8.26,3,Snacks,B2,L,F2,False,4.96
2024-07-25,TXN000546,SKU010,Beverages 02,CUST0054,4.77,1,Beverages,B2,M,F3,False,2.86
2024-07-25,TXN000974,SKU010,Beverages 02,CUST0099,4.77,1,Beverages,B2,M,F3,False,2.86
2024-07-25,TXN000974,SKU025,Snacks 04,CUST0099,6.63,1,Snacks,B2,M,F2,False,3.98
2024-07-26,TXN000068,SKU029,Household 04,CUST0006,14.03,2,Household,B3,M,F2,False,8.42
2024-07-26,TXN000068,SKU006,Personal Care 01,CUST0006,6.63,1,Personal Care,B1,S,F3,False,3.98
2024-07-26,TXN000068,SKU039,Pet 05,CUST0006,2.92,2,Pet,B1,S,F4,False,1.75
2024-07-26,TXN000210,SKU010,Beverages 02,CUST0021,4.77,3,Beverages,B2,M,F3,False,2.86
2024-07-26,TXN000210,SKU025,Snacks 04,CUST0021,6.63,1,Snacks,B2,M,F2,False,3.98
2024-07-26,TXN000210,SKU001,Snacks 01,CUST0021,8.26,1,Snacks,B2,L,F2,False,4.96
2024-07-26,TXN000210,SKU031,Pet 04,CUST0021,7.29,2,Pet,B2,S,F4,False,4.37
2024-07-26,TXN000210,SKU017,Snacks 03,CUST0021,6.17,2,Snacks,B3,M,F2,False,3.7
2024-07-26,TXN000210,SKU035,Bakery 05,CUST0021,7.37,2,Bakery,B3,S,F4,False,4.42
2024-07-26,TXN000271,SKU010,Beverages 02,CUST0026,4.77,2,Beverages,B2,M,F3,False,2.86
2024-07-26,TXN000271,SKU000,Coffee 01,CUST0026,5.1,3,Coffee,B1,M,F1,False,3.06
2024-07-26,TXN000407,SKU047,Pet 06,CUST0039,8.27,3,Pet,B3,M,F4,False,4.96
2024-07-26,TXN000407,SKU004,Dairy 01,CUST0039,3.85,2,Dairy,B2,M,F1,False,2.31
2024-07-26,TXN000407,SKU001,Snacks 01,CUST0039,8.26,3,Snacks,B2,L,F2,False,4.96
2024-07-26,TXN000407,SKU000,Coffee 01,CUST0039,5.1,1,Coffee,B1,M,F1,False,3.06
2024-07-26,TXN000812,SKU027,Bakery 04,CUST0081,7.34,2,Bakery,B1,L,F4,False,4.4
2024-07-26,TXN000812,SKU016,Coffee 03,CUST0081,10.8,3,Coffee,B2,L,F1,False,6.48
2024-07-26,TXN000812,SKU003,Bakery 01,CUST0081,7.92,2,Bakery,B1,S,F4,False,4.75
2024-07-26,TXN000812,SKU031,Pet 04,CUST0081,7.29,3,Pet,B2,S,F4,False,4.37
2024-07-26,TXN000906,SKU008,Coffee 02,CUST0090,9.71,3,Coffee,B3,M,F1,True,5.83
2024-07-26,TXN000906,SKU002,Beverages 01,CUST0090,5.73,2,Beverages,B3,M,F3,False,3.44
2024-07-26,TXN000906,SKU011,Bakery 02,CUST0090,10.55,2,Bakery,B3,S,F4,False,6.33
2024-07-26,TXN000906,SKU053,Household 07,CUST0090,2.93,2,Household,B3,M,F2,True,1.76
2024-07-26,TXN000906,SKU004,Dairy 01,CUST0090,3.85,3,Dairy,B2,M,F1,False,2.31
2024-07-27,TXN000228,SKU000,Coffee 01,CUST0022,5.1,2,Coffee,B1,M,F1,False,3.06
2024-07-27,TXN000228,SKU023,Pet 03,CUST0022,8.97,2,Pet,B3,S,F4,False,5.38
2024-07-27,TXN000228,SKU036,Dairy 05,CUST0022,10.18,3,Dairy,B1,M,F1,False,6.11
2024-07-27,TXN000228,SKU038,Personal Care 05,CUST0022,8.94,1,Personal Care,B3,L,F3,False,5.36
2024-07-27,TXN000933,SKU046,Personal Care 06,CUST0094,5.24,1,Personal Care,B2,S,F3,False,3.14
2024-07-27,TXN000933,SKU000,Coffee 01,CUST0094,5.1,3,Coffee,B1,M,F1,False,3.06
2024-07-27,TXN000933,SKU005,Household 01,CUST0094,5.37,3,Household,B3,L,F2,False,3.22
2024-07-27,TXN000933,SKU002,Beverages 01,CUST0094,5.73,2,Beverages,B3,M,F3,False,3.44
2024-07-27,TXN000933,SKU001,Snacks 01,CUST0094,8.26,1,Snacks,B2,L,F2,False,4.96
2024-07-27,TXN000937,SKU015,Pet 02,CUST0094,14.75,2,Pet,B1,M,F4,False,8.85
2024-07-27,TXN000937,SKU003,Bakery 01,CUST0094,7.92,3,Bakery,B1,S,F4,False,4.75
2024-07-27,TXN000937,SKU008,Coffee 02,CUST0094,9.71,3,Coffee,B3,M,F1,True,5.83
2024-07-27,TXN000937,SKU014,Personal Care 02,CUST0094,7.0,1,Personal Care,B3,M,F3,False,4.2
2024-07-27,TXN000937,SKU000,Coffee 01,CUST0094,5.1,2,Coffee,B1,M,F1,False,3.06
2024-07-28,TXN000014,SKU000,Coffee 01,CUST0000,5.1,1,Coffee,B1,M,F1,False,3.06
2024-07-28,TXN000014,SKU005,Household 01,CUST0000,5.37,3,Household,B3,L,F2,False,3.22
2024-07-28,TXN000014,SKU002,Beverages 01,CUST0000,5.73,2,Beverages,B3,M,F3,False,3.44
2024-07-28,TXN000014,SKU008,Coffee 02,CUST0000,9.71,2,Coffee,B3,M,F1,True,5.83
2024-07-28,TXN000014,SKU042,Beverages 06,CUST0000,4.5,2,Beverages,B1,M,F3,False,2.7
2024-07-28,TXN000203,SKU000,Coffee 01,CUST0020,5.1,1,Coffee,B1,M,F1,False,3.06
2024-07-28,TXN000203,SKU010,Beverages 02,CUST0020,4.77,3,Beverages,B2,M,F3,False,2.86
2024-07-28,TXN000203,SKU020,Dairy 03,CUST0020,17.08,1,Dairy,B3,S,F1,False,10.25
2024-07-28,TXN000203,SKU001,Snacks 01,CUST0020,8.26,1,Snacks,B2,L,F2,False,4.96
2024-07-28,TXN000203,SKU041,Snacks 06,CUST0020,6.25,2,Snacks,B3,L,F2,False,3.75
2024-07-28,TXN000203,SKU029,Household 04,CUST0020,14.03,1,Household,B3,M,F2,False,8.42
2024-07-28,TXN000209,SKU011,Bakery 02,CUST0021,10.55,3,Bakery,B3,S,F4,False,6.33
2024-07-28,TXN000209,SKU020,Dairy 03,CUST0021,17.08,1,Dairy,B3,S,F1,False,10.25
2024-07-28,TXN000209,SKU016,Coffee 03,CUST0021,10.8,3,Coffee,B2,L,F1,False,6.48
2024-07-28,TXN000209,SKU002,Beverages 01,CUST0021,5.73,2,Beverages,B3,M,F3,False,3.44
2024-07-28,TXN000209,SKU031,Pet 04,CUST0021,7.29,2,Pet,B2,S,F4,False,4.37
2024-07-28,TXN000253,SKU006,Personal Care 01,CUST0024,6.63,2,Personal Care,B1,S,F3,False,3.98
2024-07-28,TXN000253,SKU014,Personal Care 02,CUST0024,7.0,2,Personal Care,B3,M,F3,False,4.2
2024-07-28,TXN000253,SKU012,Dairy 02,CUST0024,2.47,1,Dairy,B1,S,F1,False,1.48
2024-07-28,TXN000253,SKU001,Snacks 01,CUST0024,8.26,3,Snacks,B2,L,F2,False,4.96
2024-07-28,TXN000253,SKU002,Beverages 01,CUST0024,5.73,2,Beverages,B3,M,F3,False,3.44
2024-07-28,TXN000395,SKU008,Coffee 02,CUST0039,9.71,2,Coffee,B3,M,F1,True,5.83
2024-07-28,TXN000395,SKU012,Dairy 02,CUST0039,2.47,2,Dairy,B1,S,F1,False,1.48
2024-07-28,TXN000395,SKU001,Snacks 01,CUST0039,8.26,3,Snacks,B2,L,F2,False,4.96
2024-07-28,TXN000395,SKU002,Beverages 01,CUST0039,5.73,3,Beverages,B3,M,F3,False,3.44
2024-07-28,TXN000654,SKU009,Snacks 02,CUST0066,3.57,1,Snacks,B1,M,F2,False,2.14
2024-07-28,TXN000654,SKU040,Coffee 06,CUST0066,2.41,2,Coffee,B2,S,F1,False,1.45
2024-07-28,TXN000749,SKU001,Snacks 01,CUST0076,8.26,2,Snacks,B2,L,F2,False,4.96
2024-07-28,TXN000749,SKU000,Coffee 01,CUST0076,5.1,2,Coffee,B1,M,F1,False,3.06
2024-07-28,TXN000749,SKU018,Beverages 03,CUST0076,6.03,2,Beverages,B1,M,F3,False,3.62
2024-07-28,TXN000837,SKU018,Beverages 03,CUST0084,6.03,3,Beverages,B1,M,F3,False,3.62
2024-07-28,TXN000837,SKU033,Snacks 05,CUST0084,6.13,1,Snacks,B1,S,F2,False,3.68
2024-07-28,TXN000837,SKU041,Snacks 06,CUST0084,6.25,1,Snacks,B3,L,F2,False,3.75
2024-07-28,TXN000837,SKU014,Personal Care 02,CUST0084,7.0,2,Personal Care,B3,M,F3,False,4.2
2024-07-28,TXN000837,SKU001,Snacks 01,CUST0084,8.26,1,Snacks,B2,L,F2,False,4.96
2024-07-28,TXN000837,SKU000,Coffee 01,CUST0084,5.1,1,Coffee,B1,M,F1,False,3.06
2024-07-29,TXN000152,SKU025,Snacks 04,CUST0013,6.63,3,Snacks,B2,M,F2,False,3.98
2024-07-29,TXN000152,SKU007,Pet 01,CUST0013,12.11,1,Pet,B2,L,F4,False,7.27
2024-07-29,TXN000288,SKU056,Coffee 08,CUST0029,4.14,1,Coffee,B3,L,F1,False,2.48
2024-07-29,TXN000288,SKU000,Coffee 01,CUST0029,5.1,2,Coffee,B1,M,F1,False,3.06
2024-07-29,TXN000431,SKU008,Coffee 02,CUST0042,9.71,1,Coffee,B3,M,F1,True,5.83
2024-07-29,TXN000431,SKU012,Dairy 02,CUST0042,2.47,1,Dairy,B1,S,F1,False,1.48
2024-07-29,TXN000431,SKU001,Snacks 01,CUST0042,8.26,2,Snacks,B2,L,F2,False,4.96
2024-07-29,TXN000431,SKU000,Coffee 01,CUST0042,5.1,2,Coffee,B1,M,F1,False,3.06
2024-07-29,TXN000652,SKU010,Beverages 02,CUST0066,4.77,2,Beverages,B2,M,F3,False,2.86
2024-07-29,TXN000652,SKU025,Snacks 04,CUST0066,6.63,3,Snacks,B2,M,F2,False,3.98
2024-07-29,TXN000652,SKU054,Personal Care 07,CUST0066,7.07,2,Personal Care,B1,M,F3,False,4.24
2024-07-29,TXN000652,SKU012,Dairy 02,CUST0066,2.47,2,Dairy,B1,S,F1,False,1.48
2024-07-29,TXN000652,SKU029,Household 04,CUST0066,14.03,2,Household,B3,M,F2,False,8.42
2024-07-29,TXN000652,SKU017,Snacks 03,CUST0066,6.17,1,Snacks,B3,M,F2,False,3.7
2024-07-29,TXN000744,SKU001,Snacks 01,CUST0076,8.26,2,Snacks,B2,L,F2,False,4.96
2024-07-29,TXN000744,SKU033,Snacks 05,CUST0076,6.13,2,Snacks,B1,S,F2,False,3.68
2024-07-29,TXN000744,SKU005,Household 01,CUST0076,5.37,2,Household,B3,L,F2,False,3.22
2024-07-29,TXN000744,SKU014,Personal Care 02,CUST0076,7.0,3,Personal Care,B3,M,F3,False,4.2
2024-07-29,TXN000744,SKU032,Coffee 05,CUST0076,10.67,2,Coffee,B3,S,F1,False,6.4
2024-07-29,TXN000788,SKU005,Household 01,CUST0079,5.37,3,Household,B3,L,F2,False,3.22
2024-07-29,TXN000788,SKU025,Snacks 04,CUST0079,6.63,2,Snacks,B2,M,F2,False,3.98
2024-07-29,TXN000788,SKU003,Bakery 01,CUST0079,7.92,3,Bakery,B1,S,F4,False,4.75
2024-07-29,TXN000788,SKU002,Beverages 01,CUST0079,5.73,3,Beverages,B3,M,F3,False,3.44
2024-07-29,TXN000788,SKU008,Coffee 02,CUST0079,9.71,1,Coffee,B3,M,F1,True,5.83
2024-07-29,TXN000926,SKU000,Coffee 01,CUST0093,5.1,1,Coffee,B1,M,F1,False,3.06
2024-07-29,TXN000926,SKU020,Dairy 03,CUST0093,17.08,2,Dairy,B3,S,F1,False,10.25
2024-07-29,TXN000926,SKU013,Household 02,CUST0093,5.73,1,Household,B2,M,F2,False,3.44
2024-07-29,TXN000926,SKU007,Pet 01,CUST0093,12.11,3,Pet,B2,L,F4,False,7.27
2024-07-29,TXN000926,SKU024,Coffee 04,CUST0093,6.91,2,Coffee,B1,S,F1,False,4.15
2024-07-29,TXN000926,SKU027,Bakery 04,CUST0093,7.34,3,Bakery,B1,L,F4,False,4.4
2024-07-29,TXN000960,SKU004,Dairy 01,CUST0096,3.85,3,Dairy,B2,M,F1,False,2.31
2024-07-29,TXN000960,SKU000,Coffee 01,CUST0096,5.1,1,Coffee,B1,M,F1,False,3.06
2024-07-29,TXN000960,SKU012,Dairy 02,CUST0096,2.47,1,Dairy,B1,S,F1,False,1.48
2024-07-29,TXN000960,SKU003,Bakery 01,CUST0096,7.92,2,Bakery,B1,S,F4,False,4.75
2024-07-29,TXN000960,SKU001,Snacks 01,CUST0096,8.26,3,Snacks,B2,L,F2,False,4.96
2024-07-29,TXN001028,SKU013,Household 02,CUST0105,5.73,1,Household,B2,M,F2,False,3.44
2024-07-29,TXN001028,SKU000,Coffee 01,CUST0105,5.1,1,Coffee,B1,M,F1,False,3.06
2024-07-29,TXN001028,SKU005,Household 01,CUST0105,5.37,1,Household,B3,L,F2,False,3.22
2024-07-29,TXN001028,SKU015,Pet 02,CUST0105,14.75,1,Pet,B1,M,F4,False,8.85
2024-07-29,TXN001028,SKU045,Household 06,CUST0105,4.68,2,Household,B1,M,F2,False,2.81
2024-07-29,TXN001028,SKU009,Snacks 02,CUST0105,3.57,3,Snacks,B1,M,F2,False,2.14
2024-07-29,TXN001120,SKU006,Personal Care 01,CUST0114,6.63,1,Personal Care,B1,S,F3,False,3.98
2024-07-29,TXN001120,SKU014,Personal Care 02,CUST0114,7.0,1,Personal Care,B3,M,F3,False,4.2
2024-07-29,TXN001120,SKU008,Coffee 02,CUST0114,9.71,1,Coffee,B3,M,F1,True,5.83
2024-07-29,TXN001120,SKU015,Pet 02,CUST0114,14.75,3,Pet,B1,M,F4,False,8.85
2024-07-30,TXN000081,SKU003,Bakery 01,CUST0006,7.92,1,Bakery,B1,S,F4,False,4.75
2024-07-30,TXN000081,SKU000,Coffee 01,CUST0006,5.1,2,Coffee,B1,M,F1,False,3.06
2024-07-30,TXN000081,SKU008,Coffee 02,CUST0006,9.71,2,Coffee,B3,M,F1,True,5.83
2024-07-30,TXN000081,SKU059,Bakery 08,CUST0006,12.61,1,Bakery,B3,M,F4,False,7.57
2024-07-30,TXN000081,SKU013,Household 02,CUST0006,5.73,1,Household,B2,M,F2,False,3.44
2024-07-30,TXN000081,SKU040,Coffee 06,CUST0006,2.41,2,Coffee,B2,S,F1,False,1.45
2024-07-30,TXN000090,SKU012,Dairy 02,CUST0007,2.47,1,Dairy,B1,S,F1,False,1.48
2024-07-30,TXN000090,SKU001,Snacks 01,CUST0007,8.26,3,Snacks,B2,L,F2,False,4.96
2024-07-30,TXN000090,SKU002,Beverages 01,CUST0007,5.73,2,Beverages,B3,M,F3,False,3.44
2024-07-30,TXN000248,SKU005,Household 01,CUST0024,5.37,2,Household,B3,L,F2,False,3.22
2024-07-30,TXN000248,SKU000,Coffee 01,CUST0024,5.1,1,Coffee,B1,M,F1,False,3.06
2024-07-30,TXN000258,SKU007,Pet 01,CUST0024,12.11,1,Pet,B2,L,F4,False,7.27
2024-07-30,TXN000258,SKU015,Pet 02,CUST0024,14.75,2,Pet,B1,M,F4,False,8.85
2024-07-30,TXN000258,SKU021,Household 03,CUST0024,5.84,1,Household,B1,S,F2,False,3.5
2024-07-30,TXN000466,SKU007,Pet 01,CUST0046,12.11,1,Pet,B2,L,F4,False,7.27
2024-07-30,TXN000466,SKU008,Coffee 02,CUST0046,9.71,2,Coffee,B3,M,F1,True,5.83
2024-07-30,TXN000553,SKU000,Coffee 01,CUST0054,5.1,2,Coffee,B1,M,F1,False,3.06
2024-07-30,TXN000553,SKU001,Snacks 01,CUST0054,8.26,1,Snacks,B2,L,F2,False,4.96
2024-07-30,TXN000553,SKU004,Dairy 01,CUST0054,3.85,1,Dairy,B2,M,F1,False,2.31
2024-07-30,TXN000704,SKU024,Coffee 04,CUST0072,6.91,1,Coffee,B1,S,F1,False,4.15
2024-07-30,TXN000704,SKU019,Bakery 03,CUST0072,6.44,3,Bakery,B2,L,F4,False,3.86
2024-07-30,TXN000704,SKU028,Dairy 04,CUST0072,5.79,1,Dairy,B2,M,F1,False,3.47
2024-07-30,TXN000704,SKU033,Snacks 05,CUST0072,6.13,3,Snacks,B1,S,F2,False,3.68
2024-07-30,TXN000823,SKU027,Bakery 04,CUST0082,7.34,3,Bakery,B1,L,F4,False,4.4
2024-07-30,TXN000823,SKU022,Personal Care 03,CUST0082,6.25,3,Personal Care,B2,M,F3,False,3.75
2024-07-30,TXN000823,SKU001,Snacks 01,CUST0082,8.26,2,Snacks,B2,L,F2,False,4.96
2024-07-31,TXN000116,SKU002,Beverages 01,CUST0009,5.73,1,Beverages,B3,M,F3,False,3.44
2024-07-31,TXN000116,SKU000,Coffee 01,CUST0009,5.1,1,Coffee,B1,M,F1,False,3.06
2024-07-31,TXN000116,SKU022,Personal Care 03,CUST0009,6.25,3,Personal Care,B2,M,F3,False,3.75
2024-07-31,TXN000116,SKU009,Snacks 02,CUST0009,3.57,2,Snacks,B1,M,F2,False,2.14
2024-07-31,TXN000116,SKU017,Snacks 03,CUST0009,6.17,2,Snacks,B3,M,F2,False,3.7
2024-07-31,TXN000116,SKU001,Snacks 01,CUST0009,8.26,1,Snacks,B2,L,F2,False,4.96
2024-07-31,TXN000175,SKU009,Snacks 02,CUST0016,3.57,3,Snacks,B1,M,F2,False,2.14
2024-07-31,TXN000175,SKU000,Coffee 01,CUST0016,5.1,3,Coffee,B1,M,F1,False,3.06
2024-07-31,TXN000175,SKU022,Personal Care 03,CUST0016,6.25,2,Personal Care,B2,M,F3,False,3.75
2024-07-31,TXN000177,SKU005,Household 01,CUST0016,5.37,2,Household,B3,L,F2,False,3.22
2024-07-31,TXN000177,SKU013,Household 02,CUST0016,5.73,1,Household,B2,M,F2,False,3.44
2024-07-31,TXN000449,SKU006,Personal Care 01,CUST0045,6.63,1,Personal Care,B1,S,F3,False,3.98
2024-07-31,TXN000449,SKU002,Beverages 01,CUST0045,5.73,2,Beverages,B3,M,F3,False,3.44
2024-07-31,TXN000449,SKU011,Bakery 02,CUST0045,10.55,3,Bakery,B3,S,F4,False,6.33
2024-07-31,TXN000449,SKU009,Snacks 02,CUST0045,3.57,2,Snacks,B1,M,F2,False,2.14
2024-07-31,TXN000449,SKU046,Personal Care 06,CUST0045,5.24,3,Personal Care,B2,S,F3,False,3.14
2024-07-31,TXN000449,SKU051,Bakery 07,CUST0045,10.87,2,Bakery,B1,M,F4,False,6.52
2024-07-31,TXN000631,SKU001,Snacks 01,CUST0063,8.26,1,Snacks,B2,L,F2,False,4.96
2024-07-31,TXN000631,SKU026,Beverages 04,CUST0063,4.0,3,Beverages,B3,M,F3,False,2.4
2024-07-31,TXN000631,SKU013,Household 02,CUST0063,5.73,3,Household,B2,M,F2,False,3.44
2024-07-31,TXN000633,SKU004,Dairy 01,CUST0063,3.85,3,Dairy,B2,M,F1,False,2.31
2024-07-31,TXN000633,SKU003,Bakery 01,CUST0063,7.92,2,Bakery,B1,S,F4,False,4.75
2024-07-31,TXN000633,SKU002,Beverages 01,CUST0063,5.73,3,Beverages,B3,M,F3,False,3.44
2024-07-31,TXN000633,SKU012,Dairy 02,CUST0063,2.47,2,Dairy,B1,S,F1,False,1.48
2024-07-31,TXN000633,SKU000,Coffee 01,CUST0063,5.1,2,Coffee,B1,M,F1,False,3.06
2024-07-31,TXN000633,SKU008,Coffee 02,CUST0063,9.71,1,Coffee,B3,M,F1,True,5.83
2024-07-31,TXN000729,SKU005,Household 01,CUST0075,5.37,2,Household,B3,L,F2,False,3.22
2024-07-31,TXN000729,SKU025,Snacks 04,CUST0075,6.63,1,Snacks,B2,M,F2,False,3.98
2024-07-31,TXN000729,SKU001,Snacks 01,CUST0075,8.26,1,Snacks,B2,L,F2,False,4.96
2024-07-31,TXN000729,SKU002,Beverages 01,CUST0075,5.73,2,Beverages,B3,M,F3,False,3.44
2024-07-31,TXN000779,SKU001,Snacks 01,CUST0078,8.26,2,Snacks,B2,L,F2,False,4.96
2024-07-31,TXN000779,SKU002,Beverages 01,CUST0078,5.73,2,Beverages,B3,M,F3,False,3.44
2024-07-31,TXN000779,SKU046,Personal Care 06,CUST0078,5.24,2,Personal Care,B2,S,F3,False,3.14
2024-07-31,TXN000779,SKU035,Bakery 05,CUST0078,7.37,2,Bakery,B3,S,F4,False,4.42
2024-07-31,TXN000866,SKU000,Coffee 01,CUST0087,5.1,2,Coffee,B1,M,F1,False,3.06
2024-07-31,TXN000866,SKU010,Beverages 02,CUST0087,4.77,3,Beverages,B2,M,F3,False,2.86
2024-07-31,TXN000866,SKU005,Household 01,CUST0087,5.37,2,Household,B3,L,F2,False,3.22
2024-07-31,TXN000866,SKU008,Coffee 02,CUST0087,9.71,1,Coffee,B3,M,F1,True,5.83
2024-07-31,TXN000866,SKU039,Pet 05,CUST0087,2.92,3,Pet,B1,S,F4,False,1.75
2024-08-01,TXN000064,SKU000,Coffee 01,CUST0006,5.1,3,Coffee,B1,M,F1,False,3.06
2024-08-01,TXN000064,SKU004,Dairy 01,CUST0006,3.85,1,Dairy,B2,M,F1,False,2.31
2024-08-01,TXN000064,SKU003,Bakery 01,CUST0006,7.92,1,Bakery,B1,S,F4,False,4.75
2024-08-01,TXN000250,SKU006,Personal Care 01,CUST0024,6.63,2,Personal Care,B1,S,F3,False,3.98
2024-08-01,TXN000250,SKU053,Household 07,CUST0024,2.93,1,Household,B3,M,F2,True,1.76
2024-08-01,TXN000250,SKU001,Snacks 01,CUST0024,8.26,2,Snacks,B2,L,F2,False,4.96
2024-08-01,TXN000250,SKU030,Personal Care 04,CUST0024,10.58,1,Personal Care,B1,M,F3,False,6.35
2024-08-01,TXN000386,SKU013,Household 02,CUST0038,5.73,3,Household,B2,M,F2,False,3.44
2024-08-01,TXN000386,SKU021,Household 03,CUST0038,5.84,2,Household,B1,S,F2,False,3.5
2024-08-01,TXN000505,SKU024,Coffee 04,CUST0051,6.91,2,Coffee,B1,S,F1,False,4.15
2024-08-01,TXN000505,SKU022,Personal Care 03,CUST0051,6.25,2,Personal Care,B2,M,F3,False,3.75
2024-08-01,TXN000505,SKU018,Beverages 03,CUST0051,6.03,1,Beverages,B1,M,F3,False,3.62
2024-08-01,TXN000505,SKU059,Bakery 08,CUST0051,12.61,3,Bakery,B3,M,F4,False,7.57
2024-08-01,TXN000742,SKU033,Snacks 05,CUST0075,6.13,1,Snacks,B1,S,F2,False,3.68
2024-08-01,TXN000742,SKU038,Personal Care 05,CUST0075,8.94,2,Personal Care,B3,L,F3,False,5.36
2024-08-01,TXN000742,SKU034,Beverages 05,CUST0075,13.18,1,Beverages,B2,M,F3,False,7.91
2024-08-01,TXN000742,SKU004,Dairy 01,CUST0075,3.85,3,Dairy,B2,M,F1,False,2.31
2024-08-01,TXN001149,SKU018,Beverages 03,CUST0118,6.03,3,Beverages,B1,M,F3,False,3.62
2024-08-01,TXN001149,SKU033,Snacks 05,CUST0118,6.13,3,Snacks,B1,S,F2,False,3.68
2024-08-01,TXN001149,SKU041,Snacks 06,CUST0118,6.25,2,Snacks,B3,L,F2,False,3.75
2024-08-02,TXN000113,SKU001,Snacks 01,CUST0009,8.26,1,Snacks,B2,L,F2,False,4.96
2024-08-02,TXN000113,SKU000,Coffee 01,CUST0009,5.1,3,Coffee,B1,M,F1,False,3.06
2024-08-02,TXN000113,SKU046,Personal Care 06,CUST0009,5.24,1,Personal Care,B2,S,F3,False,3.14
2024-08-02,TXN000143,SKU008,Coffee 02,CUST0012,9.71,2,Coffee,B3,M,F1,True,5.83
2024-08-02,TXN000143,SKU026,Beverages 04,CUST0012,4.0,1,Beverages,B3,M,F3,False,2.4
2024-08-02,TXN000143,SKU014,Personal Care 02,CUST0012,7.0,2,Personal Care,B3,M,F3,False,4.2
2024-08-02,TXN000212,SKU005,Household 01,CUST0021,5.37,3,Household,B3,L,F2,False,3.22
2024-08-02,TXN000212,SKU004,Dairy 01,CUST0021,3.85,1,Dairy,B2,M,F1,False,2.31
2024-08-02,TXN000212,SKU010,Beverages 02,CUST0021,4.77,1,Beverages,B2,M,F3,False,2.86
2024-08-02,TXN000371,SKU041,Snacks 06,CUST0036,6.25,2,Snacks,B3,L,F2,False,3.75
2024-08-02,TXN000371,SKU033,Snacks 05,CUST0036,6.13,3,Snacks,B1,S,F2,False,3.68
2024-08-02,TXN000371,SKU040,Coffee 06,CUST0036,2.41,1,Coffee,B2,S,F1,False,1.45
2024-08-02,TXN000371,SKU029,Household 04,CUST0036,14.03,2,Household,B3,M,F2,False,8.42
2024-08-02,TXN000417,SKU005,Household 01,CUST0040,5.37,2,Household,B3,L,F2,False,3.22
2024-08-02,TXN000417,SKU013,Household 02,CUST0040,5.73,2,Household,B2,M,F2,False,3.44
2024-08-02,TXN000417,SKU030,Personal Care 04,CUST0040,10.58,2,Personal Care,B1,M,F3,False,6.35
2024-08-02,TXN001116,SKU030,Personal Care 04,CUST0114,10.58,3,Personal Care,B1,M,F3,False,6.35
2024-08-02,TXN001116,SKU002,Beverages 01,CUST0114,5.73,3,Beverages,B3,M,F3,False,3.44
2024-08-02,TXN001116,SKU007,Pet 01,CUST0114,12.11,1,Pet,B2,L,F4,False,7.27
2024-08-02,TXN001116,SKU019,Bakery 03,CUST0114,6.44,3,Bakery,B2,L,F4,False,3.86
2024-08-03,TXN000169,SKU024,Coffee 04,CUST0015,6.91,3,Coffee,B1,S,F1,False,4.15
2024-08-03,TXN000169,SKU019,Bakery 03,CUST0015,6.44,2,Bakery,B2,L,F4,False,3.86
2024-08-03,TXN000169,SKU028,Dairy 04,CUST0015,5.79,1,Dairy,B2,M,F1,False,3.47
2024-08-03,TXN000226,SKU000,Coffee 01,CUST0021,5.1,3,Coffee,B1,M,F1,False,3.06
2024-08-03,TXN000226,SKU006,Personal Care 01,CUST0021,6.63,1,Personal Care,B1,S,F3,False,3.98
2024-08-03,TXN000226,SKU028,Dairy 04,CUST0021,5.79,3,Dairy,B2,M,F1,False,3.47
2024-08-03,TXN000226,SKU001,Snacks 01,CUST0021,8.26,2,Snacks,B2,L,F2,False,4.96
2024-08-03,TXN000226,SKU003,Bakery 01,CUST0021,7.92,3,Bakery,B1,S,F4,False,4.75
2024-08-03,TXN000819,SKU001,Snacks 01,CUST0081,8.26,1,Snacks,B2,L,F2,False,4.96
2024-08-03,TXN000819,SKU002,Beverages 01,CUST0081,5.73,1,Beverages,B3,M,F3,False,3.44
2024-08-03,TXN000819,SKU003,Bakery 01,CUST0081,7.92,1,Bakery,B1,S,F4,False,4.75
2024-08-03,TXN001091,SKU000,Coffee 01,CUST0111,5.1,3,Coffee,B1,M,F1,False,3.06
2024-08-03,TXN001091,SKU014,Personal Care 02,CUST0111,7.0,1,Personal Care,B3,M,F3,False,4.2
2024-08-03,TXN001153,SKU007,Pet 01,CUST0118,12.11,1,Pet,B2,L,F4,False,7.27
2024-08-03,TXN001153,SKU005,Household 01,CUST0118,5.37,3,Household,B3,L,F2,False,3.22
2024-08-03,TXN001153,SKU000,Coffee 01,CUST0118,5.1,3,Coffee,B1,M,F1,False,3.06
2024-08-03,TXN001153,SKU038,Personal Care 05,CUST0118,8.94,2,Personal Care,B3,L,F3,False,5.36
2024-08-03,TXN001153,SKU006,Personal Care 01,CUST0118,6.63,2,Personal Care,B1,S,F3,False,3.98
2024-08-04,TXN000611,SKU008,Coffee 02,CUST0061,13.87,3,Coffee,B3,M,F1,False,8.32
2024-08-04,TXN000611,SKU012,Dairy 02,CUST0061,2.47,1,Dairy,B1,S,F1,False,1.48
2024-08-04,TXN000611,SKU001,Snacks 01,CUST0061,8.26,2,Snacks,B2,L,F2,False,4.96
2024-08-04,TXN000611,SKU039,Pet 05,CUST0061,2.92,2,Pet,B1,S,F4,False,1.75
2024-08-04,TXN000615,SKU011,Bakery 02,CUST0061,10.55,1,Bakery,B3,S,F4,False,6.33
2024-08-04,TXN000615,SKU005,Household 01,CUST0061,5.37,1,Household,B3,L,F2,False,3.22
2024-08-04,TXN000615,SKU000,Coffee 01,CUST0061,5.1,3,Coffee,B1,M,F1,False,3.06
2024-08-04,TXN000615,SKU025,Snacks 04,CUST0061,6.63,2,Snacks,B2,M,F2,False,3.98
2024-08-04,TXN000615,SKU004,Dairy 01,CUST0061,3.85,3,Dairy,B2,M,F1,False,2.31
2024-08-04,TXN000615,SKU001,Snacks 01,CUST0061,8.26,2,Snacks,B2,L,F2,False,4.96
2024-08-04,TXN000645,SKU000,Coffee 01,CUST0065,5.1,3,Coffee,B1,M,F1,False,3.06
2024-08-04,TXN000645,SKU003,Bakery 01,CUST0065,7.92,1,Bakery,B1,S,F4,False,4.75
2024-08-04,TXN000645,SKU021,Household 03,CUST0065,5.84,2,Household,B1,S,F2,False,3.5
2024-08-04,TXN000645,SKU008,Coffee 02,CUST0065,13.87,1,Coffee,B3,M,F1,False,8.32
2024-08-04,TXN000645,SKU006,Personal Care 01,CUST0065,6.63,1,Personal Care,B1,S,F3,False,3.98
2024-08-04,TXN000645,SKU004,Dairy 01,CUST0065,3.85,3,Dairy,B2,M,F1,False,2.31
2024-08-04,TXN000856,SKU002,Beverages 01,CUST0087,5.73,3,Beverages,B3,M,F3,False,3.44
2024-08-04,TXN000856,SKU009,Snacks 02,CUST0087,3.57,2,Snacks,B1,M,F2,False,2.14
2024-08-04,TXN000856,SKU017,Snacks 03,CUST0087,6.17,2,Snacks,B3,M,F2,False,3.7
2024-08-05,TXN000121,SKU010,Beverages 02,CUST0010,4.77,3,Beverages,B2,M,F3,False,2.86
2024-08-05,TXN000121,SKU025,Snacks 04,CUST0010,6.63,1,Snacks,B2,M,F2,False,3.98
2024-08-05,TXN000142,SKU004,Dairy 01,CUST0012,3.85,1,Dairy,B2,M,F1,False,2.31
2024-08-05,TXN000142,SKU003,Bakery 01,CUST0012,7.92,2,Bakery,B1,S,F4,False,4.75
2024-08-05,TXN000142,SKU033,Snacks 05,CUST0012,6.13,1,Snacks,B1,S,F2,False,3.68
2024-08-05,TXN000142,SKU053,Household 07,CUST0012,4.18,2,Household,B3,M,F2,False,2.51
2024-08-05,TXN000142,SKU032,Coffee 05,CUST0012,10.67,2,Coffee,B3,S,F1,False,6.4
2024-08-05,TXN000142,SKU000,Coffee 01,CUST0012,5.1,3,Coffee,B1,M,F1,False,3.06
2024-08-05,TXN000150,SKU000,Coffee 01,CUST0013,5.1,3,Coffee,B1,M,F1,False,3.06
2024-08-05,TXN000150,SKU035,Bakery 05,CUST0013,7.37,1,Bakery,B3,S,F4,False,4.42
2024-08-05,TXN000150,SKU043,Bakery 06,CUST0013,8.09,3,Bakery,B2,L,F4,False,4.85
2024-08-05,TXN000644,SKU001,Snacks 01,CUST0064,8.26,2,Snacks,B2,L,F2,False,4.96
2024-08-05,TXN000644,SKU050,Beverages 07,CUST0064,6.6,1,Beverages,B3,M,F3,False,3.96
2024-08-05,TXN000644,SKU000,Coffee 01,CUST0064,5.1,3,Coffee,B1,M,F1,False,3.06
2024-08-05,TXN001125,SKU003,Bakery 01,CUST0114,7.92,3,Bakery,B1,S,F4,False,4.75
2024-08-05,TXN001125,SKU000,Coffee 01,CUST0114,5.1,3,Coffee,B1,M,F1,False,3.06
2024-08-05,TXN001144,SKU015,Pet 02,CUST0117,14.75,1,Pet,B1,M,F4,False,8.85
2024-08-05,TXN001144,SKU029,Household 04,CUST0117,14.03,2,Household,B3,M,F2,False,8.42
2024-08-06,TXN000019,SKU026,Beverages 04,CUST0000,4.0,2,Beverages,B3,M,F3,False,2.4
2024-08-06,TXN000019,SKU024,Coffee 04,CUST0000,6.91,3,Coffee,B1,S,F1,False,4.15
2024-08-06,TXN000033,SKU004,Dairy 01,CUST0003,3.85,2,Dairy,B2,M,F1,False,2.31
2024-08-06,TXN000033,SKU002,Beverages 01,CUST0003,5.73,1,Beverages,B3,M,F3,False,3.44
2024-08-06,TXN000033,SKU010,Beverages 02,CUST0003,4.77,1,Beverages,B2,M,F3,False,2.86
2024-08-06,TXN000340,SKU000,Coffee 01,CUST0033,5.1,2,Coffee,B1,M,F1,False,3.06
2024-08-06,TXN000340,SKU004,Dairy 01,CUST0033,3.85,1,Dairy,B2,M,F1,False,2.31
2024-08-06,TXN000340,SKU003,Bakery 01,CUST0033,7.92,3,Bakery,B1,S,F4,False,4.75
2024-08-06,TXN000340,SKU007,Pet 01,CUST0033,12.11,2,Pet,B2,L,F4,False,7.27
2024-08-06,TXN000781,SKU007,Pet 01,CUST0078,12.11,1,Pet,B2,L,F4,False,7.27
2024-08-06,TXN000781,SKU001,Snacks 01,CUST0078,8.26,1,Snacks,B2,L,F2,False,4.96
2024-08-06,TXN000781,SKU009,Snacks 02,CUST0078,3.57,1,Snacks,B1,M,F2,False,2.14
2024-08-06,TXN000781,SKU054,Personal Care 07,CUST0078,7.07,2,Personal Care,B1,M,F3,False,4.24
2024-08-06,TXN000885,SKU010,Beverages 02,CUST0088,4.77,2,Beverages,B2,M,F3,False,2.86
2024-08-06,TXN000885,SKU025,Snacks 04,CUST0088,6.63,3,Snacks,B2,M,F2,False,3.98
2024-08-06,TXN000885,SKU040,Coffee 06,CUST0088,2.41,3,Coffee,B2,S,F1,False,1.45
2024-08-06,TXN000885,SKU002,Beverages 01,CUST0088,5.73,3,Beverages,B3,M,F3,False,3.44
2024-08-07,TXN000220,SKU003,Bakery 01,CUST0021,7.92,1,Bakery,B1,S,F4,False,4.75
2024-08-07,TXN000220,SKU000,Coffee 01,CUST0021,5.1,2,Coffee,B1,M,F1,False,3.06
2024-08-07,TXN000220,SKU001,Snacks 01,CUST0021,8.26,2,Snacks,B2,L,F2,False,4.96
2024-08-07,TXN000220,SKU017,Snacks 03,CUST0021,6.17,1,Snacks,B3,M,F2,False,3.7
2024-08-07,TXN000220,SKU026,Beverages 04,CUST0021,4.0,3,Beverages,B3,M,F3,False,2.4
2024-08-07,TXN000230,SKU015,Pet 02,CUST0022,14.75,1,Pet,B1,M,F4,False,8.85
2024-08-07,TXN000230,SKU000,Coffee 01,CUST0022,5.1,2,Coffee,B1,M,F1,False,3.06
2024-08-07,TXN000251,SKU002,Beverages 01,CUST0024,5.73,1,Beverages,B3,M,F3,False,3.44
2024-08-07,TXN000251,SKU006,Personal Care 01,CUST0024,6.63,1,Personal Care,B1,S,F3,False,3.98
2024-08-07,TXN000251,SKU053,Household 07,CUST0024,4.18,3,Household,B3,M,F2,False,2.51
2024-08-07,TXN000506,SKU024,Coffee 04,CUST0051,6.91,3,Coffee,B1,S,F1,False,4.15
2024-08-07,TXN000506,SKU019,Bakery 03,CUST0051,6.44,3,Bakery,B2,L,F4,False,3.86
2024-08-07,TXN000506,SKU028,Dairy 04,CUST0051,5.79,3,Dairy,B2,M,F1,False,3.47
2024-08-07,TXN000506,SKU000,Coffee 01,CUST0051,5.1,1,Coffee,B1,M,F1,False,3.06
2024-08-07,TXN000506,SKU003,Bakery 01,CUST0051,7.92,2,Bakery,B1,S,F4,False,4.75
2024-08-07,TXN000557,SKU006,Personal Care 01,CUST0055,6.63,2,Personal Care,B1,S,F3,False,3.98
2024-08-07,TXN000557,SKU003,Bakery 01,CUST0055,7.92,2,Bakery,B1,S,F4,False,4.75
2024-08-07,TXN000848,SKU009,Snacks 02,CUST0085,3.57,1,Snacks,B1,M,F2,False,2.14
2024-08-07,TXN000848,SKU001,Snacks 01,CUST0085,8.26,1,Snacks,B2,L,F2,False,4.96
2024-08-07,TXN000848,SKU000,Coffee 01,CUST0085,5.1,3,Coffee,B1,M,F1,False,3.06
2024-08-07,TXN000848,SKU032,Coffee 05,CUST0085,10.67,1,Coffee,B3,S,F1,False,6.4
2024-08-07,TXN000849,SKU000,Coffee 01,CUST0085,5.1,2,Coffee,B1,M,F1,False,3.06
2024-08-07,TXN000849,SKU003,Bakery 01,CUST0085,7.92,2,Bakery,B1,S,F4,False,4.75
2024-08-07,TXN000849,SKU043,Bakery 06,CUST0085,8.09,1,Bakery,B2,L,F4,False,4.85
2024-08-07,TXN000849,SKU016,Coffee 03,CUST0085,10.8,3,Coffee,B2,L,F1,False,6.48
2024-08-07,TXN000913,SKU006,Personal Care 01,CUST0091,6.63,2,Personal Care,B1,S,F3,False,3.98
2024-08-07,TXN000913,SKU014,Personal Care 02,CUST0091,7.0,2,Personal Care,B3,M,F3,False,4.2
2024-08-07,TXN000913,SKU001,Snacks 01,CUST0091,8.26,1,Snacks,B2,L,F2,False,4.96
2024-08-07,TXN000913,SKU011,Bakery 02,CUST0091,10.55,3,Bakery,B3,S,F4,False,6.33
2024-08-07,TXN000913,SKU039,Pet 05,CUST0091,2.92,1,Pet,B1,S,F4,False,1.75
2024-08-07,TXN001034,SKU001,Snacks 01,CUST0105,8.26,2,Snacks,B2,L,F2,False,4.96
2024-08-07,TXN001034,SKU032,Coffee 05,CUST0105,10.67,2,Coffee,B3,S,F1,False,6.4
2024-08-07,TXN001034,SKU018,Beverages 03,CUST0105,6.03,2,Beverages,B1,M,F3,False,3.62
2024-08-07,TXN001111,SKU006,Personal Care 01,CUST0114,6.63,3,Personal Care,B1,S,F3,False,3.98
2024-08-07,TXN001111,SKU008,Coffee 02,CUST0114,13.87,3,Coffee,B3,M,F1,False,8.32
2024-08-07,TXN001111,SKU001,Snacks 01,CUST0114,8.26,1,Snacks,B2,L,F2,False,4.96
2024-08-07,TXN001111,SKU012,Dairy 02,CUST0114,2.47,1,Dairy,B1,S,F1,False,1.48
2024-08-07,TXN001111,SKU014,Personal Care 02,CUST0114,7.0,1,Personal Care,B3,M,F3,False,4.2
2024-08-07,TXN001111,SKU000,Coffee 01,CUST0114,5.1,2,Coffee,B1,M,F1,False,3.06
2024-08-08,TXN000346,SKU000,Coffee 01,CUST0034,5.1,2,Coffee,B1,M,F1,False,3.06
2024-08-08,TXN000346,SKU001,Snacks 01,CUST0034,8.26,2,Snacks,B2,L,F2,False,4.96
2024-08-08,TXN000346,SKU003,Bakery 01,CUST0034,7.92,2,Bakery,B1,S,F4,False,4.75
2024-08-08,TXN000346,SKU006,Personal Care 01,CUST0034,6.63,1,Personal Care,B1,S,F3,False,3.98
2024-08-08,TXN000346,SKU002,Beverages 01,CUST0034,5.73,1,Beverages,B3,M,F3,False,3.44
2024-08-08,TXN000362,SKU007,Pet 01,CUST0036,12.11,2,Pet,B2,L,F4,False,7.27
2024-08-08,TXN000362,SKU001,Snacks 01,CUST0036,8.26,2,Snacks,B2,L,F2,False,4.96
2024-08-08,TXN000362,SKU000,Coffee 01,CUST0036,5.1,2,Coffee,B1,M,F1,False,3.06
2024-08-08,TXN000362,SKU030,Personal Care 04,CUST0036,10.58,3,Personal Care,B1,M,F3,False,6.35
2024-08-08,TXN000362,SKU008,Coffee 02,CUST0036,13.87,2,Coffee,B3,M,F1,False,8.32
2024-08-08,TXN000464,SKU001,Snacks 01,CUST0046,8.26,2,Snacks,B2,L,F2,False,4.96
2024-08-08,TXN000464,SKU031,Pet 04,CUST0046,7.29,1,Pet,B2,S,F4,False,4.37
2024-08-08,TXN000464,SKU002,Beverages 01,CUST0046,5.73,3,Beverages,B3,M,F3,False,3.44
2024-08-08,TXN000487,SKU007,Pet 01,CUST0048,12.11,3,Pet,B2,L,F4,False,7.27
2024-08-08,TXN000487,SKU001,Snacks 01,CUST0048,8.26,1,Snacks,B2,L,F2,False,4.96
2024-08-08,TXN000487,SKU038,Personal Care 05,CUST0048,8.94,3,Personal Care,B3,L,F3,False,5.36
2024-08-08,TXN000606,SKU045,Household 06,CUST0060,4.68,1,Household,B1,M,F2,False,2.81
2024-08-08,TXN000606,SKU000,Coffee 01,CUST0060,5.1,3,Coffee,B1,M,F1,False,3.06
2024-08-09,TXN000176,SKU002,Beverages 01,CUST0016,5.73,3,Beverages,B3,M,F3,False,3.44
2024-08-09,TXN000176,SKU000,Coffee 01,CUST0016,5.1,3,Coffee,B1,M,F1,False,3.06
2024-08-09,TXN000176,SKU001,Snacks 01,CUST0016,8.26,2,Snacks,B2,L,F2,False,4.96
2024-08-09,TXN000176,SKU003,Bakery 01,CUST0016,7.92,1,Bakery,B1,S,F4,False,4.75
2024-08-09,TXN000176,SKU046,Personal Care 06,CUST0016,5.24,3,Personal Care,B2,S,F3,False,3.14
2024-08-09,TXN000239,SKU006,Personal Care 01,CUST0023,6.63,3,Personal Care,B1,S,F3,False,3.98
2024-08-09,TXN000239,SKU014,Personal Care 02,CUST0023,7.0,3,Personal Care,B3,M,F3,False,4.2
2024-08-09,TXN000305,SKU002,Beverages 01,CUST0030,5.73,1,Beverages,B3,M,F3,False,3.44
2024-08-09,TXN000305,SKU010,Beverages 02,CUST0030,4.77,2,Beverages,B2,M,F3,False,2.86
2024-08-09,TXN000305,SKU039,Pet 05,CUST0030,2.92,1,Pet,B1,S,F4,False,1.75
2024-08-09,TXN000602,SKU007,Pet 01,CUST0060,12.11,3,Pet,B2,L,F4,False,7.27
2024-08-09,TXN000602,SKU015,Pet 02,CUST0060,14.75,1,Pet,B1,M,F4,False,8.85
2024-08-09,TXN000602,SKU021,Household 03,CUST0060,5.84,1,Household,B1,S,F2,False,3.5
2024-08-09,TXN000602,SKU053,Household 07,CUST0060,4.18,3,Household,B3,M,F2,False,2.51
2024-08-09,TXN000653,SKU047,Pet 06,CUST0066,8.27,3,Pet,B3,M,F4,False,4.96
2024-08-09,TXN000653,SKU007,Pet 01,CUST0066,12.11,2,Pet,B2,L,F4,False,7.27
2024-08-09,TXN000653,SKU001,Snacks 01,CUST0066,8.26,3,Snacks,B2,L,F2,False,4.96
2024-08-09,TXN000653,SKU005,Household 01,CUST0066,5.37,1,Household,B3,L,F2,False,3.22
2024-08-09,TXN000653,SKU009,Snacks 02,CUST0066,3.57,2,Snacks,B1,M,F2,False,2.14
2024-08-09,TXN000653,SKU003,Bakery 01,CUST0066,7.92,2,Bakery,B1,S,F4,False,4.75
2024-08-09,TXN000766,SKU000,Coffee 01,CUST0078,5.1,3,Coffee,B1,M,F1,False,3.06
2024-08-09,TXN000766,SKU002,Beverages 01,CUST0078,5.73,1,Beverages,B3,M,F3,False,3.44
2024-08-09,TXN000766,SKU030,Personal Care 04,CUST0078,10.58,2,Personal Care,B1,M,F3,False,6.35
2024-08-09,TXN000942,SKU002,Beverages 01,CUST0094,5.73,3,Beverages,B3,M,F3,False,3.44
2024-08-09,TXN000942,SKU009,Snacks 02,CUST0094,3.57,2,Snacks,B1,M,F2,False,2.14
2024-08-09,TXN000942,SKU017,Snacks 03,CUST0094,6.17,2,Snacks,B3,M,F2,False,3.7
2024-08-09,TXN000990,SKU011,Bakery 02,CUST0100,10.55,2,Bakery,B3,S,F4,False,6.33
2024-08-09,TXN000990,SKU023,Pet 03,CUST0100,8.97,3,Pet,B3,S,F4,False,5.38
2024-08-09,TXN000990,SKU015,Pet 02,CUST0100,14.75,3,Pet,B1,M,F4,False,8.85
2024-08-09,TXN000990,SKU022,Personal Care 03,CUST0100,6.25,3,Personal Care,B2,M,F3,False,3.75
2024-08-09,TXN000990,SKU000,Coffee 01,CUST0100,5.1,2,Coffee,B1,M,F1,False,3.06
2024-08-10,TXN000005,SKU005,Household 01,CUST0000,5.37,2,Household,B3,L,F2,False,3.22
2024-08-10,TXN000005,SKU013,Household 02,CUST0000,5.73,2,Household,B2,M,F2,False,3.44
2024-08-10,TXN000005,SKU000,Coffee 01,CUST0000,5.1,3,Coffee,B1,M,F1,False,3.06
2024-08-10,TXN000005,SKU012,Dairy 02,CUST0000,2.47,2,Dairy,B1,S,F1,False,1.48
2024-08-10,TXN000717,SKU000,Coffee 01,CUST0073,5.1,3,Coffee,B1,M,F1,False,3.06
2024-08-10,TXN000717,SKU001,Snacks 01,CUST0073,8.26,2,Snacks,B2,L,F2,False,4.96
2024-08-10,TXN000784,SKU003,Bakery 01,CUST0078,7.92,1,Bakery,B1,S,F4,False,4.75
2024-08-10,TXN000784,SKU002,Beverages 01,CUST0078,5.73,2,Beverages,B3,M,F3,False,3.44
2024-08-10,TXN000784,SKU000,Coffee 01,CUST0078,5.1,2,Coffee,B1,M,F1,False,3.06
2024-08-10,TXN000784,SKU001,Snacks 01,CUST0078,8.26,3,Snacks,B2,L,F2,False,4.96
2024-08-10,TXN000784,SKU018,Beverages 03,CUST0078,6.03,2,Beverages,B1,M,F3,False,3.62
2024-08-10,TXN000851,SKU037,Household 05,CUST0085,3.63,2,Household,B2,S,F2,False,2.18
2024-08-10,TXN000851,SKU010,Beverages 02,CUST0085,4.77,1,Beverages,B2,M,F3,False,2.86
2024-08-10,TXN000851,SKU005,Household 01,CUST0085,5.37,1,Household,B3,L,F2,False,3.22
2024-08-10,TXN001051,SKU000,Coffee 01,CUST0108,5.1,1,Coffee,B1,M,F1,False,3.06
2024-08-10,TXN001051,SKU027,Bakery 04,CUST0108,7.34,3,Bakery,B1,L,F4,False,4.4
2024-08-10,TXN001051,SKU030,Personal Care 04,CUST0108,10.58,1,Personal Care,B1,M,F3,False,6.35
2024-08-10,TXN001051,SKU040,Coffee 06,CUST0108,2.41,1,Coffee,B2,S,F1,False,1.45
2024-08-10,TXN001051,SKU004,Dairy 01,CUST0108,3.85,2,Dairy,B2,M,F1,False,2.31
2024-08-11,TXN000259,SKU000,Coffee 01,CUST0024,5.1,1,Coffee,B1,M,F1,False,3.06
2024-08-11,TXN000259,SKU002,Beverages 01,CUST0024,5.73,3,Beverages,B3,M,F3,False,3.44
2024-08-11,TXN000259,SKU018,Beverages 03,CUST0024,6.03,2,Beverages,B1,M,F3,False,3.62
2024-08-11,TXN000259,SKU057,Snacks 08,CUST0024,8.52,3,Snacks,B1,M,F2,False,5.11
2024-08-11,TXN000259,SKU042,Beverages 06,CUST0024,4.5,1,Beverages,B1,M,F3,False,2.7
2024-08-11,TXN000259,SKU005,Household 01,CUST0024,5.37,1,Household,B3,L,F2,False,3.22
2024-08-11,TXN000324,SKU018,Beverages 03,CUST0033,6.03,2,Beverages,B1,M,F3,False,3.62
2024-08-11,TXN000324,SKU033,Snacks 05,CUST0033,6.13,1,Snacks,B1,S,F2,False,3.68
2024-08-11,TXN000324,SKU041,Snacks 06,CUST0033,6.25,2,Snacks,B3,L,F2,False,3.75
2024-08-11,TXN000324,SKU032,Coffee 05,CUST0033,10.67,3,Coffee,B3,S,F1,False,6.4
2024-08-11,TXN000324,SKU013,Household 02,CUST0033,5.73,3,Household,B2,M,F2,False,3.44
2024-08-11,TXN000324,SKU006,Personal Care 01,CUST0033,6.63,2,Personal Care,B1,S,F3,False,3.98
2024-08-11,TXN000372,SKU000,Coffee 01,CUST0036,5.1,1,Coffee,B1,M,F1,False,3.06
2024-08-11,TXN000372,SKU004,Dairy 01,CUST0036,3.85,1,Dairy,B2,M,F1,False,2.31
2024-08-11,TXN000372,SKU003,Bakery 01,CUST0036,7.92,1,Bakery,B1,S,F4,False,4.75
2024-08-11,TXN000372,SKU002,Beverages 01,CUST0036,5.73,3,Beverages,B3,M,F3,False,3.44
2024-08-11,TXN000372,SKU001,Snacks 01,CUST0036,8.26,3,Snacks,B2,L,F2,False,4.96
2024-08-11,TXN000372,SKU048,Coffee 07,CUST0036,9.69,3,Coffee,B1,M,F1,False,5.81
2024-08-11,TXN000782,SKU000,Coffee 01,CUST0078,5.1,3,Coffee,B1,M,F1,False,3.06
2024-08-11,TXN000782,SKU006,Personal Care 01,CUST0078,6.63,1,Personal Care,B1,S,F3,False,3.98
2024-08-11,TXN000782,SKU009,Snacks 02,CUST0078,3.57,1,Snacks,B1,M,F2,False,2.14
2024-08-11,TXN000782,SKU030,Personal Care 04,CUST0078,10.58,2,Personal Care,B1,M,F3,False,6.35
2024-08-11,TXN000881,SKU001,Snacks 01,CUST0087,8.26,1,Snacks,B2,L,F2,False,4.96
2024-08-11,TXN000881,SKU014,Personal Care 02,CUST0087,7.0,3,Personal Care,B3,M,F3,False,4.2
2024-08-11,TXN000881,SKU003,Bakery 01,CUST0087,7.92,1,Bakery,B1,S,F4,False,4.75
2024-08-11,TXN000881,SKU008,Coffee 02,CUST0087,13.87,2,Coffee,B3,M,F1,False,8.32
2024-08-11,TXN000881,SKU059,Bakery 08,CUST0087,12.61,2,Bakery,B3,M,F4,False,7.57
2024-08-11,TXN000922,SKU000,Coffee 01,CUST0093,5.1,1,Coffee,B1,M,F1,False,3.06
2024-08-11,TXN000922,SKU021,Household 03,CUST0093,5.84,3,Household,B1,S,F2,False,3.5
2024-08-11,TXN000922,SKU037,Household 05,CUST0093,3.63,3,Household,B2,S,F2,False,2.18
2024-08-11,TXN001042,SKU006,Personal Care 01,CUST0105,6.63,3,Personal Care,B1,S,F3,False,3.98
2024-08-11,TXN001042,SKU031,Pet 04,CUST0105,7.29,3,Pet,B2,S,F4,False,4.37
2024-08-11,TXN001042,SKU002,Beverages 01,CUST0105,5.73,3,Beverages,B3,M,F3,False,3.44
2024-08-11,TXN001107,SKU002,Beverages 01,CUST0114,5.73,3,Beverages,B3,M,F3,False,3.44
2024-08-11,TXN001107,SKU001,Snacks 01,CUST0114,8.26,3,Snacks,B2,L,F2,False,4.96
2024-08-11,TXN001107,SKU000,Coffee 01,CUST0114,5.1,2,Coffee,B1,M,F1,False,3.06
2024-08-11,TXN001107,SKU040,Coffee 06,CUST0114,2.41,3,Coffee,B2,S,F1,False,1.45
2024-08-12,TXN000436,SKU011,Bakery 02,CUST0043,10.55,3,Bakery,B3,S,F4,False,6.33
2024-08-12,TXN000436,SKU020,Dairy 03,CUST0043,17.08,3,Dairy,B3,S,F1,False,10.25
2024-08-12,TXN000436,SKU016,Coffee 03,CUST0043,10.8,1,Coffee,B2,L,F1,False,6.48
2024-08-12,TXN001053,SKU018,Beverages 03,CUST0108,6.03,2,Beverages,B1,M,F3,False,3.62
2024-08-12,TXN001053,SKU033,Snacks 05,CUST0108,6.13,3,Snacks,B1,S,F2,False,3.68
2024-08-12,TXN001053,SKU041,Snacks 06,CUST0108,6.25,1,Snacks,B3,L,F2,False,3.75
2024-08-12,TXN001053,SKU004,Dairy 01,CUST0108,3.85,3,Dairy,B2,M,F1,False,2.31
2024-08-12,TXN001053,SKU002,Beverages 01,CUST0108,5.73,1,Beverages,B3,M,F3,False,3.44
2024-08-13,TXN000485,SKU000,Coffee 01,CUST0048,5.1,2,Coffee,B1,M,F1,False,3.06
2024-08-13,TXN000485,SKU004,Dairy 01,CUST0048,3.85,1,Dairy,B2,M,F1,False,2.31
2024-08-13,TXN000485,SKU003,Bakery 01,CUST0048,7.92,3,Bakery,B1,S,F4,False,4.75
2024-08-13,TXN000572,SKU010,Beverages 02,CUST0057,4.77,1,Beverages,B2,M,F3,False,2.86
2024-08-13,TXN000572,SKU025,Snacks 04,CUST0057,6.63,3,Snacks,B2,M,F2,False,3.98
2024-08-13,TXN000572,SKU008,Coffee 02,CUST0057,13.87,3,Coffee,B3,M,F1,False,8.32
2024-08-13,TXN000572,SKU009,Snacks 02,CUST0057,3.57,1,Snacks,B1,M,F2,False,2.14
2024-08-13,TXN000572,SKU002,Beverages 01,CUST0057,5.73,1,Beverages,B3,M,F3,False,3.44
2024-08-13,TXN000572,SKU031,Pet 04,CUST0057,7.29,3,Pet,B2,S,F4,False,4.37
2024-08-14,TXN000135,SKU002,Beverages 01,CUST0012,5.73,3,Beverages,B3,M,F3,False,3.44
2024-08-14,TXN000135,SKU004,Dairy 01,CUST0012,3.85,3,Dairy,B2,M,F1,False,2.31
2024-08-14,TXN000135,SKU003,Bakery 01,CUST0012,7.92,2,Bakery,B1,S,F4,False,4.75
2024-08-14,TXN000135,SKU000,Coffee 01,CUST0012,5.1,1,Coffee,B1,M,F1,False,3.06
2024-08-14,TXN000135,SKU012,Dairy 02,CUST0012,2.47,3,Dairy,B1,S,F1,False,1.48
2024-08-14,TXN000331,SKU007,Pet 01,CUST0033,12.11,3,Pet,B2,L,F4,False,7.27
2024-08-14,TXN000331,SKU015,Pet 02,CUST0033,14.75,2,Pet,B1,M,F4,False,8.85
2024-08-14,TXN000331,SKU021,Household 03,CUST0033,5.84,3,Household,B1,S,F2,False,3.5
2024-08-14,TXN000331,SKU000,Coffee 01,CUST0033,5.1,1,Coffee,B1,M,F1,False,3.06
2024-08-14,TXN000430,SKU035,Bakery 05,CUST0042,7.37,3,Bakery,B3,S,F4,False,4.42
2024-08-14,TXN000430,SKU049,Snacks 07,CUST0042,6.71,1,Snacks,B2,L,F2,False,4.03
2024-08-14,TXN000430,SKU003,Bakery 01,CUST0042,7.92,2,Bakery,B1,S,F4,False,4.75
2024-08-14,TXN000430,SKU001,Snacks 01,CUST0042,8.26,3,Snacks,B2,L,F2,False,4.96
2024-08-14,TXN000430,SKU000,Coffee 01,CUST0042,5.1,3,Coffee,B1,M,F1,False,3.06
2024-08-14,TXN000430,SKU005,Household 01,CUST0042,5.37,1,Household,B3,L,F2,False,3.22
2024-08-14,TXN000945,SKU019,Bakery 03,CUST0094,6.44,2,Bakery,B2,L,F4,False,3.86
2024-08-14,TXN000945,SKU005,Household 01,CUST0094,5.37,2,Household,B3,L,F2,False,3.22
2024-08-14,TXN000945,SKU000,Coffee 01,CUST0094,5.1,2,Coffee,B1,M,F1,False,3.06
2024-08-14,TXN000997,SKU011,Bakery 02,CUST0101,10.55,2,Bakery,B3,S,F4,False,6.33
2024-08-14,TXN000997,SKU000,Coffee 01,CUST0101,5.1,1,Coffee,B1,M,F1,False,3.06
2024-08-14,TXN001127,SKU001,Snacks 01,CUST0115,8.26,3,Snacks,B2,L,F2,False,4.96
2024-08-14,TXN001127,SKU000,Coffee 01,CUST0115,5.1,1,Coffee,B1,M,F1,False,3.06
2024-08-15,TXN000036,SKU002,Beverages 01,CUST0003,5.73,1,Beverages,B3,M,F3,False,3.44
2024-08-15,TXN000036,SKU006,Personal Care 01,CUST0003,6.63,1,Personal Care,B1,S,F3,False,3.98
2024-08-15,TXN000036,SKU030,Personal Care 04,CUST0003,10.58,1,Personal Care,B1,M,F3,False,6.35
2024-08-15,TXN000036,SKU011,Bakery 02,CUST0003,10.55,3,Bakery,B3,S,F4,False,6.33
2024-08-15,TXN000036,SKU024,Coffee 04,CUST0003,6.91,1,Coffee,B1,S,F1,False,4.15
2024-08-15,TXN000036,SKU010,Beverages 02,CUST0003,4.77,1,Beverages,B2,M,F3,False,2.86
2024-08-15,TXN000236,SKU000,Coffee 01,CUST0022,5.1,2,Coffee,B1,M,F1,False,3.06
2024-08-15,TXN000236,SKU017,Snacks 03,CUST0022,6.17,3,Snacks,B3,M,F2,False,3.7
2024-08-15,TXN000236,SKU030,Personal Care 04,CUST0022,10.58,2,Personal Care,B1,M,F3,False,6.35
2024-08-15,TXN000236,SKU004,Dairy 01,CUST0022,3.85,2,Dairy,B2,M,F1,False,2.31
2024-08-15,TXN000966,SKU000,Coffee 01,CUST0096,5.1,3,Coffee,B1,M,F1,False,3.06
2024-08-15,TXN000966,SKU003,Bakery 01,CUST0096,7.92,2,Bakery,B1,S,F4,False,4.75
2024-08-15,TXN000966,SKU017,Snacks 03,CUST0096,6.17,2,Snacks,B3,M,F2,False,3.7
2024-08-15,TXN000966,SKU007,Pet 01,CUST0096,12.11,3,Pet,B2,L,F4,False,7.27
2024-08-15,TXN000966,SKU012,Dairy 02,CUST0096,2.47,1,Dairy,B1,S,F1,False,1.48
2024-08-15,TXN000996,SKU003,Bakery 01,CUST0100,7.92,2,Bakery,B1,S,F4,False,4.75
2024-08-15,TXN000996,SKU006,Personal Care 01,CUST0100,6.63,2,Personal Care,B1,S,F3,False,3.98
2024-08-15,TXN000996,SKU000,Coffee 01,CUST0100,5.1,2,Coffee,B1,M,F1,False,3.06
2024-08-15,TXN000996,SKU001,Snacks 01,CUST0100,8.26,2,Snacks,B2,L,F2,False,4.96
2024-08-15,TXN000996,SKU056,Coffee 08,CUST0100,4.14,3,Coffee,B3,L,F1,False,2.48
2024-08-16,TXN000035,SKU002,Beverages 01,CUST0003,5.73,3,Beverages,B3,M,F3,False,3.44
2024-08-16,TXN000035,SKU013,Household 02,CUST0003,5.73,3,Household,B2,M,F2,False,3.44
2024-08-16,TXN000035,SKU001,Snacks 01,CUST0003,8.26,3,Snacks,B2,L,F2,False,4.96
2024-08-16,TXN000312,SKU006,Personal Care 01,CUST0030,6.63,2,Personal Care,B1,S,F3,False,3.98
2024-08-16,TXN000312,SKU014,Personal Care 02,CUST0030,7.0,3,Personal Care,B3,M,F3,False,4.2
2024-08-16,TXN000312,SKU018,Beverages 03,CUST0030,6.03,1,Beverages,B1,M,F3,False,3.62
2024-08-16,TXN000312,SKU027,Bakery 04,CUST0030,7.34,1,Bakery,B1,L,F4,False,4.4
2024-08-16,TXN000312,SKU009,Snacks 02,CUST0030,3.57,3,Snacks,B1,M,F2,False,2.14
2024-08-16,TXN000312,SKU031,Pet 04,CUST0030,7.29,2,Pet,B2,S,F4,False,4.37
2024-08-16,TXN000441,SKU000,Coffee 01,CUST0043,5.1,2,Coffee,B1,M,F1,False,3.06
2024-08-16,TXN000441,SKU002,Beverages 01,CUST0043,5.73,2,Beverages,B3,M,F3,False,3.44
2024-08-16,TXN000441,SKU049,Snacks 07,CUST0043,6.71,3,Snacks,B2,L,F2,False,4.03
2024-08-16,TXN000441,SKU009,Snacks 02,CUST0043,3.57,1,Snacks,B1,M,F2,False,2.14
2024-08-16,TXN000442,SKU000,Coffee 01,CUST0044,5.1,2,Coffee,B1,M,F1,False,3.06
2024-08-16,TXN000442,SKU003,Bakery 01,CUST0044,7.92,2,Bakery,B1,S,F4,False,4.75
2024-08-16,TXN000442,SKU035,Bakery 05,CUST0044,7.37,1,Bakery,B3,S,F4,False,4.42
2024-08-16,TXN000442,SKU001,Snacks 01,CUST0044,8.26,1,Snacks,B2,L,F2,False,4.96
2024-08-16,TXN000442,SKU007,Pet 01,CUST0044,12.11,1,Pet,B2,L,F4,False,7.27
2024-08-16,TXN000442,SKU013,Household 02,CUST0044,5.73,2,Household,B2,M,F2,False,3.44
2024-08-16,TXN000471,SKU000,Coffee 01,CUST0046,5.1,1,Coffee,B1,M,F1,False,3.06
2024-08-16,TXN000471,SKU005,Household 01,CUST0046,5.37,1,Household,B3,L,F2,False,3.22
2024-08-16,TXN000471,SKU003,Bakery 01,CUST0046,7.92,2,Bakery,B1,S,F4,False,4.75
2024-08-16,TXN000573,SKU001,Snacks 01,CUST0057,8.26,2,Snacks,B2,L,F2,False,4.96
2024-08-16,TXN000573,SKU004,Dairy 01,CUST0057,3.85,3,Dairy,B2,M,F1,False,2.31
2024-08-16,TXN000573,SKU014,Personal Care 02,CUST0057,7.0,2,Personal Care,B3,M,F3,False,4.2
2024-08-16,TXN000573,SKU005,Household 01,CUST0057,5.37,2,Household,B3,L,F2,False,3.22
2024-08-16,TXN000573,SKU036,Dairy 05,CUST0057,10.18,1,Dairy,B1,M,F1,False,6.11
2024-08-16,TXN000573,SKU023,Pet 03,CUST0057,8.97,3,Pet,B3,S,F4,False,5.38
2024-08-16,TXN000601,SKU007,Pet 01,CUST0060,12.11,2,Pet,B2,L,F4,False,7.27
2024-08-16,TXN000601,SKU000,Coffee 01,CUST0060,5.1,2,Coffee,B1,M,F1,False,3.06
2024-08-16,TXN000756,SKU032,Coffee 05,CUST0076,10.67,3,Coffee,B3,S,F1,False,6.4
2024-08-16,TXN000756,SKU003,Bakery 01,CUST0076,7.92,1,Bakery,B1,S,F4,False,4.75
2024-08-16,TXN000756,SKU009,Snacks 02,CUST0076,3.57,1,Snacks,B1,M,F2,False,2.14
2024-08-16,TXN000756,SKU057,Snacks 08,CUST0076,8.52,3,Snacks,B1,M,F2,False,5.11
2024-08-16,TXN000756,SKU007,Pet 01,CUST0076,12.11,3,Pet,B2,L,F4,False,7.27
2024-08-16,TXN000756,SKU000,Coffee 01,CUST0076,5.1,1,Coffee,B1,M,F1,False,3.06
2024-08-16,TXN000826,SKU002,Beverages 01,CUST0083,5.73,1,Beverages,B3,M,F3,False,3.44
2024-08-16,TXN000826,SKU009,Snacks 02,CUST0083,3.57,2,Snacks,B1,M,F2,False,2.14
2024-08-16,TXN000826,SKU017,Snacks 03,CUST0083,6.17,2,Snacks,B3,M,F2,False,3.7
2024-08-16,TXN000826,SKU011,Bakery 02,CUST0083,10.55,1,Bakery,B3,S,F4,False,6.33
2024-08-16,TXN000826,SKU007,Pet 01,CUST0083,12.11,3,Pet,B2,L,F4,False,7.27
2024-08-16,TXN001000,SKU018,Beverages 03,CUST0102,6.03,1,Beverages,B1,M,F3,False,3.62
2024-08-16,TXN001000,SKU033,Snacks 05,CUST0102,6.13,1,Snacks,B1,S,F2,False,3.68
2024-08-16,TXN001000,SKU041,Snacks 06,CUST0102,6.25,3,Snacks,B3,L,F2,False,3.75
2024-08-16,TXN001000,SKU002,Beverages 01,CUST0102,5.73,2,Beverages,B3,M,F3,False,3.44
2024-08-16,TXN001118,SKU006,Personal Care 01,CUST0114,6.63,2,Personal Care,B1,S,F3,False,3.98
2024-08-16,TXN001118,SKU000,Coffee 01,CUST0114,5.1,1,Coffee,B1,M,F1,False,3.06
2024-08-16,TXN001118,SKU014,Personal Care 02,CUST0114,7.0,2,Personal Care,B3,M,F3,False,4.2
2024-08-16,TXN001118,SKU003,Bakery 01,CUST0114,7.92,2,Bakery,B1,S,F4,False,4.75
2024-08-16,TXN001118,SKU047,Pet 06,CUST0114,8.27,3,Pet,B3,M,F4,False,4.96
2024-08-16,TXN001118,SKU005,Household 01,CUST0114,5.37,1,Household,B3,L,F2,False,3.22
2024-08-17,TXN000023,SKU000,Coffee 01,CUST0001,5.1,2,Coffee,B1,M,F1,False,3.06
2024-08-17,TXN000023,SKU001,Snacks 01,CUST0001,8.26,1,Snacks,B2,L,F2,False,4.96
2024-08-17,TXN000023,SKU013,Household 02,CUST0001,5.73,3,Household,B2,M,F2,False,3.44
2024-08-17,TXN000023,SKU005,Household 01,CUST0001,5.37,3,Household,B3,L,F2,False,3.22
2024-08-17,TXN000023,SKU014,Personal Care 02,CUST0001,7.0,1,Personal Care,B3,M,F3,False,4.2
2024-08-17,TXN000023,SKU008,Coffee 02,CUST0001,13.87,3,Coffee,B3,M,F1,False,8.32
2024-08-17,TXN000065,SKU004,Dairy 01,CUST0006,3.85,3,Dairy,B2,M,F1,False,2.31
2024-08-17,TXN000065,SKU000,Coffee 01,CUST0006,5.1,3,Coffee,B1,M,F1,False,3.06
2024-08-17,TXN000065,SKU040,Coffee 06,CUST0006,2.41,2,Coffee,B2,S,F1,False,1.45
2024-08-17,TXN000065,SKU001,Snacks 01,CUST0006,8.26,1,Snacks,B2,L,F2,False,4.96
2024-08-17,TXN000065,SKU005,Household 01,CUST0006,5.37,1,Household,B3,L,F2,False,3.22
2024-08-17,TXN000065,SKU008,Coffee 02,CUST0006,13.87,1,Coffee,B3,M,F1,False,8.32
2024-08-17,TXN000147,SKU005,Household 01,CUST0012,5.37,3,Household,B3,L,F2,False,3.22
2024-08-17,TXN000147,SKU013,Household 02,CUST0012,5.73,3,Household,B2,M,F2,False,3.44
2024-08-17,TXN000365,SKU053,Household 07,CUST0036,2.93,3,Household,B3,M,F2,True,1.76
2024-08-17,TXN000365,SKU004,Dairy 01,CUST0036,3.85,1,Dairy,B2,M,F1,False,2.31
2024-08-17,TXN000365,SKU011,Bakery 02,CUST0036,10.55,1,Bakery,B3,S,F4,False,6.33
2024-08-17,TXN000365,SKU042,Beverages 06,CUST0036,4.5,3,Beverages,B1,M,F3,False,2.7
2024-08-18,TXN000037,SKU000,Coffee 01,CUST0003,5.1,3,Coffee,B1,M,F1,False,3.06
2024-08-18,TXN000037,SKU009,Snacks 02,CUST0003,3.57,3,Snacks,B1,M,F2,False,2.14
2024-08-18,TXN000037,SKU016,Coffee 03,CUST0003,10.8,1,Coffee,B2,L,F1,False,6.48
2024-08-18,TXN000037,SKU045,Household 06,CUST0003,4.68,3,Household,B1,M,F2,False,2.81
2024-08-18,TXN000054,SKU000,Coffee 01,CUST0004,5.1,2,Coffee,B1,M,F1,False,3.06
2024-08-18,TXN000054,SKU005,Household 01,CUST0004,5.37,3,Household,B3,L,F2,False,3.22
2024-08-18,TXN000054,SKU003,Bakery 01,CUST0004,7.92,2,Bakery,B1,S,F4,False,4.75
2024-08-18,TXN000339,SKU002,Beverages 01,CUST0033,5.73,3,Beverages,B3,M,F3,False,3.44
2024-08-18,TXN000339,SKU009,Snacks 02,CUST0033,3.57,1,Snacks,B1,M,F2,False,2.14
2024-08-18,TXN000339,SKU017,Snacks 03,CUST0033,6.17,3,Snacks,B3,M,F2,False,3.7
2024-08-18,TXN000353,SKU002,Beverages 01,CUST0034,5.73,3,Beverages,B3,M,F3,False,3.44
2024-08-18,TXN000353,SKU000,Coffee 01,CUST0034,5.1,1,Coffee,B1,M,F1,False,3.06
2024-08-18,TXN000353,SKU001,Snacks 01,CUST0034,8.26,2,Snacks,B2,L,F2,False,4.96
2024-08-18,TXN000353,SKU056,Coffee 08,CUST0034,4.14,1,Coffee,B3,L,F1,False,2.48
2024-08-18,TXN000353,SKU025,Snacks 04,CUST0034,6.63,3,Snacks,B2,M,F2,False,3.98
2024-08-18,TXN000458,SKU000,Coffee 01,CUST0045,5.1,1,Coffee,B1,M,F1,False,3.06
2024-08-18,TXN000458,SKU013,Household 02,CUST0045,5.73,2,Household,B2,M,F2,False,3.44
2024-08-18,TXN000740,SKU006,Personal Care 01,CUST0075,6.63,2,Personal Care,B1,S,F3,False,3.98
2024-08-18,TXN000740,SKU014,Personal Care 02,CUST0075,7.0,2,Personal Care,B3,M,F3,False,4.2
2024-08-18,TXN000740,SKU002,Beverages 01,CUST0075,5.73,2,Beverages,B3,M,F3,False,3.44
2024-08-18,TXN000740,SKU032,Coffee 05,CUST0075,10.67,1,Coffee,B3,S,F1,False,6.4
2024-08-18,TXN000740,SKU000,Coffee 01,CUST0075,5.1,3,Coffee,B1,M,F1,False,3.06
2024-08-18,TXN001099,SKU012,Dairy 02,CUST0112,2.47,2,Dairy,B1,S,F1,False,1.48
2024-08-18,TXN001099,SKU006,Personal Care 01,CUST0112,6.63,1,Personal Care,B1,S,F3,False,3.98
2024-08-18,TXN001099,SKU000,Coffee 01,CUST0112,5.1,1,Coffee,B1,M,F1,False,3.06
2024-08-19,TXN000494,SKU004,Dairy 01,CUST0048,3.85,2,Dairy,B2,M,F1,False,2.31
2024-08-19,TXN000494,SKU008,Coffee 02,CUST0048,13.87,1,Coffee,B3,M,F1,False,8.32
2024-08-19,TXN000494,SKU000,Coffee 01,CUST0048,5.1,1,Coffee,B1,M,F1,False,3.06
2024-08-19,TXN000494,SKU040,Coffee 06,CUST0048,2.41,3,Coffee,B2,S,F1,False,1.45
2024-08-19,TXN000499,SKU007,Pet 01,CUST0049,12.11,3,Pet,B2,L,F4,False,7.27
2024-08-19,TXN000499,SKU015,Pet 02,CUST0049,14.75,1,Pet,B1,M,F4,False,8.85
2024-08-19,TXN000499,SKU021,Household 03,CUST0049,5.84,2,Household,B1,S,F2,False,3.5
2024-08-19,TXN000499,SKU002,Beverages 01,CUST0049,5.73,1,Beverages,B3,M,F3,False,3.44
2024-08-19,TXN000636,SKU000,Coffee 01,CUST0063,5.1,3,Coffee,B1,M,F1,False,3.06
2024-08-19,TXN000636,SKU002,Beverages 01,CUST0063,5.73,2,Beverages,B3,M,F3,False,3.44
2024-08-19,TXN000770,SKU018,Beverages 03,CUST0078,6.03,3,Beverages,B1,M,F3,False,3.62
2024-08-19,TXN000770,SKU000,Coffee 01,CUST0078,5.1,3,Coffee,B1,M,F1,False,3.06
2024-08-19,TXN000770,SKU004,Dairy 01,CUST0078,3.85,1,Dairy,B2,M,F1,False,2.31
2024-08-19,TXN000927,SKU000,Coffee 01,CUST0093,5.1,3,Coffee,B1,M,F1,False,3.06
2024-08-19,TXN000927,SKU001,Snacks 01,CUST0093,8.26,2,Snacks,B2,L,F2,False,4.96
2024-08-19,TXN000970,SKU028,Dairy 04,CUST0098,5.79,2,Dairy,B2,M,F1,False,3.47
2024-08-19,TXN000970,SKU003,Bakery 01,CUST0098,7.92,1,Bakery,B1,S,F4,False,4.75
2024-08-19,TXN000970,SKU005,Household 01,CUST0098,5.37,1,Household,B3,L,F2,False,3.22
2024-08-19,TXN000970,SKU007,Pet 01,CUST0098,12.11,3,Pet,B2,L,F4,False,7.27
2024-08-19,TXN000998,SKU013,Household 02,CUST0101,5.73,2,Household,B2,M,F2,False,3.44
2024-08-19,TXN000998,SKU000,Coffee 01,CUST0101,5.1,3,Coffee,B1,M,F1,False,3.06
2024-08-19,TXN000998,SKU016,Coffee 03,CUST0101,10.8,1,Coffee,B2,L,F1,False,6.48
2024-08-19,TXN000998,SKU045,Household 06,CUST0101,4.68,3,Household,B1,M,F2,False,2.81
2024-08-19,TXN000998,SKU009,Snacks 02,CUST0101,3.57,1,Snacks,B1,M,F2,False,2.14
2024-08-19,TXN000998,SKU002,Beverages 01,CUST0101,5.73,2,Beverages,B3,M,F3,False,3.44
2024-08-19,TXN001027,SKU011,Bakery 02,CUST0105,10.55,1,Bakery,B3,S,F4,False,6.33
2024-08-19,TXN001027,SKU006,Personal Care 01,CUST0105,6.63,3,Personal Care,B1,S,F3,False,3.98
2024-08-19,TXN001027,SKU034,Beverages 05,CUST0105,13.18,2,Beverages,B2,M,F3,False,7.91
2024-08-19,TXN001027,SKU000,Coffee 01,CUST0105,5.1,1,Coffee,B1,M,F1,False,3.06
2024-08-19,TXN001040,SKU011,Bakery 02,CUST0105,10.55,2,Bakery,B3,S,F4,False,6.33
2024-08-19,TXN001040,SKU000,Coffee 01,CUST0105,5.1,1,Coffee,B1,M,F1,False,3.06
2024-08-19,TXN001040,SKU009,Snacks 02,CUST0105,3.57,3,Snacks,B1,M,F2,False,2.14
2024-08-19,TXN001121,SKU018,Beverages 03,CUST0114,6.03,1,Beverages,B1,M,F3,False,3.62
2024-08-19,TXN001121,SKU022,Personal Care 03,CUST0114,6.25,3,Personal Care,B2,M,F3,False,3.75
2024-08-19,TXN001121,SKU014,Personal Care 02,CUST0114,7.0,2,Personal Care,B3,M,F3,False,4.2
2024-08-19,TXN001121,SKU001,Snacks 01,CUST0114,8.26,2,Snacks,B2,L,F2,False,4.96
2024-08-19,TXN001121,SKU002,Beverages 01,CUST0114,5.73,3,Beverages,B3,M,F3,False,3.44
2024-08-20,TXN000268,SKU004,Dairy 01,CUST0026,3.85,1,Dairy,B2,M,F1,False,2.31
2024-08-20,TXN000268,SKU000,Coffee 01,CUST0026,5.1,2,Coffee,B1,M,F1,False,3.06
2024-08-20,TXN000268,SKU059,Bakery 08,CUST0026,12.61,3,Bakery,B3,M,F4,False,7.57
2024-08-20,TXN000268,SKU033,Snacks 05,CUST0026,6.13,3,Snacks,B1,S,F2,False,3.68
2024-08-20,TXN000269,SKU000,Coffee 01,CUST0026,5.1,1,Coffee,B1,M,F1,False,3.06
2024-08-20,TXN000269,SKU004,Dairy 01,CUST0026,3.85,2,Dairy,B2,M,F1,False,2.31
2024-08-20,TXN000269,SKU003,Bakery 01,CUST0026,7.92,3,Bakery,B1,S,F4,False,4.75
2024-08-20,TXN000269,SKU044,Dairy 06,CUST0026,25.4,2,Dairy,B3,M,F1,False,15.24
2024-08-20,TXN000269,SKU048,Coffee 07,CUST0026,9.69,3,Coffee,B1,M,F1,False,5.81
2024-08-20,TXN000269,SKU001,Snacks 01,CUST0026,8.26,2,Snacks,B2,L,F2,False,4.96
2024-08-20,TXN000813,SKU006,Personal Care 01,CUST0081,6.63,3,Personal Care,B1,S,F3,False,3.98
2024-08-20,TXN000813,SKU036,Dairy 05,CUST0081,10.18,3,Dairy,B1,M,F1,False,6.11
2024-08-20,TXN000897,SKU003,Bakery 01,CUST0090,7.92,2,Bakery,B1,S,F4,False,4.75
2024-08-20,TXN000897,SKU000,Coffee 01,CUST0090,5.1,2,Coffee,B1,M,F1,False,3.06
2024-08-20,TXN000897,SKU005,Household 01,CUST0090,5.37,3,Household,B3,L,F2,False,3.22
2024-08-20,TXN000897,SKU004,Dairy 01,CUST0090,3.85,2,Dairy,B2,M,F1,False,2.31
2024-08-20,TXN001013,SKU006,Personal Care 01,CUST0102,6.63,3,Personal Care,B1,S,F3,False,3.98
2024-08-20,TXN001013,SKU014,Personal Care 02,CUST0102,7.0,3,Personal Care,B3,M,F3,False,4.2
2024-08-20,TXN001013,SKU016,Coffee 03,CUST0102,10.8,3,Coffee,B2,L,F1,False,6.48
2024-08-20,TXN001013,SKU007,Pet 01,CUST0102,12.11,3,Pet,B2,L,F4,False,7.27
2024-08-20,TXN001013,SKU003,Bakery 01,CUST0102,7.92,1,Bakery,B1,S,F4,False,4.75
2024-08-20,TXN001148,SKU010,Beverages 02,CUST0117,4.77,2,Beverages,B2,M,F3,False,2.86
2024-08-20,TXN001148,SKU025,Snacks 04,CUST0117,6.63,2,Snacks,B2,M,F2,False,3.98
2024-08-20,TXN001148,SKU000,Coffee 01,CUST0117,5.1,1,Coffee,B1,M,F1,False,3.06
2024-08-20,TXN001148,SKU012,Dairy 02,CUST0117,2.47,2,Dairy,B1,S,F1,False,1.48
2024-08-20,TXN001148,SKU009,Snacks 02,CUST0117,3.57,1,Snacks,B1,M,F2,False,2.14
2024-08-21,TXN000760,SKU017,Snacks 03,CUST0078,6.17,3,Snacks,B3,M,F2,False,3.7
2024-08-21,TXN000760,SKU011,Bakery 02,CUST0078,10.55,1,Bakery,B3,S,F4,False,6.33
2024-08-21,TXN000908,SKU008,Coffee 02,CUST0090,13.87,3,Coffee,B3,M,F1,False,8.32
2024-08-21,TXN000908,SKU012,Dairy 02,CUST0090,2.47,2,Dairy,B1,S,F1,False,1.48
2024-08-21,TXN000908,SKU001,Snacks 01,CUST0090,8.26,2,Snacks,B2,L,F2,False,4.96
2024-08-21,TXN000908,SKU013,Household 02,CUST0090,5.73,2,Household,B2,M,F2,False,3.44
2024-08-21,TXN000908,SKU000,Coffee 01,CUST0090,5.1,2,Coffee,B1,M,F1,False,3.06
2024-08-21,TXN000908,SKU014,Personal Care 02,CUST0090,7.0,1,Personal Care,B3,M,F3,False,4.2
2024-08-21,TXN000938,SKU009,Snacks 02,CUST0094,3.57,2,Snacks,B1,M,F2,False,2.14
2024-08-21,TXN000938,SKU003,Bakery 01,CUST0094,7.92,1,Bakery,B1,S,F4,False,4.75
2024-08-21,TXN000938,SKU011,Bakery 02,CUST0094,10.55,3,Bakery,B3,S,F4,False,6.33
2024-08-21,TXN000938,SKU039,Pet 05,CUST0094,2.92,1,Pet,B1,S,F4,False,1.75
2024-08-21,TXN001076,SKU027,Bakery 04,CUST0109,7.34,2,Bakery,B1,L,F4,False,4.4
2024-08-21,TXN001076,SKU001,Snacks 01,CUST0109,8.26,2,Snacks,B2,L,F2,False,4.96
2024-08-21,TXN001076,SKU002,Beverages 01,CUST0109,5.73,2,Beverages,B3,M,F3,False,3.44
2024-08-21,TXN001076,SKU015,Pet 02,CUST0109,14.75,1,Pet,B1,M,F4,False,8.85
2024-08-21,TXN001076,SKU021,Household 03,CUST0109,5.84,3,Household,B1,S,F2,False,3.5
2024-08-21,TXN001076,SKU000,Coffee 01,CUST0109,5.1,1,Coffee,B1,M,F1,False,3.06
2024-08-22,TXN000249,SKU001,Snacks 01,CUST0024,8.26,1,Snacks,B2,L,F2,False,4.96
2024-08-22,TXN000249,SKU005,Household 01,CUST0024,5.37,1,Household,B3,L,F2,False,3.22
2024-08-22,TXN000412,SKU018,Beverages 03,CUST0039,6.03,2,Beverages,B1,M,F3,False,3.62
2024-08-22,TXN000412,SKU033,Snacks 05,CUST0039,6.13,1,Snacks,B1,S,F2,False,3.68
2024-08-22,TXN000412,SKU041,Snacks 06,CUST0039,6.25,2,Snacks,B3,L,F2,False,3.75
2024-08-22,TXN000412,SKU000,Coffee 01,CUST0039,5.1,1,Coffee,B1,M,F1,False,3.06
2024-08-22,TXN000412,SKU007,Pet 01,CUST0039,12.11,2,Pet,B2,L,F4,False,7.27
2024-08-22,TXN000412,SKU002,Beverages 01,CUST0039,5.73,2,Beverages,B3,M,F3,False,3.44
2024-08-22,TXN000560,SKU011,Bakery 02,CUST0055,10.55,2,Bakery,B3,S,F4,False,6.33
2024-08-22,TXN000560,SKU020,Dairy 03,CUST0055,17.08,2,Dairy,B3,S,F1,False,10.25
2024-08-22,TXN000560,SKU016,Coffee 03,CUST0055,10.8,1,Coffee,B2,L,F1,False,6.48
2024-08-22,TXN000640,SKU000,Coffee 01,CUST0064,5.1,3,Coffee,B1,M,F1,False,3.06
2024-08-22,TXN000640,SKU011,Bakery 02,CUST0064,10.55,2,Bakery,B3,S,F4,False,6.33
2024-08-22,TXN000640,SKU013,Household 02,CUST0064,5.73,1,Household,B2,M,F2,False,3.44
2024-08-22,TXN000640,SKU017,Snacks 03,CUST0064,6.17,3,Snacks,B3,M,F2,False,3.7
2024-08-22,TXN000640,SKU025,Snacks 04,CUST0064,6.63,2,Snacks,B2,M,F2,False,3.98
2024-08-22,TXN000640,SKU023,Pet 03,CUST0064,8.97,3,Pet,B3,S,F4,False,5.38
2024-08-22,TXN000816,SKU000,Coffee 01,CUST0081,5.1,2,Coffee,B1,M,F1,False,3.06
2024-08-22,TXN000816,SKU006,Personal Care 01,CUST0081,6.63,3,Personal Care,B1,S,F3,False,3.98
2024-08-22,TXN000816,SKU008,Coffee 02,CUST0081,13.87,1,Coffee,B3,M,F1,False,8.32
2024-08-22,TXN000816,SKU001,Snacks 01,CUST0081,8.26,2,Snacks,B2,L,F2,False,4.96
2024-08-22,TXN000816,SKU009,Snacks 02,CUST0081,3.57,1,Snacks,B1,M,F2,False,2.14
2024-08-22,TXN000816,SKU038,Personal Care 05,CUST0081,8.94,1,Personal Care,B3,L,F3,False,5.36
2024-08-22,TXN001016,SKU023,Pet 03,CUST0103,8.97,1,Pet,B3,S,F4,False,5.38
2024-08-22,TXN001016,SKU032,Coffee 05,CUST0103,10.67,1,Coffee,B3,S,F1,False,6.4
2024-08-23,TXN000583,SKU000,Coffee 01,CUST0057,5.1,2,Coffee,B1,M,F1,False,3.06
2024-08-23,TXN000583,SKU004,Dairy 01,CUST0057,3.85,2,Dairy,B2,M,F1,False,2.31
2024-08-23,TXN000583,SKU003,Bakery 01,CUST0057,7.92,1,Bakery,B1,S,F4,False,4.75
2024-08-23,TXN000741,SKU003,Bakery 01,CUST0075,7.92,3,Bakery,B1,S,F4,False,4.75
2024-08-23,TXN000741,SKU001,Snacks 01,CUST0075,8.26,2,Snacks,B2,L,F2,False,4.96
2024-08-23,TXN000741,SKU049,Snacks 07,CUST0075,6.71,1,Snacks,B2,L,F2,False,4.03
2024-08-23,TXN000741,SKU005,Household 01,CUST0075,5.37,2,Household,B3,L,F2,False,3.22
2024-08-23,TXN000741,SKU004,Dairy 01,CUST0075,3.85,2,Dairy,B2,M,F1,False,2.31
2024-08-23,TXN000741,SKU017,Snacks 03,CUST0075,6.17,2,Snacks,B3,M,F2,False,3.7
2024-08-23,TXN000822,SKU004,Dairy 01,CUST0082,3.85,2,Dairy,B2,M,F1,False,2.31
2024-08-23,TXN000822,SKU001,Snacks 01,CUST0082,8.26,2,Snacks,B2,L,F2,False,4.96
2024-08-23,TXN000822,SKU058,Beverages 08,CUST0082,4.61,1,Beverages,B2,L,F3,False,2.77
2024-08-24,TXN000024,SKU007,Pet 01,CUST0001,12.11,2,Pet,B2,L,F4,False,7.27
2024-08-24,TXN000024,SKU015,Pet 02,CUST0001,14.75,1,Pet,B1,M,F4,False,8.85
2024-08-24,TXN000024,SKU021,Household 03,CUST0001,5.84,2,Household,B1,S,F2,False,3.5
2024-08-24,TXN000042,SKU000,Coffee 01,CUST0003,5.1,3,Coffee,B1,M,F1,False,3.06
2024-08-24,TXN000042,SKU004,Dairy 01,CUST0003,3.85,2,Dairy,B2,M,F1,False,2.31
2024-08-24,TXN000042,SKU003,Bakery 01,CUST0003,7.92,2,Bakery,B1,S,F4,False,4.75
2024-08-24,TXN000190,SKU000,Coffee 01,CUST0018,5.1,2,Coffee,B1,M,F1,False,3.06
2024-08-24,TXN000190,SKU004,Dairy 01,CUST0018,3.85,3,Dairy,B2,M,F1,False,2.31
2024-08-24,TXN000190,SKU003,Bakery 01,CUST0018,7.92,1,Bakery,B1,S,F4,False,4.75
2024-08-24,TXN000247,SKU006,Personal Care 01,CUST0024,6.63,1,Personal Care,B1,S,F3,False,3.98
2024-08-24,TXN000247,SKU000,Coffee 01,CUST0024,5.1,1,Coffee,B1,M,F1,False,3.06
2024-08-24,TXN000247,SKU002,Beverages 01,CUST0024,5.73,3,Beverages,B3,M,F3,False,3.44
2024-08-24,TXN000247,SKU056,Coffee 08,CUST0024,4.14,2,Coffee,B3,L,F1,False,2.48
2024-08-24,TXN000247,SKU004,Dairy 01,CUST0024,3.85,1,Dairy,B2,M,F1,False,2.31
2024-08-24,TXN000401,SKU002,Beverages 01,CUST0039,5.73,1,Beverages,B3,M,F3,False,3.44
2024-08-24,TXN000401,SKU025,Snacks 04,CUST0039,6.63,1,Snacks,B2,M,F2,False,3.98
2024-08-24,TXN000401,SKU000,Coffee 01,CUST0039,5.1,2,Coffee,B1,M,F1,False,3.06
2024-08-24,TXN000401,SKU005,Household 01,CUST0039,5.37,3,Household,B3,L,F2,False,3.22
2024-08-24,TXN000401,SKU012,Dairy 02,CUST0039,2.47,3,Dairy,B1,S,F1,False,1.48
2024-08-24,TXN000401,SKU022,Personal Care 03,CUST0039,6.25,1,Personal Care,B2,M,F3,False,3.75
2024-08-24,TXN000439,SKU001,Snacks 01,CUST0043,8.26,3,Snacks,B2,L,F2,False,4.96
2024-08-24,TXN000439,SKU002,Beverages 01,CUST0043,5.73,3,Beverages,B3,M,F3,False,3.44
2024-08-24,TXN000439,SKU022,Personal Care 03,CUST0043,6.25,2,Personal Care,B2,M,F3,False,3.75
2024-08-25,TXN000256,SKU009,Snacks 02,CUST0024,3.57,3,Snacks,B1,M,F2,False,2.14
2024-08-25,TXN000256,SKU015,Pet 02,CUST0024,14.75,2,Pet,B1,M,F4,False,8.85
2024-08-25,TXN000256,SKU057,Snacks 08,CUST0024,8.52,2,Snacks,B1,M,F2,False,5.11
2024-08-25,TXN000956,SKU012,Dairy 02,CUST0096,2.47,3,Dairy,B1,S,F1,False,1.48
2024-08-25,TXN000956,SKU050,Beverages 07,CUST0096,6.6,2,Beverages,B3,M,F3,False,3.96
2024-08-25,TXN000956,SKU043,Bakery 06,CUST0096,8.09,2,Bakery,B2,L,F4,False,4.85
2024-08-25,TXN000956,SKU000,Coffee 01,CUST0096,5.1,1,Coffee,B1,M,F1,False,3.06
2024-08-25,TXN000956,SKU016,Coffee 03,CUST0096,10.8,1,Coffee,B2,L,F1,False,6.48
2024-08-25,TXN000956,SKU002,Beverages 01,CUST0096,5.73,3,Beverages,B3,M,F3,False,3.44
2024-08-25,TXN001072,SKU005,Household 01,CUST0108,5.37,3,Household,B3,L,F2,False,3.22
2024-08-25,TXN001072,SKU013,Household 02,CUST0108,5.73,1,Household,B2,M,F2,False,3.44
2024-08-25,TXN001072,SKU004,Dairy 01,CUST0108,3.85,1,Dairy,B2,M,F1,False,2.31
2024-08-25,TXN001072,SKU002,Beverages 01,CUST0108,5.73,3,Beverages,B3,M,F3,False,3.44
2024-08-26,TXN000096,SKU008,Coffee 02,CUST0007,13.87,1,Coffee,B3,M,F1,False,8.32
2024-08-26,TXN000096,SKU000,Coffee 01,CUST0007,5.1,1,Coffee,B1,M,F1,False,3.06
2024-08-26,TXN000096,SKU013,Household 02,CUST0007,5.73,3,Household,B2,M,F2,False,3.44
2024-08-26,TXN000132,SKU059,Bakery 08,CUST0011,12.61,3,Bakery,B3,M,F4,False,7.57
2024-08-26,TXN000132,SKU000,Coffee 01,CUST0011,5.1,1,Coffee,B1,M,F1,False,3.06
2024-08-26,TXN000156,SKU018,Beverages 03,CUST0015,6.03,3,Beverages,B1,M,F3,False,3.62
2024-08-26,TXN000156,SKU001,Snacks 01,CUST0015,8.26,3,Snacks,B2,L,F2,False,4.96
2024-08-26,TXN000156,SKU026,Beverages 04,CUST0015,4.0,1,Beverages,B3,M,F3,False,2.4
2024-08-26,TXN000786,SKU020,Dairy 03,CUST0079,17.08,2,Dairy,B3,S,F1,False,10.25
2024-08-26,TXN000786,SKU039,Pet 05,CUST0079,2.92,2,Pet,B1,S,F4,False,1.75
2024-08-26,TXN001137,SKU017,Snacks 03,CUST0116,6.17,1,Snacks,B3,M,F2,False,3.7
2024-08-26,TXN001137,SKU015,Pet 02,CUST0116,14.75,1,Pet,B1,M,F4,False,8.85
2024-08-26,TXN001137,SKU006,Personal Care 01,CUST0116,6.63,1,Personal Care,B1,S,F3,False,3.98
2024-08-26,TXN001137,SKU020,Dairy 03,CUST0116,17.08,2,Dairy,B3,S,F1,False,10.25
2024-08-27,TXN000099,SKU024,Coffee 04,CUST0008,6.91,3,Coffee,B1,S,F1,False,4.15
2024-08-27,TXN000099,SKU019,Bakery 03,CUST0008,6.44,2,Bakery,B2,L,F4,False,3.86
2024-08-27,TXN000099,SKU028,Dairy 04,CUST0008,5.79,2,Dairy,B2,M,F1,False,3.47
2024-08-27,TXN000099,SKU001,Snacks 01,CUST0008,8.26,1,Snacks,B2,L,F2,False,4.96
2024-08-27,TXN000278,SKU000,Coffee 01,CUST0027,5.1,1,Coffee,B1,M,F1,False,3.06
2024-08-27,TXN000278,SKU002,Beverages 01,CUST0027,5.73,1,Beverages,B3,M,F3,False,3.44
2024-08-27,TXN000278,SKU014,Personal Care 02,CUST0027,7.0,1,Personal Care,B3,M,F3,False,4.2
2024-08-27,TXN000278,SKU035,Bakery 05,CUST0027,7.37,1,Bakery,B3,S,F4,False,4.42
2024-08-27,TXN000278,SKU019,Bakery 03,CUST0027,6.44,1,Bakery,B2,L,F4,False,3.86
2024-08-27,TXN000294,SKU008,Coffee 02,CUST0030,13.87,1,Coffee,B3,M,F1,False,8.32
2024-08-27,TXN000294,SKU011,Bakery 02,CUST0030,10.55,2,Bakery,B3,S,F4,False,6.33
2024-08-27,TXN000394,SKU000,Coffee 01,CUST0039,5.1,2,Coffee,B1,M,F1,False,3.06
2024-08-27,TXN000394,SKU012,Dairy 02,CUST0039,2.47,1,Dairy,B1,S,F1,False,1.48
2024-08-27,TXN000394,SKU001,Snacks 01,CUST0039,8.26,2,Snacks,B2,L,F2,False,4.96
2024-08-27,TXN000394,SKU010,Beverages 02,CUST0039,4.77,1,Beverages,B2,M,F3,False,2.86
2024-08-27,TXN000399,SKU009,Snacks 02,CUST0039,3.57,3,Snacks,B1,M,F2,False,2.14
2024-08-27,TXN000399,SKU001,Snacks 01,CUST0039,8.26,1,Snacks,B2,L,F2,False,4.96
2024-08-27,TXN000399,SKU000,Coffee 01,CUST0039,5.1,3,Coffee,B1,M,F1,False,3.06
2024-08-27,TXN000399,SKU017,Snacks 03,CUST0039,6.17,2,Snacks,B3,M,F2,False,3.7
2024-08-27,TXN000399,SKU003,Bakery 01,CUST0039,7.92,2,Bakery,B1,S,F4,False,4.75
2024-08-27,TXN000399,SKU014,Personal Care 02,CUST0039,7.0,1,Personal Care,B3,M,F3,False,4.2
2024-08-27,TXN000421,SKU009,Snacks 02,CUST0040,3.57,3,Snacks,B1,M,F2,False,2.14
2024-08-27,TXN000421,SKU000,Coffee 01,CUST0040,5.1,2,Coffee,B1,M,F1,False,3.06
2024-08-27,TXN000421,SKU006,Personal Care 01,CUST0040,6.63,2,Personal Care,B1,S,F3,False,3.98
2024-08-27,TXN000421,SKU019,Bakery 03,CUST0040,6.44,2,Bakery,B2,L,F4,False,3.86
2024-08-27,TXN000500,SKU000,Coffee 01,CUST0049,5.1,2,Coffee,B1,M,F1,False,3.06
2024-08-27,TXN000500,SKU012,Dairy 02,CUST0049,2.47,1,Dairy,B1,S,F1,False,1.48
2024-08-27,TXN000612,SKU000,Coffee 01,CUST0061,5.1,3,Coffee,B1,M,F1,False,3.06
2024-08-27,TXN000612,SKU001,Snacks 01,CUST0061,8.26,2,Snacks,B2,L,F2,False,4.96
2024-08-27,TXN000612,SKU007,Pet 01,CUST0061,12.11,3,Pet,B2,L,F4,False,7.27
2024-08-27,TXN000612,SKU004,Dairy 01,CUST0061,3.85,1,Dairy,B2,M,F1,False,2.31
2024-08-27,TXN000863,SKU027,Bakery 04,CUST0087,7.34,3,Bakery,B1,L,F4,False,4.4
2024-08-27,TXN000863,SKU011,Bakery 02,CUST0087,10.55,1,Bakery,B3,S,F4,False,6.33
2024-08-27,TXN000863,SKU015,Pet 02,CUST0087,14.75,2,Pet,B1,M,F4,False,8.85
2024-08-27,TXN000863,SKU000,Coffee 01,CUST0087,5.1,2,Coffee,B1,M,F1,False,3.06
2024-08-27,TXN001035,SKU000,Coffee 01,CUST0105,5.1,2,Coffee,B1,M,F1,False,3.06
2024-08-27,TXN001035,SKU004,Dairy 01,CUST0105,3.85,3,Dairy,B2,M,F1,False,2.31
2024-08-27,TXN001035,SKU003,Bakery 01,CUST0105,7.92,2,Bakery,B1,S,F4,False,4.75
2024-08-27,TXN001035,SKU018,Beverages 03,CUST0105,6.03,3,Beverages,B1,M,F3,False,3.62
2024-08-27,TXN001035,SKU050,Beverages 07,CUST0105,6.6,2,Beverages,B3,M,F3,False,3.96
2024-08-28,TXN000057,SKU001,Snacks 01,CUST0004,8.26,2,Snacks,B2,L,F2,False,4.96
2024-08-28,TXN000057,SKU000,Coffee 01,CUST0004,5.1,2,Coffee,B1,M,F1,False,3.06
2024-08-28,TXN000057,SKU003,Bakery 01,CUST0004,7.92,1,Bakery,B1,S,F4,False,4.75
2024-08-28,TXN000122,SKU000,Coffee 01,CUST0010,5.1,3,Coffee,B1,M,F1,False,3.06
2024-08-28,TXN000122,SKU002,Beverages 01,CUST0010,5.73,3,Beverages,B3,M,F3,False,3.44
2024-08-28,TXN000122,SKU020,Dairy 03,CUST0010,17.08,1,Dairy,B3,S,F1,False,10.25
2024-08-28,TXN000122,SKU031,Pet 04,CUST0010,7.29,1,Pet,B2,S,F4,False,4.37
2024-08-28,TXN000122,SKU001,Snacks 01,CUST0010,8.26,3,Snacks,B2,L,F2,False,4.96
2024-08-28,TXN000133,SKU043,Bakery 06,CUST0011,8.09,2,Bakery,B2,L,F4,False,4.85
2024-08-28,TXN000133,SKU054,Personal Care 07,CUST0011,7.07,2,Personal Care,B1,M,F3,False,4.24
2024-08-28,TXN000383,SKU002,Beverages 01,CUST0037,5.73,1,Beverages,B3,M,F3,False,3.44
2024-08-28,TXN000383,SKU000,Coffee 01,CUST0037,5.1,2,Coffee,B1,M,F1,False,3.06
2024-08-28,TXN000405,SKU000,Coffee 01,CUST0039,5.1,3,Coffee,B1,M,F1,False,3.06
2024-08-28,TXN000405,SKU005,Household 01,CUST0039,5.37,2,Household,B3,L,F2,False,3.22
2024-08-28,TXN000497,SKU023,Pet 03,CUST0049,8.97,3,Pet,B3,S,F4,False,5.38
2024-08-28,TXN000497,SKU000,Coffee 01,CUST0049,5.1,2,Coffee,B1,M,F1,False,3.06
2024-08-28,TXN000497,SKU005,Household 01,CUST0049,5.37,2,Household,B3,L,F2,False,3.22
2024-08-28,TXN000497,SKU016,Coffee 03,CUST0049,10.8,3,Coffee,B2,L,F1,False,6.48
2024-08-28,TXN000790,SKU006,Personal Care 01,CUST0079,6.63,1,Personal Care,B1,S,F3,False,3.98
2024-08-28,TXN000790,SKU014,Personal Care 02,CUST0079,7.0,2,Personal Care,B3,M,F3,False,4.2
2024-08-28,TXN000790,SKU011,Bakery 02,CUST0079,10.55,2,Bakery,B3,S,F4,False,6.33
2024-08-28,TXN000790,SKU005,Household 01,CUST0079,5.37,3,Household,B3,L,F2,False,3.22
2024-08-28,TXN000831,SKU017,Snacks 03,CUST0084,6.17,2,Snacks,B3,M,F2,False,3.7
2024-08-28,TXN000831,SKU030,Personal Care 04,CUST0084,10.58,1,Personal Care,B1,M,F3,False,6.35
2024-08-28,TXN000831,SKU048,Coffee 07,CUST0084,9.69,2,Coffee,B1,M,F1,False,5.81
2024-08-28,TXN000831,SKU000,Coffee 01,CUST0084,5.1,2,Coffee,B1,M,F1,False,3.06
2024-08-28,TXN000831,SKU008,Coffee 02,CUST0084,13.87,3,Coffee,B3,M,F1,False,8.32
2024-08-28,TXN000831,SKU004,Dairy 01,CUST0084,3.85,1,Dairy,B2,M,F1,False,2.31
2024-08-29,TXN000025,SKU001,Snacks 01,CUST0001,8.26,2,Snacks,B2,L,F2,False,4.96
2024-08-29,TXN000025,SKU005,Household 01,CUST0001,5.37,2,Household,B3,L,F2,False,3.22
2024-08-29,TXN000025,SKU011,Bakery 02,CUST0001,10.55,1,Bakery,B3,S,F4,False,6.33
2024-08-29,TXN000025,SKU048,Coffee 07,CUST0001,9.69,2,Coffee,B1,M,F1,False,5.81
2024-08-29,TXN000025,SKU042,Beverages 06,CUST0001,4.5,3,Beverages,B1,M,F3,False,2.7
2024-08-29,TXN000025,SKU000,Coffee 01,CUST0001,5.1,1,Coffee,B1,M,F1,False,3.06
2024-08-29,TXN000078,SKU017,Snacks 03,CUST0006,6.17,1,Snacks,B3,M,F2,False,3.7
2024-08-29,TXN000078,SKU023,Pet 03,CUST0006,8.97,3,Pet,B3,S,F4,False,5.38
2024-08-29,TXN000078,SKU000,Coffee 01,CUST0006,5.1,2,Coffee,B1,M,F1,False,3.06
2024-08-29,TXN000078,SKU001,Snacks 01,CUST0006,8.26,1,Snacks,B2,L,F2,False,4.96
2024-08-29,TXN000078,SKU009,Snacks 02,CUST0006,3.57,3,Snacks,B1,M,F2,False,2.14
2024-08-29,TXN000168,SKU001,Snacks 01,CUST0015,8.26,1,Snacks,B2,L,F2,False,4.96
2024-08-29,TXN000168,SKU037,Household 05,CUST0015,3.63,3,Household,B2,S,F2,False,2.18
2024-08-29,TXN000168,SKU000,Coffee 01,CUST0015,5.1,1,Coffee,B1,M,F1,False,3.06
2024-08-29,TXN000168,SKU044,Dairy 06,CUST0015,25.4,1,Dairy,B3,M,F1,False,15.24
2024-08-29,TXN000168,SKU027,Bakery 04,CUST0015,7.34,1,Bakery,B1,L,F4,False,4.4
2024-08-29,TXN000599,SKU001,Snacks 01,CUST0060,8.26,3,Snacks,B2,L,F2,False,4.96
2024-08-29,TXN000599,SKU000,Coffee 01,CUST0060,5.1,3,Coffee,B1,M,F1,False,3.06
2024-08-29,TXN000599,SKU009,Snacks 02,CUST0060,3.57,2,Snacks,B1,M,F2,False,2.14
2024-08-29,TXN000599,SKU026,Beverages 04,CUST0060,4.0,1,Beverages,B3,M,F3,False,2.4
2024-08-29,TXN000599,SKU004,Dairy 01,CUST0060,3.85,2,Dairy,B2,M,F1,False,2.31
2024-08-29,TXN000599,SKU005,Household 01,CUST0060,5.37,2,Household,B3,L,F2,False,3.22
2024-08-29,TXN000651,SKU000,Coffee 01,CUST0066,5.1,2,Coffee,B1,M,F1,False,3.06
2024-08-29,TXN000651,SKU005,Household 01,CUST0066,5.37,3,Household,B3,L,F2,False,3.22
2024-08-29,TXN000671,SKU018,Beverages 03,CUST0067,6.03,3,Beverages,B1,M,F3,False,3.62
2024-08-29,TXN000671,SKU033,Snacks 05,CUST0067,6.13,2,Snacks,B1,S,F2,False,3.68
2024-08-29,TXN000671,SKU041,Snacks 06,CUST0067,6.25,1,Snacks,B3,L,F2,False,3.75
2024-08-29,TXN000841,SKU029,Household 04,CUST0084,14.03,1,Household,B3,M,F2,False,8.42
2024-08-29,TXN000841,SKU009,Snacks 02,CUST0084,3.57,2,Snacks,B1,M,F2,False,2.14
2024-08-29,TXN000841,SKU006,Personal Care 01,CUST0084,6.63,2,Personal Care,B1,S,F3,False,3.98
2024-08-29,TXN000841,SKU000,Coffee 01,CUST0084,5.1,3,Coffee,B1,M,F1,False,3.06
2024-08-29,TXN001150,SKU007,Pet 01,CUST0118,12.11,1,Pet,B2,L,F4,False,7.27
2024-08-29,TXN001150,SKU015,Pet 02,CUST0118,14.75,3,Pet,B1,M,F4,False,8.85
2024-08-29,TXN001150,SKU021,Household 03,CUST0118,5.84,3,Household,B1,S,F2,False,3.5
2024-08-29,TXN001150,SKU002,Beverages 01,CUST0118,5.73,2,Beverages,B3,M,F3,False,3.44
2024-08-29,TXN001150,SKU026,Beverages 04,CUST0118,4.0,1,Beverages,B3,M,F3,False,2.4
2024-08-30,TXN000332,SKU027,Bakery 04,CUST0033,7.34,1,Bakery,B1,L,F4,False,4.4
2024-08-30,TXN000332,SKU000,Coffee 01,CUST0033,5.1,2,Coffee,B1,M,F1,False,3.06
2024-08-30,TXN000332,SKU034,Beverages 05,CUST0033,13.18,3,Beverages,B2,M,F3,False,7.91
2024-08-30,TXN000332,SKU022,Personal Care 03,CUST0033,6.25,2,Personal Care,B2,M,F3,False,3.75
2024-08-30,TXN000332,SKU032,Coffee 05,CUST0033,10.67,2,Coffee,B3,S,F1,False,6.4
2024-08-30,TXN000332,SKU014,Personal Care 02,CUST0033,7.0,2,Personal Care,B3,M,F3,False,4.2
2024-08-30,TXN000489,SKU031,Pet 04,CUST0048,7.29,3,Pet,B2,S,F4,False,4.37
2024-08-30,TXN000489,SKU001,Snacks 01,CUST0048,8.26,3,Snacks,B2,L,F2,False,4.96
2024-08-30,TXN000489,SKU004,Dairy 01,CUST0048,3.85,2,Dairy,B2,M,F1,False,2.31
2024-08-30,TXN000853,SKU005,Household 01,CUST0086,5.37,3,Household,B3,L,F2,False,3.22
2024-08-30,TXN000853,SKU013,Household 02,CUST0086,5.73,3,Household,B2,M,F2,False,3.44
2024-08-30,TXN001069,SKU055,Pet 07,CUST0108,7.53,1,Pet,B2,S,F4,False,4.52
2024-08-30,TXN001069,SKU018,Beverages 03,CUST0108,6.03,3,Beverages,B1,M,F3,False,3.62
2024-08-31,TXN000028,SKU011,Bakery 02,CUST0001,10.55,2,Bakery,B3,S,F4,False,6.33
2024-08-31,TXN000028,SKU032,Coffee 05,CUST0001,10.67,1,Coffee,B3,S,F1,False,6.4
2024-08-31,TXN000161,SKU004,Dairy 01,CUST0015,3.85,2,Dairy,B2,M,F1,False,2.31
2024-08-31,TXN000161,SKU007,Pet 01,CUST0015,12.11,3,Pet,B2,L,F4,False,7.27
2024-08-31,TXN000390,SKU002,Beverages 01,CUST0039,5.73,3,Beverages,B3,M,F3,False,3.44
2024-08-31,TXN000390,SKU009,Snacks 02,CUST0039,3.57,3,Snacks,B1,M,F2,False,2.14
2024-08-31,TXN000390,SKU017,Snacks 03,CUST0039,6.17,1,Snacks,B3,M,F2,False,3.7
2024-08-31,TXN000390,SKU000,Coffee 01,CUST0039,5.1,1,Coffee,B1,M,F1,False,3.06
2024-08-31,TXN000539,SKU033,Snacks 05,CUST0054,6.13,3,Snacks,B1,S,F2,False,3.68
2024-08-31,TXN000539,SKU000,Coffee 01,CUST0054,5.1,1,Coffee,B1,M,F1,False,3.06
2024-08-31,TXN000539,SKU002,Beverages 01,CUST0054,5.73,1,Beverages,B3,M,F3,False,3.44
2024-08-31,TXN000539,SKU029,Household 04,CUST0054,14.03,3,Household,B3,M,F2,False,8.42
2024-08-31,TXN000585,SKU004,Dairy 01,CUST0058,3.85,1,Dairy,B2,M,F1,False,2.31
2024-08-31,TXN000585,SKU000,Coffee 01,CUST0058,5.1,3,Coffee,B1,M,F1,False,3.06
2024-08-31,TXN000585,SKU024,Coffee 04,CUST0058,6.91,3,Coffee,B1,S,F1,False,4.15
2024-08-31,TXN000585,SKU039,Pet 05,CUST0058,2.92,1,Pet,B1,S,F4,False,1.75
2024-08-31,TXN000792,SKU034,Beverages 05,CUST0080,13.18,2,Beverages,B2,M,F3,False,7.91
2024-08-31,TXN000792,SKU020,Dairy 03,CUST0080,17.08,1,Dairy,B3,S,F1,False,10.25
2024-08-31,TXN000792,SKU006,Personal Care 01,CUST0080,6.63,3,Personal Care,B1,S,F3,False,3.98
2024-08-31,TXN000890,SKU057,Snacks 08,CUST0088,8.52,2,Snacks,B1,M,F2,False,5.11
2024-08-31,TXN000890,SKU000,Coffee 01,CUST0088,5.1,2,Coffee,B1,M,F1,False,3.06
2024-08-31,TXN000890,SKU044,Dairy 06,CUST0088,25.4,2,Dairy,B3,M,F1,False,15.24
2024-08-31,TXN000890,SKU003,Bakery 01,CUST0088,7.92,1,Bakery,B1,S,F4,False,4.75
2024-08-31,TXN001041,SKU007,Pet 01,CUST0105,12.11,3,Pet,B2,L,F4,False,7.27
2024-08-31,TXN001041,SKU002,Beverages 01,CUST0105,5.73,2,Beverages,B3,M,F3,False,3.44
2024-08-31,TXN001041,SKU000,Coffee 01,CUST0105,5.1,2,Coffee,B1,M,F1,False,3.06
2024-09-01,TXN000270,SKU001,Snacks 01,CUST0026,8.26,1,Snacks,B2,L,F2,False,4.96
2024-09-01,TXN000270,SKU014,Personal Care 02,CUST0026,7.0,2,Personal Care,B3,M,F3,False,4.2
2024-09-01,TXN000270,SKU000,Coffee 01,CUST0026,5.1,1,Coffee,B1,M,F1,False,3.06
2024-09-01,TXN000357,SKU002,Beverages 01,CUST0035,5.73,3,Beverages,B3,M,F3,False,3.44
2024-09-01,TXN000357,SKU009,Snacks 02,CUST0035,3.57,1,Snacks,B1,M,F2,False,2.14
2024-09-01,TXN000357,SKU017,Snacks 03,CUST0035,6.17,2,Snacks,B3,M,F2,False,3.7
2024-09-01,TXN000357,SKU005,Household 01,CUST0035,5.37,3,Household,B3,L,F2,False,3.22
2024-09-01,TXN000357,SKU025,Snacks 04,CUST0035,6.63,3,Snacks,B2,M,F2,False,3.98
2024-09-01,TXN000476,SKU000,Coffee 01,CUST0047,5.1,1,Coffee,B1,M,F1,False,3.06
2024-09-01,TXN000476,SKU009,Snacks 02,CUST0047,3.57,2,Snacks,B1,M,F2,False,2.14
2024-09-01,TXN000476,SKU001,Snacks 01,CUST0047,8.26,1,Snacks,B2,L,F2,False,4.96
2024-09-01,TXN000476,SKU043,Bakery 06,CUST0047,8.09,2,Bakery,B2,L,F4,False,4.85
2024-09-01,TXN000482,SKU000,Coffee 01,CUST0048,5.1,3,Coffee,B1,M,F1,False,3.06
2024-09-01,TXN000482,SKU008,Coffee 02,CUST0048,13.87,1,Coffee,B3,M,F1,False,8.32
2024-09-01,TXN000482,SKU022,Personal Care 03,CUST0048,6.25,3,Personal Care,B2,M,F3,False,3.75
2024-09-01,TXN000482,SKU001,Snacks 01,CUST0048,8.26,2,Snacks,B2,L,F2,False,4.96
2024-09-01,TXN000482,SKU014,Personal Care 02,CUST0048,7.0,2,Personal Care,B3,M,F3,False,4.2
2024-09-01,TXN000482,SKU039,Pet 05,CUST0048,2.92,2,Pet,B1,S,F4,False,1.75
2024-09-01,TXN000891,SKU050,Beverages 07,CUST0088,6.6,2,Beverages,B3,M,F3,False,3.96
2024-09-01,TXN000891,SKU039,Pet 05,CUST0088,2.92,3,Pet,B1,S,F4,False,1.75
2024-09-01,TXN000891,SKU052,Dairy 07,CUST0088,9.84,2,Dairy,B2,S,F1,False,5.9
2024-09-01,TXN000891,SKU059,Bakery 08,CUST0088,12.61,2,Bakery,B3,M,F4,False,7.57
2024-09-01,TXN001140,SKU013,Household 02,CUST0117,5.73,1,Household,B2,M,F2,False,3.44
2024-09-01,TXN001140,SKU000,Coffee 01,CUST0117,5.1,3,Coffee,B1,M,F1,False,3.06
2024-09-01,TXN001140,SKU003,Bakery 01,CUST0117,7.92,3,Bakery,B1,S,F4,False,4.75
2024-09-02,TXN000296,SKU010,Beverages 02,CUST0030,4.77,2,Beverages,B2,M,F3,False,2.86
2024-09-02,TXN000296,SKU025,Snacks 04,CUST0030,6.63,2,Snacks,B2,M,F2,False,3.98
2024-09-02,TXN000296,SKU001,Snacks 01,CUST0030,8.26,2,Snacks,B2,L,F2,False,4.96
2024-09-02,TXN000296,SKU016,Coffee 03,CUST0030,10.8,3,Coffee,B2,L,F1,False,6.48
2024-09-02,TXN000296,SKU026,Beverages 04,CUST0030,4.0,2,Beverages,B3,M,F3,False,2.4
2024-09-02,TXN000432,SKU035,Bakery 05,CUST0042,7.37,1,Bakery,B3,S,F4,False,4.42
2024-09-02,TXN000432,SKU008,Coffee 02,CUST0042,13.87,2,Coffee,B3,M,F1,False,8.32
2024-09-02,TXN000432,SKU013,Household 02,CUST0042,5.73,2,Household,B2,M,F2,False,3.44
2024-09-02,TXN000669,SKU039,Pet 05,CUST0067,2.92,1,Pet,B1,S,F4,False,1.75
2024-09-02,TXN000669,SKU002,Beverages 01,CUST0067,5.73,3,Beverages,B3,M,F3,False,3.44
2024-09-02,TXN000669,SKU015,Pet 02,CUST0067,14.75,2,Pet,B1,M,F4,False,8.85
2024-09-02,TXN000669,SKU010,Beverages 02,CUST0067,4.77,3,Beverages,B2,M,F3,False,2.86
2024-09-02,TXN000669,SKU021,Household 03,CUST0067,5.84,2,Household,B1,S,F2,False,3.5
2024-09-02,TXN000845,SKU010,Beverages 02,CUST0085,4.77,3,Beverages,B2,M,F3,False,2.86
2024-09-02,TXN000845,SKU004,Dairy 01,CUST0085,3.85,2,Dairy,B2,M,F1,False,2.31
2024-09-02,TXN001002,SKU000,Coffee 01,CUST0102,5.1,1,Coffee,B1,M,F1,False,3.06
2024-09-02,TXN001002,SKU005,Household 01,CUST0102,5.37,2,Household,B3,L,F2,False,3.22
2024-09-02,TXN001152,SKU005,Household 01,CUST0118,5.37,3,Household,B3,L,F2,False,3.22
2024-09-02,TXN001152,SKU013,Household 02,CUST0118,5.73,2,Household,B2,M,F2,False,3.44
2024-09-02,TXN001152,SKU018,Beverages 03,CUST0118,6.03,3,Beverages,B1,M,F3,False,3.62
2024-09-03,TXN000695,SKU035,Bakery 05,CUST0069,7.37,2,Bakery,B3,S,F4,False,4.42
2024-09-03,TXN000695,SKU000,Coffee 01,CUST0069,5.1,2,Coffee,B1,M,F1,False,3.06
2024-09-03,TXN000695,SKU057,Snacks 08,CUST0069,8.52,3,Snacks,B1,M,F2,False,5.11
2024-09-03,TXN000695,SKU001,Snacks 01,CUST0069,8.26,3,Snacks,B2,L,F2,False,4.96
2024-09-03,TXN000695,SKU007,Pet 01,CUST0069,12.11,1,Pet,B2,L,F4,False,7.27
2024-09-03,TXN000695,SKU003,Bakery 01,CUST0069,7.92,3,Bakery,B1,S,F4,False,4.75
2024-09-03,TXN000953,SKU000,Coffee 01,CUST0096,5.1,3,Coffee,B1,M,F1,False,3.06
2024-09-03,TXN000953,SKU004,Dairy 01,CUST0096,3.85,1,Dairy,B2,M,F1,False,2.31
2024-09-03,TXN000953,SKU003,Bakery 01,CUST0096,7.92,3,Bakery,B1,S,F4,False,4.75
2024-09-03,TXN001062,SKU001,Snacks 01,CUST0108,8.26,1,Snacks,B2,L,F2,False,4.96
2024-09-03,TXN001062,SKU004,Dairy 01,CUST0108,3.85,2,Dairy,B2,M,F1,False,2.31
2024-09-04,TXN000423,SKU000,Coffee 01,CUST0042,5.1,1,Coffee,B1,M,F1,False,3.06
2024-09-04,TXN000423,SKU031,Pet 04,CUST0042,7.29,2,Pet,B2,S,F4,False,4.37
2024-09-04,TXN000423,SKU032,Coffee 05,CUST0042,10.67,1,Coffee,B3,S,F1,False,6.4
2024-09-04,TXN000423,SKU007,Pet 01,CUST0042,12.11,2,Pet,B2,L,F4,False,7.27
2024-09-04,TXN000646,SKU008,Coffee 02,CUST0065,13.87,2,Coffee,B3,M,F1,False,8.32
2024-09-04,TXN000646,SKU012,Dairy 02,CUST0065,2.47,2,Dairy,B1,S,F1,False,1.48
2024-09-04,TXN000646,SKU001,Snacks 01,CUST0065,8.26,1,Snacks,B2,L,F2,False,4.96
2024-09-04,TXN000646,SKU000,Coffee 01,CUST0065,5.1,1,Coffee,B1,M,F1,False,3.06
2024-09-04,TXN000646,SKU007,Pet 01,CUST0065,12.11,1,Pet,B2,L,F4,False,7.27
2024-09-04,TXN000659,SKU010,Beverages 02,CUST0066,4.77,1,Beverages,B2,M,F3,False,2.86
2024-09-04,TXN000659,SKU001,Snacks 01,CUST0066,8.26,1,Snacks,B2,L,F2,False,4.96
2024-09-04,TXN000659,SKU008,Coffee 02,CUST0066,13.87,3,Coffee,B3,M,F1,False,8.32
2024-09-04,TXN000659,SKU000,Coffee 01,CUST0066,5.1,3,Coffee,B1,M,F1,False,3.06
2024-09-04,TXN000659,SKU003,Bakery 01,CUST0066,7.92,1,Bakery,B1,S,F4,False,4.75
2024-09-04,TXN000687,SKU000,Coffee 01,CUST0069,5.1,2,Coffee,B1,M,F1,False,3.06
2024-09-04,TXN000687,SKU015,Pet 02,CUST0069,14.75,3,Pet,B1,M,F4,False,8.85
2024-09-05,TXN000163,SKU024,Coffee 04,CUST0015,6.91,2,Coffee,B1,S,F1,False,4.15
2024-09-05,TXN000163,SKU019,Bakery 03,CUST0015,6.44,3,Bakery,B2,L,F4,False,3.86
2024-09-05,TXN000163,SKU028,Dairy 04,CUST0015,5.79,2,Dairy,B2,M,F1,False,3.47
2024-09-05,TXN000163,SKU006,Personal Care 01,CUST0015,6.63,1,Personal Care,B1,S,F3,False,3.98
2024-09-05,TXN000163,SKU004,Dairy 01,CUST0015,3.85,2,Dairy,B2,M,F1,False,2.31
2024-09-05,TXN000309,SKU000,Coffee 01,CUST0030,5.1,2,Coffee,B1,M,F1,False,3.06
2024-09-05,TXN000309,SKU002,Beverages 01,CUST0030,5.73,2,Beverages,B3,M,F3,False,3.44
2024-09-05,TXN000309,SKU001,Snacks 01,CUST0030,8.26,1,Snacks,B2,L,F2,False,4.96
2024-09-05,TXN000400,SKU030,Personal Care 04,CUST0039,10.58,1,Personal Care,B1,M,F3,False,6.35
2024-09-05,TXN000400,SKU005,Household 01,CUST0039,5.37,2,Household,B3,L,F2,False,3.22
2024-09-05,TXN000400,SKU001,Snacks 01,CUST0039,8.26,2,Snacks,B2,L,F2,False,4.96
2024-09-05,TXN000400,SKU045,Household 06,CUST0039,4.68,2,Household,B1,M,F2,False,2.81
2024-09-05,TXN000400,SKU000,Coffee 01,CUST0039,5.1,2,Coffee,B1,M,F1,False,3.06
2024-09-05,TXN000400,SKU002,Beverages 01,CUST0039,5.73,3,Beverages,B3,M,F3,False,3.44
2024-09-05,TXN000554,SKU024,Coffee 04,CUST0055,6.91,1,Coffee,B1,S,F1,False,4.15
2024-09-05,TXN000554,SKU001,Snacks 01,CUST0055,8.26,1,Snacks,B2,L,F2,False,4.96
2024-09-05,TXN000554,SKU009,Snacks 02,CUST0055,3.57,2,Snacks,B1,M,F2,False,2.14
2024-09-05,TXN000554,SKU003,Bakery 01,CUST0055,7.92,2,Bakery,B1,S,F4,False,4.75
2024-09-05,TXN000554,SKU040,Coffee 06,CUST0055,2.41,1,Coffee,B2,S,F1,False,1.45
2024-09-05,TXN000630,SKU018,Beverages 03,CUST0063,6.03,1,Beverages,B1,M,F3,False,3.62
2024-09-05,TXN000630,SKU033,Snacks 05,CUST0063,6.13,2,Snacks,B1,S,F2,False,3.68
2024-09-05,TXN000630,SKU041,Snacks 06,CUST0063,6.25,2,Snacks,B3,L,F2,False,3.75
2024-09-05,TXN000630,SKU008,Coffee 02,CUST0063,13.87,3,Coffee,B3,M,F1,False,8.32
2024-09-05,TXN000665,SKU010,Beverages 02,CUST0066,4.77,3,Beverages,B2,M,F3,False,2.86
2024-09-05,TXN000665,SKU025,Snacks 04,CUST0066,6.63,3,Snacks,B2,M,F2,False,3.98
2024-09-05,TXN000665,SKU000,Coffee 01,CUST0066,5.1,3,Coffee,B1,M,F1,False,3.06
2024-09-05,TXN000665,SKU019,Bakery 03,CUST0066,6.44,2,Bakery,B2,L,F4,False,3.86
2024-09-05,TXN000665,SKU006,Personal Care 01,CUST0066,6.63,3,Personal Care,B1,S,F3,False,3.98
2024-09-05,TXN000665,SKU003,Bakery 01,CUST0066,7.92,3,Bakery,B1,S,F4,False,4.75
2024-09-05,TXN000735,SKU003,Bakery 01,CUST0075,7.92,3,Bakery,B1,S,F4,False,4.75
2024-09-05,TXN000735,SKU000,Coffee 01,CUST0075,5.1,1,Coffee,B1,M,F1,False,3.06
2024-09-05,TXN000735,SKU029,Household 04,CUST0075,14.03,2,Household,B3,M,F2,False,8.42
2024-09-06,TXN000158,SKU007,Pet 01,CUST0015,12.11,1,Pet,B2,L,F4,False,7.27
2024-09-06,TXN000158,SKU000,Coffee 01,CUST0015,5.1,1,Coffee,B1,M,F1,False,3.06
2024-09-06,TXN000158,SKU018,Beverages 03,CUST0015,6.03,2,Beverages,B1,M,F3,False,3.62
2024-09-06,TXN000158,SKU031,Pet 04,CUST0015,7.29,2,Pet,B2,S,F4,False,4.37
2024-09-06,TXN000158,SKU005,Household 01,CUST0015,5.37,1,Household,B3,L,F2,False,3.22
2024-09-06,TXN000243,SKU000,Coffee 01,CUST0024,5.1,1,Coffee,B1,M,F1,False,3.06
2024-09-06,TXN000243,SKU004,Dairy 01,CUST0024,3.85,2,Dairy,B2,M,F1,False,2.31
2024-09-06,TXN000243,SKU003,Bakery 01,CUST0024,7.92,3,Bakery,B1,S,F4,False,4.75
2024-09-06,TXN000243,SKU025,Snacks 04,CUST0024,6.63,2,Snacks,B2,M,F2,False,3.98
2024-09-06,TXN000440,SKU001,Snacks 01,CUST0043,8.26,1,Snacks,B2,L,F2,False,4.96
2024-09-06,TXN000440,SKU000,Coffee 01,CUST0043,5.1,1,Coffee,B1,M,F1,False,3.06
2024-09-06,TXN000440,SKU017,Snacks 03,CUST0043,6.17,3,Snacks,B3,M,F2,False,3.7
2024-09-06,TXN000628,SKU039,Pet 05,CUST0063,2.04,2,Pet,B1,S,F4,True,1.22
2024-09-06,TXN000628,SKU042,Beverages 06,CUST0063,4.5,2,Beverages,B1,M,F3,False,2.7
2024-09-06,TXN000628,SKU008,Coffee 02,CUST0063,13.87,2,Coffee,B3,M,F1,False,8.32
2024-09-06,TXN000628,SKU003,Bakery 01,CUST0063,7.92,1,Bakery,B1,S,F4,False,4.75
2024-09-06,TXN000874,SKU000,Coffee 01,CUST0087,5.1,3,Coffee,B1,M,F1,False,3.06
2024-09-06,TXN000874,SKU002,Beverages 01,CUST0087,5.73,2,Beverages,B3,M,F3,False,3.44
2024-09-06,TXN000874,SKU004,Dairy 01,CUST0087,3.85,3,Dairy,B2,M,F1,False,2.31
2024-09-06,TXN000874,SKU001,Snacks 01,CUST0087,8.26,3,Snacks,B2,L,F2,False,4.96
2024-09-07,TXN000103,SKU000,Coffee 01,CUST0009,5.1,2,Coffee,B1,M,F1,False,3.06
2024-09-07,TXN000103,SKU039,Pet 05,CUST0009,2.04,1,Pet,B1,S,F4,True,1.22
2024-09-07,TXN000103,SKU033,Snacks 05,CUST0009,6.13,1,Snacks,B1,S,F2,False,3.68
2024-09-07,TXN000103,SKU023,Pet 03,CUST0009,8.97,3,Pet,B3,S,F4,False,5.38
2024-09-07,TXN000103,SKU018,Beverages 03,CUST0009,6.03,3,Beverages,B1,M,F3,False,3.62
2024-09-07,TXN000117,SKU005,Household 01,CUST0009,5.37,3,Household,B3,L,F2,False,3.22
2024-09-07,TXN000117,SKU013,Household 02,CUST0009,5.73,3,Household,B2,M,F2,False,3.44
2024-09-07,TXN000117,SKU001,Snacks 01,CUST0009,8.26,1,Snacks,B2,L,F2,False,4.96
2024-09-07,TXN000117,SKU000,Coffee 01,CUST0009,5.1,2,Coffee,B1,M,F1,False,3.06
2024-09-07,TXN000117,SKU004,Dairy 01,CUST0009,3.85,1,Dairy,B2,M,F1,False,2.31
2024-09-07,TXN000580,SKU024,Coffee 04,CUST0057,6.91,1,Coffee,B1,S,F1,False,4.15
2024-09-07,TXN000580,SKU019,Bakery 03,CUST0057,6.44,2,Bakery,B2,L,F4,False,3.86
2024-09-07,TXN000580,SKU028,Dairy 04,CUST0057,5.79,2,Dairy,B2,M,F1,False,3.47
2024-09-07,TXN000753,SKU004,Dairy 01,CUST0076,3.85,1,Dairy,B2,M,F1,False,2.31
2024-09-07,TXN000753,SKU013,Household 02,CUST0076,5.73,2,Household,B2,M,F2,False,3.44
2024-09-07,TXN000852,SKU001,Snacks 01,CUST0086,8.26,2,Snacks,B2,L,F2,False,4.96
2024-09-07,TXN000852,SKU000,Coffee 01,CUST0086,5.1,1,Coffee,B1,M,F1,False,3.06
2024-09-07,TXN000876,SKU011,Bakery 02,CUST0087,10.55,1,Bakery,B3,S,F4,False,6.33
2024-09-07,TXN000876,SKU053,Household 07,CUST0087,4.18,1,Household,B3,M,F2,False,2.51
2024-09-07,TXN000876,SKU007,Pet 01,CUST0087,12.11,3,Pet,B2,L,F4,False,7.27
2024-09-07,TXN000876,SKU001,Snacks 01,CUST0087,8.26,1,Snacks,B2,L,F2,False,4.96
2024-09-07,TXN000876,SKU006,Personal Care 01,CUST0087,6.63,1,Personal Care,B1,S,F3,False,3.98
2024-09-07,TXN000876,SKU000,Coffee 01,CUST0087,5.1,3,Coffee,B1,M,F1,False,3.06
2024-09-07,TXN001061,SKU010,Beverages 02,CUST0108,4.77,3,Beverages,B2,M,F3,False,2.86
2024-09-07,TXN001061,SKU001,Snacks 01,CUST0108,8.26,1,Snacks,B2,L,F2,False,4.96
2024-09-07,TXN001061,SKU000,Coffee 01,CUST0108,5.1,1,Coffee,B1,M,F1,False,3.06
2024-09-07,TXN001061,SKU003,Bakery 01,CUST0108,7.92,3,Bakery,B1,S,F4,False,4.75
2024-09-07,TXN001061,SKU045,Household 06,CUST0108,4.68,2,Household,B1,M,F2,False,2.81
2024-09-07,TXN001097,SKU008,Coffee 02,CUST0112,13.87,2,Coffee,B3,M,F1,False,8.32
2024-09-07,TXN001097,SKU012,Dairy 02,CUST0112,2.47,2,Dairy,B1,S,F1,False,1.48
2024-09-07,TXN001097,SKU001,Snacks 01,CUST0112,8.26,3,Snacks,B2,L,F2,False,4.96
2024-09-07,TXN001097,SKU046,Personal Care 06,CUST0112,5.24,2,Personal Care,B2,S,F3,False,3.14
2024-09-08,TXN000070,SKU042,Beverages 06,CUST0006,4.5,2,Beverages,B1,M,F3,False,2.7
2024-09-08,TXN000070,SKU010,Beverages 02,CUST0006,4.77,1,Beverages,B2,M,F3,False,2.86
2024-09-08,TXN000123,SKU002,Beverages 01,CUST0010,5.73,1,Beverages,B3,M,F3,False,3.44
2024-09-08,TXN000123,SKU009,Snacks 02,CUST0010,3.57,1,Snacks,B1,M,F2,False,2.14
2024-09-08,TXN000123,SKU017,Snacks 03,CUST0010,6.17,3,Snacks,B3,M,F2,False,3.7
2024-09-08,TXN000126,SKU036,Dairy 05,CUST0010,10.18,2,Dairy,B1,M,F1,False,6.11
2024-09-08,TXN000126,SKU009,Snacks 02,CUST0010,3.57,2,Snacks,B1,M,F2,False,2.14
2024-09-08,TXN000414,SKU000,Coffee 01,CUST0040,5.1,1,Coffee,B1,M,F1,False,3.06
2024-09-08,TXN000414,SKU024,Coffee 04,CUST0040,6.91,3,Coffee,B1,S,F1,False,4.15
2024-09-08,TXN000414,SKU004,Dairy 01,CUST0040,3.85,1,Dairy,B2,M,F1,False,2.31
2024-09-08,TXN000414,SKU023,Pet 03,CUST0040,8.97,2,Pet,B3,S,F4,False,5.38
2024-09-08,TXN000414,SKU001,Snacks 01,CUST0040,8.26,2,Snacks,B2,L,F2,False,4.96
2024-09-08,TXN000414,SKU019,Bakery 03,CUST0040,6.44,1,Bakery,B2,L,F4,False,3.86
2024-09-08,TXN000789,SKU003,Bakery 01,CUST0079,7.92,1,Bakery,B1,S,F4,False,4.75
2024-09-08,TXN000789,SKU007,Pet 01,CUST0079,12.11,2,Pet,B2,L,F4,False,7.27
2024-09-08,TXN000789,SKU002,Beverages 01,CUST0079,5.73,1,Beverages,B3,M,F3,False,3.44
2024-09-08,TXN000789,SKU017,Snacks 03,CUST0079,6.17,2,Snacks,B3,M,F2,False,3.7
2024-09-08,TXN000976,SKU001,Snacks 01,CUST0099,8.26,1,Snacks,B2,L,F2,False,4.96
2024-09-08,TXN000976,SKU050,Beverages 07,CUST0099,6.6,1,Beverages,B3,M,F3,False,3.96
2024-09-08,TXN000976,SKU008,Coffee 02,CUST0099,13.87,2,Coffee,B3,M,F1,False,8.32
2024-09-08,TXN000976,SKU000,Coffee 01,CUST0099,5.1,3,Coffee,B1,M,F1,False,3.06
2024-09-09,TXN000018,SKU012,Dairy 02,CUST0000,2.47,3,Dairy,B1,S,F1,False,1.48
2024-09-09,TXN000018,SKU017,Snacks 03,CUST0000,6.17,3,Snacks,B3,M,F2,False,3.7
2024-09-09,TXN000018,SKU021,Household 03,CUST0000,5.84,1,Household,B1,S,F2,False,3.5
2024-09-09,TXN000018,SKU000,Coffee 01,CUST0000,5.1,1,Coffee,B1,M,F1,False,3.06
2024-09-09,TXN000018,SKU041,Snacks 06,CUST0000,6.25,1,Snacks,B3,L,F2,False,3.75
2024-09-09,TXN000160,SKU006,Personal Care 01,CUST0015,6.63,3,Personal Care,B1,S,F3,False,3.98
2024-09-09,TXN000160,SKU050,Beverages 07,CUST0015,6.6,3,Beverages,B3,M,F3,False,3.96
2024-09-09,TXN000160,SKU032,Coffee 05,CUST0015,10.67,2,Coffee,B3,S,F1,False,6.4
2024-09-09,TXN000160,SKU000,Coffee 01,CUST0015,5.1,2,Coffee,B1,M,F1,False,3.06
2024-09-09,TXN000160,SKU009,Snacks 02,CUST0015,3.57,1,Snacks,B1,M,F2,False,2.14
2024-09-09,TXN000274,SKU024,Coffee 04,CUST0027,6.91,2,Coffee,B1,S,F1,False,4.15
2024-09-09,TXN000274,SKU000,Coffee 01,CUST0027,5.1,3,Coffee,B1,M,F1,False,3.06
2024-09-09,TXN000274,SKU003,Bakery 01,CUST0027,7.92,3,Bakery,B1,S,F4,False,4.75
2024-09-09,TXN000274,SKU015,Pet 02,CUST0027,14.75,2,Pet,B1,M,F4,False,8.85
2024-09-09,TXN000282,SKU056,Coffee 08,CUST0027,4.14,1,Coffee,B3,L,F1,False,2.48
2024-09-09,TXN000282,SKU000,Coffee 01,CUST0027,5.1,1,Coffee,B1,M,F1,False,3.06
2024-09-09,TXN000282,SKU008,Coffee 02,CUST0027,13.87,3,Coffee,B3,M,F1,False,8.32
2024-09-09,TXN000282,SKU005,Household 01,CUST0027,5.37,1,Household,B3,L,F2,False,3.22
2024-09-09,TXN000282,SKU002,Beverages 01,CUST0027,5.73,1,Beverages,B3,M,F3,False,3.44
2024-09-09,TXN000343,SKU027,Bakery 04,CUST0034,7.34,1,Bakery,B1,L,F4,False,4.4
2024-09-09,TXN000343,SKU002,Beverages 01,CUST0034,5.73,3,Beverages,B3,M,F3,False,3.44
2024-09-09,TXN000343,SKU020,Dairy 03,CUST0034,17.08,2,Dairy,B3,S,F1,False,10.25
2024-09-09,TXN000603,SKU010,Beverages 02,CUST0060,4.77,2,Beverages,B2,M,F3,False,2.86
2024-09-09,TXN000603,SKU025,Snacks 04,CUST0060,6.63,2,Snacks,B2,M,F2,False,3.98
2024-09-09,TXN000614,SKU003,Bakery 01,CUST0061,7.92,1,Bakery,B1,S,F4,False,4.75
2024-09-09,TXN000614,SKU016,Coffee 03,CUST0061,10.8,1,Coffee,B2,L,F1,False,6.48
2024-09-09,TXN000614,SKU010,Beverages 02,CUST0061,4.77,3,Beverages,B2,M,F3,False,2.86
2024-09-09,TXN000614,SKU000,Coffee 01,CUST0061,5.1,1,Coffee,B1,M,F1,False,3.06
2024-09-09,TXN000614,SKU004,Dairy 01,CUST0061,3.85,1,Dairy,B2,M,F1,False,2.31
2024-09-09,TXN000614,SKU007,Pet 01,CUST0061,12.11,1,Pet,B2,L,F4,False,7.27
2024-09-09,TXN000693,SKU005,Household 01,CUST0069,5.37,2,Household,B3,L,F2,False,3.22
2024-09-09,TXN000693,SKU013,Household 02,CUST0069,5.73,3,Household,B2,M,F2,False,3.44
2024-09-09,TXN000693,SKU001,Snacks 01,CUST0069,8.26,3,Snacks,B2,L,F2,False,4.96
2024-09-09,TXN000693,SKU009,Snacks 02,CUST0069,3.57,1,Snacks,B1,M,F2,False,2.14
2024-09-09,TXN000693,SKU024,Coffee 04,CUST0069,6.91,1,Coffee,B1,S,F1,False,4.15
2024-09-09,TXN000693,SKU022,Personal Care 03,CUST0069,6.25,2,Personal Care,B2,M,F3,False,3.75
2024-09-09,TXN000699,SKU025,Snacks 04,CUST0070,6.63,3,Snacks,B2,M,F2,False,3.98
2024-09-09,TXN000699,SKU003,Bakery 01,CUST0070,7.92,2,Bakery,B1,S,F4,False,4.75
2024-09-09,TXN000699,SKU000,Coffee 01,CUST0070,5.1,2,Coffee,B1,M,F1,False,3.06
2024-09-09,TXN000798,SKU007,Pet 01,CUST0081,12.11,2,Pet,B2,L,F4,False,7.27
2024-09-09,TXN000798,SKU014,Personal Care 02,CUST0081,7.0,2,Personal Care,B3,M,F3,False,4.2
2024-09-09,TXN000850,SKU003,Bakery 01,CUST0085,7.92,2,Bakery,B1,S,F4,False,4.75
2024-09-09,TXN000850,SKU001,Snacks 01,CUST0085,8.26,2,Snacks,B2,L,F2,False,4.96
2024-09-09,TXN000850,SKU038,Personal Care 05,CUST0085,8.94,2,Personal Care,B3,L,F3,False,5.36
2024-09-09,TXN000946,SKU003,Bakery 01,CUST0094,7.92,3,Bakery,B1,S,F4,False,4.75
2024-09-09,TXN000946,SKU010,Beverages 02,CUST0094,4.77,2,Beverages,B2,M,F3,False,2.86
2024-09-09,TXN000949,SKU001,Snacks 01,CUST0096,8.26,2,Snacks,B2,L,F2,False,4.96
2024-09-09,TXN000949,SKU023,Pet 03,CUST0096,8.97,2,Pet,B3,S,F4,False,5.38
2024-09-10,TXN000045,SKU001,Snacks 01,CUST0003,8.26,2,Snacks,B2,L,F2,False,4.96
2024-09-10,TXN000045,SKU004,Dairy 01,CUST0003,3.85,1,Dairy,B2,M,F1,False,2.31
2024-09-10,TXN000317,SKU002,Beverages 01,CUST0032,5.73,2,Beverages,B3,M,F3,False,3.44
2024-09-10,TXN000317,SKU009,Snacks 02,CUST0032,3.57,2,Snacks,B1,M,F2,False,2.14
2024-09-10,TXN000317,SKU017,Snacks 03,CUST0032,6.17,3,Snacks,B3,M,F2,False,3.7
2024-09-10,TXN000317,SKU005,Household 01,CUST0032,5.37,2,Household,B3,L,F2,False,3.22
2024-09-10,TXN000317,SKU038,Personal Care 05,CUST0032,8.94,1,Personal Care,B3,L,F3,False,5.36
2024-09-10,TXN000381,SKU018,Beverages 03,CUST0037,6.03,1,Beverages,B1,M,F3,False,3.62
2024-09-10,TXN000381,SKU033,Snacks 05,CUST0037,6.13,3,Snacks,B1,S,F2,False,3.68
2024-09-10,TXN000381,SKU041,Snacks 06,CUST0037,6.25,1,Snacks,B3,L,F2,False,3.75
2024-09-10,TXN000907,SKU056,Coffee 08,CUST0090,4.14,2,Coffee,B3,L,F1,False,2.48
2024-09-10,TXN000907,SKU000,Coffee 01,CUST0090,5.1,1,Coffee,B1,M,F1,False,3.06
2024-09-10,TXN000907,SKU023,Pet 03,CUST0090,8.97,2,Pet,B3,S,F4,False,5.38
2024-09-10,TXN001089,SKU055,Pet 07,CUST0111,7.53,3,Pet,B2,S,F4,False,4.52
2024-09-10,TXN001089,SKU011,Bakery 02,CUST0111,10.55,3,Bakery,B3,S,F4,False,6.33
2024-09-10,TXN001089,SKU009,Snacks 02,CUST0111,3.57,1,Snacks,B1,M,F2,False,2.14
2024-09-11,TXN000165,SKU005,Household 01,CUST0015,5.37,3,Household,B3,L,F2,False,3.22
2024-09-11,TXN000165,SKU013,Household 02,CUST0015,5.73,1,Household,B2,M,F2,False,3.44
2024-09-11,TXN000165,SKU003,Bakery 01,CUST0015,7.92,3,Bakery,B1,S,F4,False,4.75
2024-09-11,TXN000348,SKU024,Coffee 04,CUST0034,6.91,2,Coffee,B1,S,F1,False,4.15
2024-09-11,TXN000348,SKU019,Bakery 03,CUST0034,6.44,2,Bakery,B2,L,F4,False,3.86
2024-09-11,TXN000348,SKU028,Dairy 04,CUST0034,5.79,3,Dairy,B2,M,F1,False,3.47
2024-09-11,TXN000348,SKU003,Bakery 01,CUST0034,7.92,2,Bakery,B1,S,F4,False,4.75
2024-09-11,TXN000348,SKU043,Bakery 06,CUST0034,5.66,2,Bakery,B2,L,F4,True,3.4
2024-09-11,TXN000348,SKU000,Coffee 01,CUST0034,5.1,3,Coffee,B1,M,F1,False,3.06
2024-09-11,TXN000702,SKU027,Bakery 04,CUST0071,7.34,1,Bakery,B1,L,F4,False,4.4
2024-09-11,TXN000702,SKU033,Snacks 05,CUST0071,6.13,1,Snacks,B1,S,F2,False,3.68
2024-09-11,TXN000702,SKU004,Dairy 01,CUST0071,3.85,2,Dairy,B2,M,F1,False,2.31
2024-09-11,TXN000710,SKU011,Bakery 02,CUST0072,10.55,3,Bakery,B3,S,F4,False,6.33
2024-09-11,TXN000710,SKU003,Bakery 01,CUST0072,7.92,1,Bakery,B1,S,F4,False,4.75
2024-09-11,TXN000710,SKU000,Coffee 01,CUST0072,5.1,1,Coffee,B1,M,F1,False,3.06
2024-09-11,TXN000710,SKU002,Beverages 01,CUST0072,5.73,1,Beverages,B3,M,F3,False,3.44
2024-09-11,TXN000710,SKU035,Bakery 05,CUST0072,7.37,2,Bakery,B3,S,F4,False,4.42
2024-09-11,TXN000710,SKU005,Household 01,CUST0072,5.37,1,Household,B3,L,F2,False,3.22
2024-09-11,TXN000736,SKU002,Beverages 01,CUST0075,5.73,2,Beverages,B3,M,F3,False,3.44
2024-09-11,TXN000736,SKU039,Pet 05,CUST0075,2.04,3,Pet,B1,S,F4,True,1.22
2024-09-11,TXN000736,SKU016,Coffee 03,CUST0075,10.8,3,Coffee,B2,L,F1,False,6.48
2024-09-11,TXN000736,SKU043,Bakery 06,CUST0075,5.66,2,Bakery,B2,L,F4,True,3.4
2024-09-11,TXN000736,SKU040,Coffee 06,CUST0075,2.41,1,Coffee,B2,S,F1,False,1.45
2024-09-11,TXN000820,SKU016,Coffee 03,CUST0082,10.8,2,Coffee,B2,L,F1,False,6.48
2024-09-11,TXN000820,SKU046,Personal Care 06,CUST0082,5.24,1,Personal Care,B2,S,F3,False,3.14
2024-09-11,TXN000820,SKU003,Bakery 01,CUST0082,7.92,3,Bakery,B1,S,F4,False,4.75
2024-09-11,TXN000878,SKU001,Snacks 01,CUST0087,8.26,2,Snacks,B2,L,F2,False,4.96
2024-09-11,TXN000878,SKU000,Coffee 01,CUST0087,5.1,3,Coffee,B1,M,F1,False,3.06
2024-09-11,TXN000878,SKU004,Dairy 01,CUST0087,3.85,1,Dairy,B2,M,F1,False,2.31
2024-09-11,TXN000878,SKU037,Household 05,CUST0087,3.63,2,Household,B2,S,F2,False,2.18
2024-09-11,TXN000878,SKU011,Bakery 02,CUST0087,10.55,1,Bakery,B3,S,F4,False,6.33
2024-09-11,TXN000878,SKU039,Pet 05,CUST0087,2.04,3,Pet,B1,S,F4,True,1.22
2024-09-11,TXN001004,SKU000,Coffee 01,CUST0102,5.1,2,Coffee,B1,M,F1,False,3.06
2024-09-11,TXN001004,SKU004,Dairy 01,CUST0102,3.85,1,Dairy,B2,M,F1,False,2.31
2024-09-11,TXN001004,SKU003,Bakery 01,CUST0102,7.92,3,Bakery,B1,S,F4,False,4.75
2024-09-11,TXN001004,SKU055,Pet 07,CUST0102,7.53,3,Pet,B2,S,F4,False,4.52
2024-09-11,TXN001004,SKU017,Snacks 03,CUST0102,6.17,3,Snacks,B3,M,F2,False,3.7
2024-09-11,TXN001004,SKU022,Personal Care 03,CUST0102,6.25,3,Personal Care,B2,M,F3,False,3.75
2024-09-12,TXN000084,SKU024,Coffee 04,CUST0006,6.91,2,Coffee,B1,S,F1,False,4.15
2024-09-12,TXN000084,SKU019,Bakery 03,CUST0006,6.44,1,Bakery,B2,L,F4,False,3.86
2024-09-12,TXN000084,SKU028,Dairy 04,CUST0006,5.79,3,Dairy,B2,M,F1,False,3.47
2024-09-12,TXN000566,SKU027,Bakery 04,CUST0057,7.34,3,Bakery,B1,L,F4,False,4.4
2024-09-12,TXN000566,SKU000,Coffee 01,CUST0057,5.1,2,Coffee,B1,M,F1,False,3.06
2024-09-12,TXN000566,SKU035,Bakery 05,CUST0057,7.37,1,Bakery,B3,S,F4,False,4.42
2024-09-12,TXN000566,SKU004,Dairy 01,CUST0057,3.85,2,Dairy,B2,M,F1,False,2.31
2024-09-12,TXN000566,SKU001,Snacks 01,CUST0057,8.26,1,Snacks,B2,L,F2,False,4.96
2024-09-12,TXN000714,SKU008,Coffee 02,CUST0072,13.87,3,Coffee,B3,M,F1,False,8.32
2024-09-12,TXN000714,SKU052,Dairy 07,CUST0072,9.84,2,Dairy,B2,S,F1,False,5.9
2024-09-13,TXN000173,SKU000,Coffee 01,CUST0015,5.1,2,Coffee,B1,M,F1,False,3.06
2024-09-13,TXN000173,SKU004,Dairy 01,CUST0015,3.85,3,Dairy,B2,M,F1,False,2.31
2024-09-13,TXN000173,SKU003,Bakery 01,CUST0015,7.92,3,Bakery,B1,S,F4,False,4.75
2024-09-13,TXN000311,SKU012,Dairy 02,CUST0030,2.47,1,Dairy,B1,S,F1,False,1.48
2024-09-13,TXN000311,SKU017,Snacks 03,CUST0030,6.17,3,Snacks,B3,M,F2,False,3.7
2024-09-13,TXN000311,SKU006,Personal Care 01,CUST0030,4.64,1,Personal Care,B1,S,F3,True,2.78
2024-09-13,TXN000311,SKU008,Coffee 02,CUST0030,13.87,2,Coffee,B3,M,F1,False,8.32
2024-09-13,TXN000311,SKU003,Bakery 01,CUST0030,7.92,2,Bakery,B1,S,F4,False,4.75
2024-09-13,TXN000311,SKU000,Coffee 01,CUST0030,5.1,1,Coffee,B1,M,F1,False,3.06
2024-09-13,TXN000325,SKU038,Personal Care 05,CUST0033,8.94,1,Personal Care,B3,L,F3,False,5.36
2024-09-13,TXN000325,SKU001,Snacks 01,CUST0033,8.26,1,Snacks,B2,L,F2,False,4.96
2024-09-13,TXN000325,SKU000,Coffee 01,CUST0033,5.1,1,Coffee,B1,M,F1,False,3.06
2024-09-13,TXN000325,SKU010,Beverages 02,CUST0033,4.77,1,Beverages,B2,M,F3,False,2.86
2024-09-13,TXN000325,SKU052,Dairy 07,CUST0033,9.84,3,Dairy,B2,S,F1,False,5.9
2024-09-13,TXN000337,SKU030,Personal Care 04,CUST0033,10.58,3,Personal Care,B1,M,F3,False,6.35
2024-09-13,TXN000337,SKU007,Pet 01,CUST0033,12.11,2,Pet,B2,L,F4,False,7.27
2024-09-13,TXN000337,SKU009,Snacks 02,CUST0033,3.57,3,Snacks,B1,M,F2,False,2.14
2024-09-13,TXN000337,SKU002,Beverages 01,CUST0033,5.73,3,Beverages,B3,M,F3,False,3.44
2024-09-13,TXN000904,SKU024,Coffee 04,CUST0090,6.91,3,Coffee,B1,S,F1,False,4.15
2024-09-13,TXN000904,SKU019,Bakery 03,CUST0090,6.44,3,Bakery,B2,L,F4,False,3.86
2024-09-13,TXN000904,SKU028,Dairy 04,CUST0090,5.79,1,Dairy,B2,M,F1,False,3.47
2024-09-13,TXN000904,SKU003,Bakery 01,CUST0090,7.92,2,Bakery,B1,S,F4,False,4.75
2024-09-13,TXN000904,SKU001,Snacks 01,CUST0090,8.26,3,Snacks,B2,L,F2,False,4.96
2024-09-13,TXN001015,SKU000,Coffee 01,CUST0102,5.1,1,Coffee,B1,M,F1,False,3.06
2024-09-13,TXN001015,SKU008,Coffee 02,CUST0102,13.87,1,Coffee,B3,M,F1,False,8.32
2024-09-13,TXN001024,SKU000,Coffee 01,CUST0104,5.1,1,Coffee,B1,M,F1,False,3.06
2024-09-13,TXN001024,SKU008,Coffee 02,CUST0104,13.87,3,Coffee,B3,M,F1,False,8.32
2024-09-13,TXN001031,SKU002,Beverages 01,CUST0105,5.73,1,Beverages,B3,M,F3,False,3.44
2024-09-13,TXN001031,SKU000,Coffee 01,CUST0105,5.1,3,Coffee,B1,M,F1,False,3.06
2024-09-13,TXN001031,SKU039,Pet 05,CUST0105,2.04,3,Pet,B1,S,F4,True,1.22
2024-09-13,TXN001077,SKU055,Pet 07,CUST0109,7.53,1,Pet,B2,S,F4,False,4.52
2024-09-13,TXN001077,SKU000,Coffee 01,CUST0109,5.1,3,Coffee,B1,M,F1,False,3.06
2024-09-13,TXN001077,SKU014,Personal Care 02,CUST0109,7.0,2,Personal Care,B3,M,F3,False,4.2
2024-09-14,TXN000112,SKU024,Coffee 04,CUST0009,6.91,3,Coffee,B1,S,F1,False,4.15
2024-09-14,TXN000112,SKU019,Bakery 03,CUST0009,6.44,2,Bakery,B2,L,F4,False,3.86
2024-09-14,TXN000112,SKU028,Dairy 04,CUST0009,5.79,3,Dairy,B2,M,F1,False,3.47
2024-09-14,TXN000112,SKU029,Household 04,CUST0009,14.03,3,Household,B3,M,F2,False,8.42
2024-09-14,TXN000335,SKU006,Personal Care 01,CUST0033,4.64,2,Personal Care,B1,S,F3,True,2.78
2024-09-14,TXN000335,SKU001,Snacks 01,CUST0033,8.26,1,Snacks,B2,L,F2,False,4.96
2024-09-14,TXN000335,SKU000,Coffee 01,CUST0033,5.1,1,Coffee,B1,M,F1,False,3.06
2024-09-14,TXN000335,SKU009,Snacks 02,CUST0033,3.57,3,Snacks,B1,M,F2,False,2.14
2024-09-14,TXN000335,SKU002,Beverages 01,CUST0033,5.73,3,Beverages,B3,M,F3,False,3.44
2024-09-14,TXN000725,SKU015,Pet 02,CUST0074,14.75,3,Pet,B1,M,F4,False,8.85
2024-09-14,TXN000725,SKU001,Snacks 01,CUST0074,8.26,2,Snacks,B2,L,F2,False,4.96
2024-09-14,TXN000728,SKU000,Coffee 01,CUST0075,5.1,2,Coffee,B1,M,F1,False,3.06
2024-09-14,TXN000728,SKU004,Dairy 01,CUST0075,3.85,1,Dairy,B2,M,F1,False,2.31
2024-09-14,TXN000728,SKU001,Snacks 01,CUST0075,8.26,1,Snacks,B2,L,F2,False,4.96
2024-09-14,TXN000728,SKU006,Personal Care 01,CUST0075,4.64,1,Personal Care,B1,S,F3,True,2.78
2024-09-14,TXN000728,SKU005,Household 01,CUST0075,5.37,2,Household,B3,L,F2,False,3.22
2024-09-14,TXN000900,SKU012,Dairy 02,CUST0090,2.47,1,Dairy,B1,S,F1,False,1.48
2024-09-14,TXN000900,SKU000,Coffee 01,CUST0090,5.1,3,Coffee,B1,M,F1,False,3.06
2024-09-14,TXN000900,SKU047,Pet 06,CUST0090,8.27,3,Pet,B3,M,F4,False,4.96
2024-09-14,TXN000951,SKU006,Personal Care 01,CUST0096,4.64,3,Personal Care,B1,S,F3,True,2.78
2024-09-14,TXN000951,SKU014,Personal Care 02,CUST0096,7.0,3,Personal Care,B3,M,F3,False,4.2
2024-09-14,TXN000951,SKU008,Coffee 02,CUST0096,13.87,3,Coffee,B3,M,F1,False,8.32
2024-09-14,TXN001066,SKU008,Coffee 02,CUST0108,13.87,1,Coffee,B3,M,F1,False,8.32
2024-09-14,TXN001066,SKU012,Dairy 02,CUST0108,2.47,1,Dairy,B1,S,F1,False,1.48
2024-09-14,TXN001066,SKU001,Snacks 01,CUST0108,8.26,2,Snacks,B2,L,F2,False,4.96
2024-09-14,TXN001066,SKU002,Beverages 01,CUST0108,5.73,3,Beverages,B3,M,F3,False,3.44
2024-09-14,TXN001138,SKU013,Household 02,CUST0116,5.73,2,Household,B2,M,F2,False,3.44
2024-09-14,TXN001138,SKU024,Coffee 04,CUST0116,6.91,1,Coffee,B1,S,F1,False,4.15
2024-09-15,TXN000200,SKU011,Bakery 02,CUST0020,10.55,2,Bakery,B3,S,F4,False,6.33
2024-09-15,TXN000200,SKU020,Dairy 03,CUST0020,17.08,1,Dairy,B3,S,F1,False,10.25
2024-09-15,TXN000200,SKU016,Coffee 03,CUST0020,10.8,1,Coffee,B2,L,F1,False,6.48
2024-09-15,TXN000589,SKU000,Coffee 01,CUST0059,5.1,1,Coffee,B1,M,F1,False,3.06
2024-09-15,TXN000589,SKU004,Dairy 01,CUST0059,3.85,3,Dairy,B2,M,F1,False,2.31
2024-09-15,TXN000589,SKU003,Bakery 01,CUST0059,7.92,2,Bakery,B1,S,F4,False,4.75
2024-09-15,TXN000589,SKU006,Personal Care 01,CUST0059,4.64,2,Personal Care,B1,S,F3,True,2.78
2024-09-15,TXN000589,SKU008,Coffee 02,CUST0059,13.87,3,Coffee,B3,M,F1,False,8.32
2024-09-15,TXN000701,SKU000,Coffee 01,CUST0071,5.1,3,Coffee,B1,M,F1,False,3.06
2024-09-15,TXN000701,SKU013,Household 02,CUST0071,5.73,3,Household,B2,M,F2,False,3.44
2024-09-15,TXN000701,SKU049,Snacks 07,CUST0071,6.71,2,Snacks,B2,L,F2,False,4.03
2024-09-15,TXN000701,SKU039,Pet 05,CUST0071,2.04,1,Pet,B1,S,F4,True,1.22
2024-09-15,TXN000817,SKU005,Household 01,CUST0081,5.37,1,Household,B3,L,F2,False,3.22
2024-09-15,TXN000817,SKU013,Household 02,CUST0081,5.73,1,Household,B2,M,F2,False,3.44
2024-09-15,TXN000817,SKU009,Snacks 02,CUST0081,3.57,1,Snacks,B1,M,F2,False,2.14
2024-09-15,TXN001134,SKU007,Pet 01,CUST0115,12.11,1,Pet,B2,L,F4,False,7.27
2024-09-15,TXN001134,SKU010,Beverages 02,CUST0115,4.77,2,Beverages,B2,M,F3,False,2.86
2024-09-15,TXN001134,SKU024,Coffee 04,CUST0115,6.91,3,Coffee,B1,S,F1,False,4.15
2024-09-15,TXN001134,SKU022,Personal Care 03,CUST0115,6.25,3,Personal Care,B2,M,F3,False,3.75
2024-09-16,TXN000106,SKU008,Coffee 02,CUST0009,13.87,3,Coffee,B3,M,F1,False,8.32
2024-09-16,TXN000106,SKU012,Dairy 02,CUST0009,2.47,1,Dairy,B1,S,F1,False,1.48
2024-09-16,TXN000106,SKU001,Snacks 01,CUST0009,8.26,1,Snacks,B2,L,F2,False,4.96
2024-09-16,TXN000106,SKU002,Beverages 01,CUST0009,5.73,1,Beverages,B3,M,F3,False,3.44
2024-09-16,TXN000106,SKU047,Pet 06,CUST0009,8.27,2,Pet,B3,M,F4,False,4.96
2024-09-16,TXN000326,SKU001,Snacks 01,CUST0033,8.26,2,Snacks,B2,L,F2,False,4.96
2024-09-16,TXN000326,SKU006,Personal Care 01,CUST0033,4.64,3,Personal Care,B1,S,F3,True,2.78
2024-09-16,TXN000873,SKU009,Snacks 02,CUST0087,3.57,2,Snacks,B1,M,F2,False,2.14
2024-09-16,TXN000873,SKU007,Pet 01,CUST0087,12.11,3,Pet,B2,L,F4,False,7.27
2024-09-16,TXN000873,SKU008,Coffee 02,CUST0087,13.87,3,Coffee,B3,M,F1,False,8.32
2024-09-16,TXN000873,SKU006,Personal Care 01,CUST0087,4.64,2,Personal Care,B1,S,F3,True,2.78
2024-09-16,TXN000873,SKU000,Coffee 01,CUST0087,5.1,1,Coffee,B1,M,F1,False,3.06
2024-09-16,TXN000873,SKU013,Household 02,CUST0087,5.73,3,Household,B2,M,F2,False,3.44
2024-09-17,TXN000041,SKU019,Bakery 03,CUST0003,6.44,2,Bakery,B2,L,F4,False,3.86
2024-09-17,TXN000041,SKU001,Snacks 01,CUST0003,8.26,1,Snacks,B2,L,F2,False,4.96
2024-09-17,TXN000041,SKU003,Bakery 01,CUST0003,7.92,1,Bakery,B1,S,F4,False,4.75
2024-09-17,TXN000201,SKU024,Coffee 04,CUST0020,6.91,3,Coffee,B1,S,F1,False,4.15
2024-09-17,TXN000201,SKU001,Snacks 01,CUST0020,8.26,2,Snacks,B2,L,F2,False,4.96
2024-09-17,TXN000263,SKU004,Dairy 01,CUST0025,3.85,1,Dairy,B2,M,F1,False,2.31
2024-09-17,TXN000263,SKU001,Snacks 01,CUST0025,8.26,1,Snacks,B2,L,F2,False,4.96
2024-09-17,TXN000263,SKU006,Personal Care 01,CUST0025,4.64,3,Personal Care,B1,S,F3,True,2.78
2024-09-17,TXN000411,SKU011,Bakery 02,CUST0039,10.55,2,Bakery,B3,S,F4,False,6.33
2024-09-17,TXN000411,SKU003,Bakery 01,CUST0039,7.92,3,Bakery,B1,S,F4,False,4.75
2024-09-17,TXN000411,SKU000,Coffee 01,CUST0039,5.1,3,Coffee,B1,M,F1,False,3.06
2024-09-17,TXN000411,SKU006,Personal Care 01,CUST0039,4.64,2,Personal Care,B1,S,F3,True,2.78
2024-09-17,TXN000411,SKU035,Bakery 05,CUST0039,7.37,1,Bakery,B3,S,F4,False,4.42
2024-09-17,TXN000411,SKU042,Beverages 06,CUST0039,4.5,2,Beverages,B1,M,F3,False,2.7
2024-09-17,TXN000488,SKU040,Coffee 06,CUST0048,2.41,2,Coffee,B2,S,F1,False,1.45
2024-09-17,TXN000488,SKU006,Personal Care 01,CUST0048,4.64,2,Personal Care,B1,S,F3,True,2.78
2024-09-17,TXN000488,SKU002,Beverages 01,CUST0048,5.73,2,Beverages,B3,M,F3,False,3.44
2024-09-17,TXN000488,SKU027,Bakery 04,CUST0048,7.34,3,Bakery,B1,L,F4,False,4.4
2024-09-17,TXN000488,SKU020,Dairy 03,CUST0048,17.08,1,Dairy,B3,S,F1,False,10.25
2024-09-17,TXN000666,SKU020,Dairy 03,CUST0066,17.08,1,Dairy,B3,S,F1,False,10.25
2024-09-17,TXN000666,SKU006,Personal Care 01,CUST0066,4.64,3,Personal Care,B1,S,F3,True,2.78
2024-09-17,TXN000678,SKU011,Bakery 02,CUST0069,10.55,3,Bakery,B3,S,F4,False,6.33
2024-09-17,TXN000678,SKU020,Dairy 03,CUST0069,17.08,3,Dairy,B3,S,F1,False,10.25
2024-09-17,TXN000678,SKU016,Coffee 03,CUST0069,10.8,1,Coffee,B2,L,F1,False,6.48
2024-09-17,TXN000720,SKU002,Beverages 01,CUST0073,5.73,3,Beverages,B3,M,F3,False,3.44
2024-09-17,TXN000720,SKU009,Snacks 02,CUST0073,3.57,2,Snacks,B1,M,F2,False,2.14
2024-09-17,TXN000720,SKU017,Snacks 03,CUST0073,6.17,1,Snacks,B3,M,F2,False,3.7
2024-09-17,TXN000931,SKU005,Household 01,CUST0093,5.37,1,Household,B3,L,F2,False,3.22
2024-09-17,TXN000931,SKU043,Bakery 06,CUST0093,5.66,3,Bakery,B2,L,F4,True,3.4
2024-09-17,TXN000931,SKU001,Snacks 01,CUST0093,8.26,1,Snacks,B2,L,F2,False,4.96
2024-09-17,TXN000931,SKU015,Pet 02,CUST0093,14.75,2,Pet,B1,M,F4,False,8.85
2024-09-17,TXN000935,SKU001,Snacks 01,CUST0094,8.26,1,Snacks,B2,L,F2,False,4.96
2024-09-17,TXN000935,SKU000,Coffee 01,CUST0094,5.1,3,Coffee,B1,M,F1,False,3.06
2024-09-17,TXN000935,SKU018,Beverages 03,CUST0094,6.03,2,Beverages,B1,M,F3,False,3.62
2024-09-17,TXN000935,SKU016,Coffee 03,CUST0094,10.8,1,Coffee,B2,L,F1,False,6.48
2024-09-18,TXN000058,SKU006,Personal Care 01,CUST0004,4.64,2,Personal Care,B1,S,F3,True,2.78
2024-09-18,TXN000058,SKU013,Household 02,CUST0004,5.73,2,Household,B2,M,F2,False,3.44
2024-09-18,TXN000058,SKU010,Beverages 02,CUST0004,4.77,2,Beverages,B2,M,F3,False,2.86
2024-09-18,TXN000304,SKU018,Beverages 03,CUST0030,6.03,2,Beverages,B1,M,F3,False,3.62
2024-09-18,TXN000304,SKU033,Snacks 05,CUST0030,6.13,3,Snacks,B1,S,F2,False,3.68
2024-09-18,TXN000304,SKU041,Snacks 06,CUST0030,6.25,1,Snacks,B3,L,F2,False,3.75
2024-09-18,TXN000435,SKU000,Coffee 01,CUST0042,5.1,1,Coffee,B1,M,F1,False,3.06
2024-09-18,TXN000435,SKU050,Beverages 07,CUST0042,6.6,1,Beverages,B3,M,F3,False,3.96
2024-09-18,TXN000435,SKU008,Coffee 02,CUST0042,13.87,2,Coffee,B3,M,F1,False,8.32
2024-09-18,TXN000435,SKU004,Dairy 01,CUST0042,3.85,3,Dairy,B2,M,F1,False,2.31
2024-09-18,TXN000435,SKU007,Pet 01,CUST0042,12.11,1,Pet,B2,L,F4,False,7.27
2024-09-18,TXN000550,SKU001,Snacks 01,CUST0054,8.26,2,Snacks,B2,L,F2,False,4.96
2024-09-18,TXN000550,SKU000,Coffee 01,CUST0054,5.1,3,Coffee,B1,M,F1,False,3.06
2024-09-18,TXN000550,SKU002,Beverages 01,CUST0054,5.73,1,Beverages,B3,M,F3,False,3.44
2024-09-18,TXN000550,SKU011,Bakery 02,CUST0054,10.55,2,Bakery,B3,S,F4,False,6.33
2024-09-18,TXN000550,SKU033,Snacks 05,CUST0054,6.13,3,Snacks,B1,S,F2,False,3.68
2024-09-18,TXN000550,SKU045,Household 06,CUST0054,4.68,2,Household,B1,M,F2,False,2.81
2024-09-18,TXN000555,SKU012,Dairy 02,CUST0055,2.47,3,Dairy,B1,S,F1,False,1.48
2024-09-18,TXN000555,SKU000,Coffee 01,CUST0055,5.1,2,Coffee,B1,M,F1,False,3.06
2024-09-18,TXN000555,SKU009,Snacks 02,CUST0055,3.57,2,Snacks,B1,M,F2,False,2.14
2024-09-18,TXN000555,SKU001,Snacks 01,CUST0055,8.26,2,Snacks,B2,L,F2,False,4.96
2024-09-18,TXN000555,SKU020,Dairy 03,CUST0055,17.08,3,Dairy,B3,S,F1,False,10.25
2024-09-18,TXN000555,SKU004,Dairy 01,CUST0055,3.85,3,Dairy,B2,M,F1,False,2.31
2024-09-18,TXN000980,SKU010,Beverages 02,CUST0099,4.77,1,Beverages,B2,M,F3,False,2.86
2024-09-18,TXN000980,SKU028,Dairy 04,CUST0099,5.79,2,Dairy,B2,M,F1,False,3.47
2024-09-18,TXN000980,SKU006,Personal Care 01,CUST0099,4.64,3,Personal Care,B1,S,F3,True,2.78
2024-09-18,TXN000980,SKU003,Bakery 01,CUST0099,7.92,2,Bakery,B1,S,F4,False,4.75
2024-09-18,TXN001093,SKU024,Coffee 04,CUST0111,6.91,2,Coffee,B1,S,F1,False,4.15
2024-09-18,TXN001093,SKU001,Snacks 01,CUST0111,8.26,1,Snacks,B2,L,F2,False,4.96
2024-09-18,TXN001093,SKU000,Coffee 01,CUST0111,5.1,2,Coffee,B1,M,F1,False,3.06
2024-09-18,TXN001093,SKU009,Snacks 02,CUST0111,3.57,1,Snacks,B1,M,F2,False,2.14
2024-09-18,TXN001093,SKU028,Dairy 04,CUST0111,5.79,1,Dairy,B2,M,F1,False,3.47
2024-09-18,TXN001094,SKU006,Personal Care 01,CUST0111,4.64,3,Personal Care,B1,S,F3,True,2.78
2024-09-18,TXN001094,SKU031,Pet 04,CUST0111,7.29,1,Pet,B2,S,F4,False,4.37
2024-09-19,TXN000077,SKU025,Snacks 04,CUST0006,6.63,3,Snacks,B2,M,F2,False,3.98
2024-09-19,TXN000077,SKU000,Coffee 01,CUST0006,5.1,3,Coffee,B1,M,F1,False,3.06
2024-09-19,TXN000077,SKU003,Bakery 01,CUST0006,7.92,3,Bakery,B1,S,F4,False,4.75
2024-09-19,TXN000077,SKU011,Bakery 02,CUST0006,10.55,2,Bakery,B3,S,F4,False,6.33
2024-09-19,TXN000144,SKU005,Household 01,CUST0012,5.37,1,Household,B3,L,F2,False,3.22
2024-09-19,TXN000144,SKU001,Snacks 01,CUST0012,8.26,2,Snacks,B2,L,F2,False,4.96
2024-09-19,TXN000490,SKU003,Bakery 01,CUST0048,7.92,2,Bakery,B1,S,F4,False,4.75
2024-09-19,TXN000490,SKU058,Beverages 08,CUST0048,4.61,3,Beverages,B2,L,F3,False,2.77
2024-09-19,TXN000490,SKU000,Coffee 01,CUST0048,5.1,2,Coffee,B1,M,F1,False,3.06
2024-09-19,TXN000490,SKU006,Personal Care 01,CUST0048,4.64,3,Personal Care,B1,S,F3,True,2.78
2024-09-19,TXN000490,SKU005,Household 01,CUST0048,5.37,2,Household,B3,L,F2,False,3.22
2024-09-19,TXN000726,SKU000,Coffee 01,CUST0074,5.1,2,Coffee,B1,M,F1,False,3.06
2024-09-19,TXN000726,SKU005,Household 01,CUST0074,5.37,1,Household,B3,L,F2,False,3.22
2024-09-19,TXN000726,SKU004,Dairy 01,CUST0074,3.85,2,Dairy,B2,M,F1,False,2.31
2024-09-19,TXN000726,SKU021,Household 03,CUST0074,5.84,2,Household,B1,S,F2,False,3.5
2024-09-19,TXN000726,SKU056,Coffee 08,CUST0074,4.14,2,Coffee,B3,L,F1,False,2.48
2024-09-19,TXN000757,SKU035,Bakery 05,CUST0077,7.37,3,Bakery,B3,S,F4,False,4.42
2024-09-19,TXN000757,SKU001,Snacks 01,CUST0077,8.26,2,Snacks,B2,L,F2,False,4.96
2024-09-19,TXN000757,SKU010,Beverages 02,CUST0077,4.77,1,Beverages,B2,M,F3,False,2.86
2024-09-19,TXN000757,SKU000,Coffee 01,CUST0077,5.1,2,Coffee,B1,M,F1,False,3.06
2024-09-19,TXN000757,SKU057,Snacks 08,CUST0077,8.52,2,Snacks,B1,M,F2,False,5.11
2024-09-19,TXN000839,SKU001,Snacks 01,CUST0084,8.26,2,Snacks,B2,L,F2,False,4.96
2024-09-19,TXN000839,SKU000,Coffee 01,CUST0084,5.1,2,Coffee,B1,M,F1,False,3.06
2024-09-19,TXN000839,SKU003,Bakery 01,CUST0084,7.92,3,Bakery,B1,S,F4,False,4.75
2024-09-19,TXN000839,SKU008,Coffee 02,CUST0084,13.87,2,Coffee,B3,M,F1,False,8.32
2024-09-19,TXN000839,SKU020,Dairy 03,CUST0084,17.08,2,Dairy,B3,S,F1,False,10.25
2024-09-19,TXN000839,SKU002,Beverages 01,CUST0084,5.73,3,Beverages,B3,M,F3,False,3.44
2024-09-19,TXN000871,SKU000,Coffee 01,CUST0087,5.1,3,Coffee,B1,M,F1,False,3.06
2024-09-19,TXN000871,SKU004,Dairy 01,CUST0087,3.85,3,Dairy,B2,M,F1,False,2.31
2024-09-19,TXN000871,SKU003,Bakery 01,CUST0087,7.92,2,Bakery,B1,S,F4,False,4.75
2024-09-19,TXN000871,SKU017,Snacks 03,CUST0087,6.17,2,Snacks,B3,M,F2,False,3.7
2024-09-19,TXN000871,SKU002,Beverages 01,CUST0087,5.73,2,Beverages,B3,M,F3,False,3.44
2024-09-19,TXN000872,SKU016,Coffee 03,CUST0087,10.8,1,Coffee,B2,L,F1,False,6.48
2024-09-19,TXN000872,SKU000,Coffee 01,CUST0087,5.1,2,Coffee,B1,M,F1,False,3.06
2024-09-19,TXN000872,SKU004,Dairy 01,CUST0087,3.85,3,Dairy,B2,M,F1,False,2.31
2024-09-19,TXN000872,SKU006,Personal Care 01,CUST0087,4.64,2,Personal Care,B1,S,F3,True,2.78
2024-09-19,TXN000941,SKU001,Snacks 01,CUST0094,8.26,3,Snacks,B2,L,F2,False,4.96
2024-09-19,TXN000941,SKU002,Beverages 01,CUST0094,5.73,2,Beverages,B3,M,F3,False,3.44
2024-09-19,TXN000941,SKU003,Bakery 01,CUST0094,7.92,2,Bakery,B1,S,F4,False,4.75
2024-09-20,TXN000001,SKU001,Snacks 01,CUST0000,8.26,3,Snacks,B2,L,F2,False,4.96
2024-09-20,TXN000001,SKU007,Pet 01,CUST0000,12.11,1,Pet,B2,L,F4,False,7.27
2024-09-20,TXN000001,SKU000,Coffee 01,CUST0000,5.1,2,Coffee,B1,M,F1,False,3.06
2024-09-20,TXN000001,SKU027,Bakery 04,CUST0000,7.34,1,Bakery,B1,L,F4,False,4.4
2024-09-20,TXN000089,SKU022,Personal Care 03,CUST0007,6.25,1,Personal Care,B2,M,F3,False,3.75
2024-09-20,TXN000089,SKU029,Household 04,CUST0007,14.03,1,Household,B3,M,F2,False,8.42
2024-09-20,TXN000089,SKU001,Snacks 01,CUST0007,8.26,2,Snacks,B2,L,F2,False,4.96
2024-09-20,TXN000105,SKU009,Snacks 02,CUST0009,3.57,2,Snacks,B1,M,F2,False,2.14
2024-09-20,TXN000105,SKU044,Dairy 06,CUST0009,25.4,2,Dairy,B3,M,F1,False,15.24
2024-09-20,TXN000105,SKU004,Dairy 01,CUST0009,3.85,2,Dairy,B2,M,F1,False,2.31
2024-09-20,TXN000105,SKU000,Coffee 01,CUST0009,5.1,2,Coffee,B1,M,F1,False,3.06
2024-09-20,TXN000229,SKU016,Coffee 03,CUST0022,10.8,1,Coffee,B2,L,F1,False,6.48
2024-09-20,TXN000229,SKU009,Snacks 02,CUST0022,3.57,3,Snacks,B1,M,F2,False,2.14
2024-09-20,TXN000229,SKU047,Pet 06,CUST0022,8.27,2,Pet,B3,M,F4,False,4.96
2024-09-20,TXN000229,SKU005,Household 01,CUST0022,5.37,3,Household,B3,L,F2,False,3.22
2024-09-20,TXN000229,SKU001,Snacks 01,CUST0022,8.26,1,Snacks,B2,L,F2,False,4.96
2024-09-20,TXN000229,SKU004,Dairy 01,CUST0022,3.85,3,Dairy,B2,M,F1,False,2.31
2024-09-20,TXN000349,SKU000,Coffee 01,CUST0034,5.1,1,Coffee,B1,M,F1,False,3.06
2024-09-20,TXN000349,SKU041,Snacks 06,CUST0034,6.25,3,Snacks,B3,L,F2,False,3.75
2024-09-20,TXN000349,SKU007,Pet 01,CUST0034,12.11,1,Pet,B2,L,F4,False,7.27
2024-09-20,TXN000349,SKU015,Pet 02,CUST0034,14.75,2,Pet,B1,M,F4,False,8.85
2024-09-20,TXN000349,SKU006,Personal Care 01,CUST0034,6.63,1,Personal Care,B1,S,F3,False,3.98
2024-09-20,TXN000450,SKU015,Pet 02,CUST0045,14.75,1,Pet,B1,M,F4,False,8.85
2024-09-20,TXN000450,SKU000,Coffee 01,CUST0045,5.1,3,Coffee,B1,M,F1,False,3.06
2024-09-20,TXN000450,SKU019,Bakery 03,CUST0045,6.44,2,Bakery,B2,L,F4,False,3.86
2024-09-20,TXN000450,SKU050,Beverages 07,CUST0045,6.6,1,Beverages,B3,M,F3,False,3.96
2024-09-20,TXN000450,SKU028,Dairy 04,CUST0045,5.79,2,Dairy,B2,M,F1,False,3.47
2024-09-20,TXN000465,SKU006,Personal Care 01,CUST0046,6.63,1,Personal Care,B1,S,F3,False,3.98
2024-09-20,TXN000465,SKU027,Bakery 04,CUST0046,7.34,1,Bakery,B1,L,F4,False,4.4
2024-09-20,TXN000569,SKU010,Beverages 02,CUST0057,4.77,3,Beverages,B2,M,F3,False,2.86
2024-09-20,TXN000569,SKU000,Coffee 01,CUST0057,5.1,2,Coffee,B1,M,F1,False,3.06
2024-09-20,TXN000569,SKU001,Snacks 01,CUST0057,8.26,3,Snacks,B2,L,F2,False,4.96
2024-09-20,TXN000569,SKU005,Household 01,CUST0057,5.37,1,Household,B3,L,F2,False,3.22
2024-09-20,TXN000569,SKU036,Dairy 05,CUST0057,10.18,2,Dairy,B1,M,F1,False,6.11
2024-09-20,TXN000569,SKU021,Household 03,CUST0057,5.84,1,Household,B1,S,F2,False,3.5
2024-09-20,TXN000647,SKU001,Snacks 01,CUST0066,8.26,1,Snacks,B2,L,F2,False,4.96
2024-09-20,TXN000647,SKU009,Snacks 02,CUST0066,3.57,2,Snacks,B1,M,F2,False,2.14
2024-09-20,TXN000647,SKU002,Beverages 01,CUST0066,5.73,2,Beverages,B3,M,F3,False,3.44
2024-09-20,TXN000647,SKU000,Coffee 01,CUST0066,5.1,2,Coffee,B1,M,F1,False,3.06
2024-09-20,TXN000647,SKU050,Beverages 07,CUST0066,6.6,1,Beverages,B3,M,F3,False,3.96
2024-09-20,TXN000647,SKU007,Pet 01,CUST0066,12.11,2,Pet,B2,L,F4,False,7.27
2024-09-20,TXN000716,SKU010,Beverages 02,CUST0073,4.77,1,Beverages,B2,M,F3,False,2.86
2024-09-20,TXN000716,SKU025,Snacks 04,CUST0073,6.63,1,Snacks,B2,M,F2,False,3.98
2024-09-20,TXN000716,SKU032,Coffee 05,CUST0073,10.67,2,Coffee,B3,S,F1,False,6.4
2024-09-20,TXN000716,SKU000,Coffee 01,CUST0073,5.1,2,Coffee,B1,M,F1,False,3.06
2024-09-20,TXN000748,SKU025,Snacks 04,CUST0076,6.63,1,Snacks,B2,M,F2,False,3.98
2024-09-20,TXN000748,SKU000,Coffee 01,CUST0076,5.1,2,Coffee,B1,M,F1,False,3.06
2024-09-20,TXN000748,SKU006,Personal Care 01,CUST0076,6.63,3,Personal Care,B1,S,F3,False,3.98
2024-09-20,TXN000748,SKU016,Coffee 03,CUST0076,10.8,1,Coffee,B2,L,F1,False,6.48
2024-09-20,TXN000755,SKU008,Coffee 02,CUST0076,13.87,3,Coffee,B3,M,F1,False,8.32
2024-09-20,TXN000755,SKU012,Dairy 02,CUST0076,2.47,2,Dairy,B1,S,F1,False,1.48
2024-09-20,TXN000755,SKU001,Snacks 01,CUST0076,8.26,3,Snacks,B2,L,F2,False,4.96
2024-09-20,TXN000755,SKU016,Coffee 03,CUST0076,10.8,2,Coffee,B2,L,F1,False,6.48
2024-09-20,TXN000755,SKU007,Pet 01,CUST0076,12.11,1,Pet,B2,L,F4,False,7.27
2024-09-20,TXN000834,SKU023,Pet 03,CUST0084,8.97,1,Pet,B3,S,F4,False,5.38
2024-09-20,TXN000834,SKU048,Coffee 07,CUST0084,9.69,3,Coffee,B1,M,F1,False,5.81
2024-09-20,TXN000834,SKU000,Coffee 01,CUST0084,5.1,3,Coffee,B1,M,F1,False,3.06
2024-09-20,TXN000834,SKU036,Dairy 05,CUST0084,10.18,3,Dairy,B1,M,F1,False,6.11
2024-09-20,TXN000959,SKU002,Beverages 01,CUST0096,5.73,2,Beverages,B3,M,F3,False,3.44
2024-09-20,TXN000959,SKU001,Snacks 01,CUST0096,8.26,3,Snacks,B2,L,F2,False,4.96
2024-09-21,TXN000351,SKU000,Coffee 01,CUST0034,5.1,3,Coffee,B1,M,F1,False,3.06
2024-09-21,TXN000351,SKU013,Household 02,CUST0034,5.73,1,Household,B2,M,F2,False,3.44
2024-09-21,TXN000351,SKU008,Coffee 02,CUST0034,13.87,3,Coffee,B3,M,F1,False,8.32
2024-09-21,TXN000639,SKU008,Coffee 02,CUST0063,13.87,1,Coffee,B3,M,F1,False,8.32
2024-09-21,TXN000639,SKU012,Dairy 02,CUST0063,2.47,3,Dairy,B1,S,F1,False,1.48
2024-09-21,TXN000639,SKU001,Snacks 01,CUST0063,8.26,1,Snacks,B2,L,F2,False,4.96
2024-09-21,TXN000639,SKU025,Snacks 04,CUST0063,6.63,3,Snacks,B2,M,F2,False,3.98
2024-09-21,TXN000639,SKU026,Beverages 04,CUST0063,4.0,2,Beverages,B3,M,F3,False,2.4
2024-09-21,TXN000830,SKU009,Snacks 02,CUST0084,3.57,3,Snacks,B1,M,F2,False,2.14
2024-09-21,TXN000830,SKU007,Pet 01,CUST0084,12.11,1,Pet,B2,L,F4,False,7.27
2024-09-21,TXN000830,SKU017,Snacks 03,CUST0084,6.17,3,Snacks,B3,M,F2,False,3.7
2024-09-21,TXN000896,SKU007,Pet 01,CUST0090,12.11,2,Pet,B2,L,F4,False,7.27
2024-09-21,TXN000896,SKU015,Pet 02,CUST0090,14.75,2,Pet,B1,M,F4,False,8.85
2024-09-21,TXN000896,SKU021,Household 03,CUST0090,5.84,1,Household,B1,S,F2,False,3.5
2024-09-21,TXN000896,SKU003,Bakery 01,CUST0090,7.92,1,Bakery,B1,S,F4,False,4.75
2024-09-21,TXN000896,SKU002,Beverages 01,CUST0090,5.73,3,Beverages,B3,M,F3,False,3.44
2024-09-21,TXN000975,SKU051,Bakery 07,CUST0099,10.87,3,Bakery,B1,M,F4,False,6.52
2024-09-21,TXN000975,SKU002,Beverages 01,CUST0099,5.73,1,Beverages,B3,M,F3,False,3.44
2024-09-21,TXN001119,SKU014,Personal Care 02,CUST0114,7.0,1,Personal Care,B3,M,F3,False,4.2
2024-09-21,TXN001119,SKU010,Beverages 02,CUST0114,4.77,1,Beverages,B2,M,F3,False,2.86
2024-09-21,TXN001119,SKU001,Snacks 01,CUST0114,8.26,1,Snacks,B2,L,F2,False,4.96
2024-09-22,TXN000217,SKU001,Snacks 01,CUST0021,8.26,3,Snacks,B2,L,F2,False,4.96
2024-09-22,TXN000217,SKU000,Coffee 01,CUST0021,5.1,1,Coffee,B1,M,F1,False,3.06
2024-09-22,TXN000260,SKU029,Household 04,CUST0024,14.03,3,Household,B3,M,F2,False,8.42
2024-09-22,TXN000260,SKU038,Personal Care 05,CUST0024,8.94,1,Personal Care,B3,L,F3,False,5.36
2024-09-22,TXN000260,SKU003,Bakery 01,CUST0024,7.92,1,Bakery,B1,S,F4,False,4.75
2024-09-22,TXN000260,SKU020,Dairy 03,CUST0024,17.08,3,Dairy,B3,S,F1,False,10.25
2024-09-22,TXN000260,SKU024,Coffee 04,CUST0024,6.91,2,Coffee,B1,S,F1,False,4.15
2024-09-22,TXN000918,SKU002,Beverages 01,CUST0092,5.73,1,Beverages,B3,M,F3,False,3.44
2024-09-22,TXN000918,SKU009,Snacks 02,CUST0092,3.57,1,Snacks,B1,M,F2,False,2.14
2024-09-22,TXN000918,SKU017,Snacks 03,CUST0092,6.17,1,Snacks,B3,M,F2,False,3.7
2024-09-23,TXN000075,SKU008,Coffee 02,CUST0006,13.87,2,Coffee,B3,M,F1,False,8.32
2024-09-23,TXN000075,SKU012,Dairy 02,CUST0006,2.47,3,Dairy,B1,S,F1,False,1.48
2024-09-23,TXN000075,SKU001,Snacks 01,CUST0006,8.26,3,Snacks,B2,L,F2,False,4.96
2024-09-23,TXN000234,SKU018,Beverages 03,CUST0022,6.03,3,Beverages,B1,M,F3,False,3.62
2024-09-23,TXN000234,SKU033,Snacks 05,CUST0022,6.13,3,Snacks,B1,S,F2,False,3.68
2024-09-23,TXN000234,SKU041,Snacks 06,CUST0022,6.25,1,Snacks,B3,L,F2,False,3.75
2024-09-23,TXN000234,SKU020,Dairy 03,CUST0022,17.08,3,Dairy,B3,S,F1,False,10.25
2024-09-23,TXN000267,SKU024,Coffee 04,CUST0025,6.91,2,Coffee,B1,S,F1,False,4.15
2024-09-23,TXN000267,SKU019,Bakery 03,CUST0025,6.44,2,Bakery,B2,L,F4,False,3.86
2024-09-23,TXN000267,SKU028,Dairy 04,CUST0025,5.79,1,Dairy,B2,M,F1,False,3.47
2024-09-23,TXN000315,SKU019,Bakery 03,CUST0031,6.44,1,Bakery,B2,L,F4,False,3.86
2024-09-23,TXN000315,SKU000,Coffee 01,CUST0031,5.1,2,Coffee,B1,M,F1,False,3.06
2024-09-23,TXN000315,SKU009,Snacks 02,CUST0031,3.57,1,Snacks,B1,M,F2,False,2.14
2024-09-23,TXN000315,SKU001,Snacks 01,CUST0031,8.26,3,Snacks,B2,L,F2,False,4.96
2024-09-23,TXN000315,SKU012,Dairy 02,CUST0031,2.47,3,Dairy,B1,S,F1,False,1.48
2024-09-23,TXN000429,SKU002,Beverages 01,CUST0042,5.73,1,Beverages,B3,M,F3,False,3.44
2024-09-23,TXN000429,SKU024,Coffee 04,CUST0042,6.91,1,Coffee,B1,S,F1,False,4.15
2024-09-23,TXN000429,SKU000,Coffee 01,CUST0042,5.1,2,Coffee,B1,M,F1,False,3.06
2024-09-23,TXN000556,SKU002,Beverages 01,CUST0055,5.73,2,Beverages,B3,M,F3,False,3.44
2024-09-23,TXN000556,SKU009,Snacks 02,CUST0055,3.57,1,Snacks,B1,M,F2,False,2.14
2024-09-23,TXN000556,SKU017,Snacks 03,CUST0055,6.17,2,Snacks,B3,M,F2,False,3.7
2024-09-23,TXN000564,SKU003,Bakery 01,CUST0056,7.92,2,Bakery,B1,S,F4,False,4.75
2024-09-23,TXN000564,SKU008,Coffee 02,CUST0056,13.87,1,Coffee,B3,M,F1,False,8.32
2024-09-23,TXN000582,SKU002,Beverages 01,CUST0057,5.73,1,Beverages,B3,M,F3,False,3.44
2024-09-23,TXN000582,SKU009,Snacks 02,CUST0057,3.57,2,Snacks,B1,M,F2,False,2.14
2024-09-23,TXN000582,SKU017,Snacks 03,CUST0057,6.17,3,Snacks,B3,M,F2,False,3.7
2024-09-23,TXN000582,SKU032,Coffee 05,CUST0057,10.67,3,Coffee,B3,S,F1,False,6.4
2024-09-23,TXN000582,SKU001,Snacks 01,CUST0057,8.26,1,Snacks,B2,L,F2,False,4.96
2024-09-23,TXN000621,SKU009,Snacks 02,CUST0062,3.57,1,Snacks,B1,M,F2,False,2.14
2024-09-23,TXN000621,SKU016,Coffee 03,CUST0062,10.8,2,Coffee,B2,L,F1,False,6.48
2024-09-23,TXN000621,SKU002,Beverages 01,CUST0062,5.73,1,Beverages,B3,M,F3,False,3.44
2024-09-23,TXN000621,SKU000,Coffee 01,CUST0062,5.1,3,Coffee,B1,M,F1,False,3.06
2024-09-23,TXN000621,SKU010,Beverages 02,CUST0062,4.77,1,Beverages,B2,M,F3,False,2.86
2024-09-23,TXN000621,SKU059,Bakery 08,CUST0062,12.61,3,Bakery,B3,M,F4,False,7.57
2024-09-23,TXN000934,SKU024,Coffee 04,CUST0094,6.91,3,Coffee,B1,S,F1,False,4.15
2024-09-23,TXN000934,SKU019,Bakery 03,CUST0094,6.44,2,Bakery,B2,L,F4,False,3.86
2024-09-23,TXN000934,SKU028,Dairy 04,CUST0094,5.79,2,Dairy,B2,M,F1,False,3.47
2024-09-23,TXN000947,SKU030,Personal Care 04,CUST0094,10.58,3,Personal Care,B1,M,F3,False,6.35
2024-09-23,TXN000947,SKU000,Coffee 01,CUST0094,5.1,1,Coffee,B1,M,F1,False,3.06
2024-09-23,TXN000947,SKU041,Snacks 06,CUST0094,6.25,2,Snacks,B3,L,F2,False,3.75
2024-09-23,TXN000947,SKU039,Pet 05,CUST0094,2.04,2,Pet,B1,S,F4,True,1.22
2024-09-23,TXN000947,SKU006,Personal Care 01,CUST0094,6.63,3,Personal Care,B1,S,F3,False,3.98
2024-09-23,TXN000947,SKU010,Beverages 02,CUST0094,4.77,1,Beverages,B2,M,F3,False,2.86
2024-09-23,TXN000977,SKU022,Personal Care 03,CUST0099,6.25,2,Personal Care,B2,M,F3,False,3.75
2024-09-23,TXN000977,SKU003,Bakery 01,CUST0099,7.92,1,Bakery,B1,S,F4,False,4.75
2024-09-23,TXN000977,SKU024,Coffee 04,CUST0099,6.91,1,Coffee,B1,S,F1,False,4.15
2024-09-23,TXN000977,SKU044,Dairy 06,CUST0099,25.4,3,Dairy,B3,M,F1,False,15.24
2024-09-24,TXN000016,SKU007,Pet 01,CUST0000,12.11,2,Pet,B2,L,F4,False,7.27
2024-09-24,TXN000016,SKU004,Dairy 01,CUST0000,3.85,2,Dairy,B2,M,F1,False,2.31
2024-09-24,TXN000016,SKU001,Snacks 01,CUST0000,8.26,3,Snacks,B2,L,F2,False,4.96
2024-09-24,TXN000016,SKU002,Beverages 01,CUST0000,5.73,2,Beverages,B3,M,F3,False,3.44
2024-09-24,TXN000029,SKU024,Coffee 04,CUST0002,6.91,1,Coffee,B1,S,F1,False,4.15
2024-09-24,TXN000029,SKU019,Bakery 03,CUST0002,6.44,1,Bakery,B2,L,F4,False,3.86
2024-09-24,TXN000029,SKU028,Dairy 04,CUST0002,5.79,1,Dairy,B2,M,F1,False,3.47
2024-09-24,TXN000029,SKU008,Coffee 02,CUST0002,13.87,3,Coffee,B3,M,F1,False,8.32
2024-09-24,TXN000029,SKU000,Coffee 01,CUST0002,5.1,1,Coffee,B1,M,F1,False,3.06
2024-09-24,TXN000029,SKU027,Bakery 04,CUST0002,7.34,3,Bakery,B1,L,F4,False,4.4
2024-09-24,TXN000137,SKU024,Coffee 04,CUST0012,6.91,1,Coffee,B1,S,F1,False,4.15
2024-09-24,TXN000137,SKU019,Bakery 03,CUST0012,6.44,2,Bakery,B2,L,F4,False,3.86
2024-09-24,TXN000137,SKU028,Dairy 04,CUST0012,5.79,1,Dairy,B2,M,F1,False,3.47
2024-09-24,TXN000137,SKU000,Coffee 01,CUST0012,5.1,1,Coffee,B1,M,F1,False,3.06
2024-09-24,TXN000257,SKU006,Personal Care 01,CUST0024,6.63,1,Personal Care,B1,S,F3,False,3.98
2024-09-24,TXN000257,SKU000,Coffee 01,CUST0024,5.1,2,Coffee,B1,M,F1,False,3.06
2024-09-24,TXN000257,SKU009,Snacks 02,CUST0024,3.57,1,Snacks,B1,M,F2,False,2.14
2024-09-24,TXN000257,SKU042,Beverages 06,CUST0024,4.5,1,Beverages,B1,M,F3,False,2.7
2024-09-24,TXN000321,SKU008,Coffee 02,CUST0033,13.87,3,Coffee,B3,M,F1,False,8.32
2024-09-24,TXN000321,SKU005,Household 01,CUST0033,5.37,3,Household,B3,L,F2,False,3.22
2024-09-24,TXN000321,SKU004,Dairy 01,CUST0033,3.85,3,Dairy,B2,M,F1,False,2.31
2024-09-24,TXN000479,SKU004,Dairy 01,CUST0048,3.85,3,Dairy,B2,M,F1,False,2.31
2024-09-24,TXN000479,SKU019,Bakery 03,CUST0048,6.44,3,Bakery,B2,L,F4,False,3.86
2024-09-24,TXN000479,SKU000,Coffee 01,CUST0048,5.1,3,Coffee,B1,M,F1,False,3.06
2024-09-24,TXN000833,SKU002,Beverages 01,CUST0084,5.73,3,Beverages,B3,M,F3,False,3.44
2024-09-24,TXN000833,SKU001,Snacks 01,CUST0084,8.26,2,Snacks,B2,L,F2,False,4.96
2024-09-24,TXN000833,SKU003,Bakery 01,CUST0084,7.92,2,Bakery,B1,S,F4,False,4.75
2024-09-24,TXN000833,SKU014,Personal Care 02,CUST0084,7.0,2,Personal Care,B3,M,F3,False,4.2
2024-09-24,TXN000833,SKU000,Coffee 01,CUST0084,5.1,1,Coffee,B1,M,F1,False,3.06
2024-09-24,TXN000833,SKU012,Dairy 02,CUST0084,2.47,3,Dairy,B1,S,F1,False,1.48
2024-09-24,TXN000893,SKU000,Coffee 01,CUST0088,5.1,2,Coffee,B1,M,F1,False,3.06
2024-09-24,TXN000893,SKU003,Bakery 01,CUST0088,7.92,3,Bakery,B1,S,F4,False,4.75
2024-09-24,TXN000893,SKU001,Snacks 01,CUST0088,8.26,3,Snacks,B2,L,F2,False,4.96
2024-09-24,TXN000893,SKU008,Coffee 02,CUST0088,13.87,1,Coffee,B3,M,F1,False,8.32
2024-09-24,TXN000893,SKU002,Beverages 01,CUST0088,5.73,1,Beverages,B3,M,F3,False,3.44
2024-09-24,TXN001108,SKU000,Coffee 01,CUST0114,5.1,1,Coffee,B1,M,F1,False,3.06
2024-09-24,TXN001108,SKU007,Pet 01,CUST0114,12.11,2,Pet,B2,L,F4,False,7.27
2024-09-25,TXN000507,SKU018,Beverages 03,CUST0051,6.03,2,Beverages,B1,M,F3,False,3.62
2024-09-25,TXN000507,SKU033,Snacks 05,CUST0051,6.13,1,Snacks,B1,S,F2,False,3.68
2024-09-25,TXN000507,SKU041,Snacks 06,CUST0051,6.25,3,Snacks,B3,L,F2,False,3.75
2024-09-25,TXN000507,SKU009,Snacks 02,CUST0051,3.57,3,Snacks,B1,M,F2,False,2.14
2024-09-25,TXN000507,SKU000,Coffee 01,CUST0051,5.1,1,Coffee,B1,M,F1,False,3.06
2024-09-25,TXN000613,SKU000,Coffee 01,CUST0061,5.1,1,Coffee,B1,M,F1,False,3.06
2024-09-25,TXN000613,SKU004,Dairy 01,CUST0061,3.85,1,Dairy,B2,M,F1,False,2.31
2024-09-25,TXN000613,SKU003,Bakery 01,CUST0061,7.92,3,Bakery,B1,S,F4,False,4.75
2024-09-26,TXN000238,SKU042,Beverages 06,CUST0023,4.5,2,Beverages,B1,M,F3,False,2.7
2024-09-26,TXN000238,SKU001,Snacks 01,CUST0023,8.26,3,Snacks,B2,L,F2,False,4.96
2024-09-26,TXN000238,SKU014,Personal Care 02,CUST0023,7.0,2,Personal Care,B3,M,F3,False,4.2
2024-09-26,TXN000516,SKU047,Pet 06,CUST0051,8.27,3,Pet,B3,M,F4,False,4.96
2024-09-26,TXN000516,SKU001,Snacks 01,CUST0051,8.26,3,Snacks,B2,L,F2,False,4.96
2024-09-26,TXN000516,SKU005,Household 01,CUST0051,5.37,1,Household,B3,L,F2,False,3.22
2024-09-26,TXN000516,SKU018,Beverages 03,CUST0051,6.03,3,Beverages,B1,M,F3,False,3.62
2024-09-26,TXN000794,SKU055,Pet 07,CUST0081,7.53,1,Pet,B2,S,F4,False,4.52
2024-09-26,TXN000794,SKU038,Personal Care 05,CUST0081,8.94,2,Personal Care,B3,L,F3,False,5.36
2024-09-26,TXN000794,SKU015,Pet 02,CUST0081,14.75,3,Pet,B1,M,F4,False,8.85
2024-09-26,TXN000842,SKU007,Pet 01,CUST0084,12.11,1,Pet,B2,L,F4,False,7.27
2024-09-26,TXN000842,SKU015,Pet 02,CUST0084,14.75,1,Pet,B1,M,F4,False,8.85
2024-09-26,TXN000842,SKU021,Household 03,CUST0084,5.84,3,Household,B1,S,F2,False,3.5
2024-09-26,TXN000842,SKU036,Dairy 05,CUST0084,10.18,2,Dairy,B1,M,F1,False,6.11
2024-09-26,TXN000842,SKU027,Bakery 04,CUST0084,7.34,1,Bakery,B1,L,F4,False,4.4
2024-09-26,TXN000842,SKU006,Personal Care 01,CUST0084,6.63,1,Personal Care,B1,S,F3,False,3.98
2024-09-26,TXN001008,SKU008,Coffee 02,CUST0102,13.87,2,Coffee,B3,M,F1,False,8.32
2024-09-26,TXN001008,SKU012,Dairy 02,CUST0102,2.47,1,Dairy,B1,S,F1,False,1.48
2024-09-26,TXN001008,SKU001,Snacks 01,CUST0102,8.26,3,Snacks,B2,L,F2,False,4.96
2024-09-26,TXN001008,SKU007,Pet 01,CUST0102,12.11,2,Pet,B2,L,F4,False,7.27
2024-09-26,TXN001065,SKU033,Snacks 05,CUST0108,6.13,1,Snacks,B1,S,F2,False,3.68
2024-09-26,TXN001065,SKU013,Household 02,CUST0108,5.73,2,Household,B2,M,F2,False,3.44
2024-09-26,TXN001065,SKU008,Coffee 02,CUST0108,13.87,3,Coffee,B3,M,F1,False,8.32
2024-09-26,TXN001065,SKU005,Household 01,CUST0108,5.37,2,Household,B3,L,F2,False,3.22
2024-09-26,TXN001070,SKU019,Bakery 03,CUST0108,6.44,3,Bakery,B2,L,F4,False,3.86
2024-09-26,TXN001070,SKU012,Dairy 02,CUST0108,2.47,3,Dairy,B1,S,F1,False,1.48
2024-09-26,TXN001070,SKU004,Dairy 01,CUST0108,3.85,2,Dairy,B2,M,F1,False,2.31
2024-09-26,TXN001070,SKU001,Snacks 01,CUST0108,8.26,2,Snacks,B2,L,F2,False,4.96
2024-09-26,TXN001112,SKU008,Coffee 02,CUST0114,13.87,1,Coffee,B3,M,F1,False,8.32
2024-09-26,TXN001112,SKU012,Dairy 02,CUST0114,2.47,1,Dairy,B1,S,F1,False,1.48
2024-09-26,TXN001112,SKU001,Snacks 01,CUST0114,8.26,3,Snacks,B2,L,F2,False,4.96
2024-09-26,TXN001124,SKU000,Coffee 01,CUST0114,5.1,1,Coffee,B1,M,F1,False,3.06
2024-09-26,TXN001124,SKU004,Dairy 01,CUST0114,3.85,1,Dairy,B2,M,F1,False,2.31
2024-09-26,TXN001124,SKU030,Personal Care 04,CUST0114,10.58,2,Personal Care,B1,M,F3,False,6.35
2024-09-26,TXN001124,SKU024,Coffee 04,CUST0114,6.91,3,Coffee,B1,S,F1,False,4.15
2024-09-27,TXN000115,SKU006,Personal Care 01,CUST0009,6.63,3,Personal Care,B1,S,F3,False,3.98
2024-09-27,TXN000115,SKU000,Coffee 01,CUST0009,5.1,3,Coffee,B1,M,F1,False,3.06
2024-09-27,TXN000115,SKU056,Coffee 08,CUST0009,4.14,2,Coffee,B3,L,F1,False,2.48
2024-09-27,TXN000115,SKU026,Beverages 04,CUST0009,4.0,2,Beverages,B3,M,F3,False,2.4
2024-09-27,TXN000187,SKU022,Personal Care 03,CUST0018,6.25,1,Personal Care,B2,M,F3,False,3.75
2024-09-27,TXN000187,SKU018,Beverages 03,CUST0018,6.03,3,Beverages,B1,M,F3,False,3.62
2024-09-27,TXN000202,SKU000,Coffee 01,CUST0020,5.1,3,Coffee,B1,M,F1,False,3.06
2024-09-27,TXN000202,SKU045,Household 06,CUST0020,4.68,1,Household,B1,M,F2,False,2.81
2024-09-27,TXN000202,SKU003,Bakery 01,CUST0020,7.92,2,Bakery,B1,S,F4,False,4.75
2024-09-27,TXN000277,SKU001,Snacks 01,CUST0027,8.26,1,Snacks,B2,L,F2,False,4.96
2024-09-27,TXN000277,SKU032,Coffee 05,CUST0027,10.67,3,Coffee,B3,S,F1,False,6.4
2024-09-27,TXN000281,SKU000,Coffee 01,CUST0027,5.1,3,Coffee,B1,M,F1,False,3.06
2024-09-27,TXN000281,SKU002,Beverages 01,CUST0027,5.73,1,Beverages,B3,M,F3,False,3.44
2024-09-27,TXN000281,SKU001,Snacks 01,CUST0027,8.26,3,Snacks,B2,L,F2,False,4.96
2024-09-27,TXN000281,SKU020,Dairy 03,CUST0027,17.08,1,Dairy,B3,S,F1,False,10.25
2024-09-27,TXN000281,SKU005,Household 01,CUST0027,5.37,1,Household,B3,L,F2,False,3.22
2024-09-27,TXN000281,SKU040,Coffee 06,CUST0027,2.41,2,Coffee,B2,S,F1,False,1.45
2024-09-27,TXN000434,SKU007,Pet 01,CUST0042,12.11,3,Pet,B2,L,F4,False,7.27
2024-09-27,TXN000434,SKU036,Dairy 05,CUST0042,10.18,1,Dairy,B1,M,F1,False,6.11
2024-09-27,TXN000673,SKU001,Snacks 01,CUST0068,8.26,3,Snacks,B2,L,F2,False,4.96
2024-09-27,TXN000673,SKU006,Personal Care 01,CUST0068,6.63,3,Personal Care,B1,S,F3,False,3.98
2024-09-27,TXN000673,SKU000,Coffee 01,CUST0068,5.1,1,Coffee,B1,M,F1,False,3.06
2024-09-27,TXN000673,SKU015,Pet 02,CUST0068,14.75,2,Pet,B1,M,F4,False,8.85
2024-09-27,TXN000673,SKU007,Pet 01,CUST0068,12.11,3,Pet,B2,L,F4,False,7.27
2024-09-27,TXN000673,SKU016,Coffee 03,CUST0068,10.8,3,Coffee,B2,L,F1,False,6.48
2024-09-28,TXN000191,SKU010,Beverages 02,CUST0018,4.77,1,Beverages,B2,M,F3,False,2.86
2024-09-28,TXN000191,SKU025,Snacks 04,CUST0018,6.63,3,Snacks,B2,M,F2,False,3.98
2024-09-28,TXN000191,SKU020,Dairy 03,CUST0018,17.08,2,Dairy,B3,S,F1,False,10.25
2024-09-28,TXN000191,SKU042,Beverages 06,CUST0018,4.5,3,Beverages,B1,M,F3,False,2.7
2024-09-28,TXN000191,SKU005,Household 01,CUST0018,5.37,2,Household,B3,L,F2,False,3.22
2024-09-28,TXN000191,SKU011,Bakery 02,CUST0018,10.55,2,Bakery,B3,S,F4,False,6.33
2024-09-28,TXN000406,SKU004,Dairy 01,CUST0039,3.85,1,Dairy,B2,M,F1,False,2.31
2024-09-28,TXN000406,SKU048,Coffee 07,CUST0039,9.69,2,Coffee,B1,M,F1,False,5.81
2024-09-28,TXN000406,SKU001,Snacks 01,CUST0039,8.26,2,Snacks,B2,L,F2,False,4.96
2024-09-28,TXN000406,SKU033,Snacks 05,CUST0039,6.13,2,Snacks,B1,S,F2,False,3.68
2024-09-28,TXN000406,SKU041,Snacks 06,CUST0039,6.25,1,Snacks,B3,L,F2,False,3.75
2024-09-28,TXN000584,SKU002,Beverages 01,CUST0057,5.73,1,Beverages,B3,M,F3,False,3.44
2024-09-28,TXN000584,SKU009,Snacks 02,CUST0057,3.57,2,Snacks,B1,M,F2,False,2.14
2024-09-28,TXN000584,SKU017,Snacks 03,CUST0057,6.17,1,Snacks,B3,M,F2,False,3.7
2024-09-28,TXN000660,SKU002,Beverages 01,CUST0066,5.73,3,Beverages,B3,M,F3,False,3.44
2024-09-28,TXN000660,SKU001,Snacks 01,CUST0066,8.26,3,Snacks,B2,L,F2,False,4.96
2024-09-28,TXN000660,SKU000,Coffee 01,CUST0066,5.1,1,Coffee,B1,M,F1,False,3.06
2024-09-28,TXN000660,SKU039,Pet 05,CUST0066,2.04,1,Pet,B1,S,F4,True,1.22
2024-09-29,TXN000543,SKU031,Pet 04,CUST0054,7.29,2,Pet,B2,S,F4,False,4.37
2024-09-29,TXN000543,SKU001,Snacks 01,CUST0054,8.26,1,Snacks,B2,L,F2,False,4.96
2024-09-29,TXN000543,SKU000,Coffee 01,CUST0054,5.1,1,Coffee,B1,M,F1,False,3.06
2024-09-29,TXN000543,SKU052,Dairy 07,CUST0054,9.84,3,Dairy,B2,S,F1,False,5.9
2024-09-29,TXN000543,SKU032,Coffee 05,CUST0054,10.67,3,Coffee,B3,S,F1,False,6.4
2024-09-29,TXN001011,SKU005,Household 01,CUST0102,5.37,3,Household,B3,L,F2,False,3.22
2024-09-29,TXN001011,SKU042,Beverages 06,CUST0102,4.5,1,Beverages,B1,M,F3,False,2.7
2024-09-29,TXN001011,SKU057,Snacks 08,CUST0102,8.52,2,Snacks,B1,M,F2,False,5.11
2024-09-29,TXN001011,SKU002,Beverages 01,CUST0102,5.73,2,Beverages,B3,M,F3,False,3.44
2024-09-29,TXN001011,SKU000,Coffee 01,CUST0102,5.1,2,Coffee,B1,M,F1,False,3.06
2024-09-29,TXN001011,SKU001,Snacks 01,CUST0102,8.26,3,Snacks,B2,L,F2,False,4.96
2024-09-30,TXN000308,SKU001,Snacks 01,CUST0030,8.26,2,Snacks,B2,L,F2,False,4.96
2024-09-30,TXN000308,SKU006,Personal Care 01,CUST0030,6.63,3,Personal Care,B1,S,F3,False,3.98
2024-09-30,TXN000916,SKU054,Personal Care 07,CUST0091,7.07,3,Personal Care,B1,M,F3,False,4.24
2024-09-30,TXN000916,SKU036,Dairy 05,CUST0091,10.18,2,Dairy,B1,M,F1,False,6.11
2024-09-30,TXN000916,SKU000,Coffee 01,CUST0091,5.1,3,Coffee,B1,M,F1,False,3.06
2024-09-30,TXN000916,SKU042,Beverages 06,CUST0091,4.5,3,Beverages,B1,M,F3,False,2.7
2024-09-30,TXN000916,SKU003,Bakery 01,CUST0091,7.92,3,Bakery,B1,S,F4,False,4.75
2024-09-30,TXN000916,SKU011,Bakery 02,CUST0091,10.55,2,Bakery,B3,S,F4,False,6.33
2024-10-01,TXN000032,SKU011,Bakery 02,CUST0003,10.55,3,Bakery,B3,S,F4,False,6.33
2024-10-01,TXN000032,SKU021,Household 03,CUST0003,5.84,3,Household,B1,S,F2,False,3.5
2024-10-01,TXN000032,SKU000,Coffee 01,CUST0003,5.1,2,Coffee,B1,M,F1,False,3.06
2024-10-01,TXN000188,SKU001,Snacks 01,CUST0018,8.26,2,Snacks,B2,L,F2,False,4.96
2024-10-01,TXN000188,SKU002,Beverages 01,CUST0018,5.73,1,Beverages,B3,M,F3,False,3.44
2024-10-01,TXN000188,SKU000,Coffee 01,CUST0018,5.1,2,Coffee,B1,M,F1,False,3.06
2024-10-01,TXN000246,SKU022,Personal Care 03,CUST0024,6.25,3,Personal Care,B2,M,F3,False,3.75
2024-10-01,TXN000246,SKU010,Beverages 02,CUST0024,4.77,3,Beverages,B2,M,F3,False,2.86
2024-10-01,TXN000246,SKU042,Beverages 06,CUST0024,4.5,3,Beverages,B1,M,F3,False,2.7
2024-10-01,TXN000341,SKU001,Snacks 01,CUST0033,8.26,2,Snacks,B2,L,F2,False,4.96
2024-10-01,TXN000341,SKU013,Household 02,CUST0033,5.73,3,Household,B2,M,F2,False,3.44
2024-10-01,TXN000341,SKU000,Coffee 01,CUST0033,5.1,3,Coffee,B1,M,F1,False,3.06
2024-10-01,TXN000733,SKU000,Coffee 01,CUST0075,5.1,1,Coffee,B1,M,F1,False,3.06
2024-10-01,TXN000733,SKU015,Pet 02,CUST0075,14.75,2,Pet,B1,M,F4,False,8.85
2024-10-01,TXN000733,SKU004,Dairy 01,CUST0075,3.85,1,Dairy,B2,M,F1,False,2.31
2024-10-01,TXN000733,SKU029,Household 04,CUST0075,14.03,1,Household,B3,M,F2,False,8.42
2024-10-01,TXN000733,SKU024,Coffee 04,CUST0075,6.91,1,Coffee,B1,S,F1,False,4.15
2024-10-01,TXN000809,SKU006,Personal Care 01,CUST0081,6.63,1,Personal Care,B1,S,F3,False,3.98
2024-10-01,TXN000809,SKU000,Coffee 01,CUST0081,5.1,3,Coffee,B1,M,F1,False,3.06
2024-10-01,TXN000809,SKU008,Coffee 02,CUST0081,13.87,2,Coffee,B3,M,F1,False,8.32
2024-10-01,TXN000809,SKU007,Pet 01,CUST0081,12.11,3,Pet,B2,L,F4,False,7.27
2024-10-01,TXN000809,SKU021,Household 03,CUST0081,5.84,1,Household,B1,S,F2,False,3.5
2024-10-01,TXN001020,SKU027,Bakery 04,CUST0103,7.34,3,Bakery,B1,L,F4,False,4.4
2024-10-01,TXN001020,SKU057,Snacks 08,CUST0103,8.52,1,Snacks,B1,M,F2,False,5.11
2024-10-01,TXN001020,SKU008,Coffee 02,CUST0103,13.87,3,Coffee,B3,M,F1,False,8.32
2024-10-02,TXN000303,SKU010,Beverages 02,CUST0030,4.77,3,Beverages,B2,M,F3,False,2.86
2024-10-02,TXN000303,SKU025,Snacks 04,CUST0030,6.63,2,Snacks,B2,M,F2,False,3.98
2024-10-02,TXN000366,SKU022,Personal Care 03,CUST0036,6.25,1,Personal Care,B2,M,F3,False,3.75
2024-10-02,TXN000366,SKU009,Snacks 02,CUST0036,3.57,3,Snacks,B1,M,F2,False,2.14
2024-10-02,TXN000366,SKU005,Household 01,CUST0036,5.37,1,Household,B3,L,F2,False,3.22
2024-10-02,TXN000366,SKU000,Coffee 01,CUST0036,5.1,2,Coffee,B1,M,F1,False,3.06
2024-10-02,TXN000705,SKU008,Coffee 02,CUST0072,13.87,2,Coffee,B3,M,F1,False,8.32
2024-10-02,TXN000705,SKU012,Dairy 02,CUST0072,2.47,2,Dairy,B1,S,F1,False,1.48
2024-10-02,TXN000705,SKU001,Snacks 01,CUST0072,8.26,1,Snacks,B2,L,F2,False,4.96
2024-10-02,TXN000705,SKU041,Snacks 06,CUST0072,6.25,2,Snacks,B3,L,F2,False,3.75
2024-10-02,TXN000705,SKU000,Coffee 01,CUST0072,5.1,1,Coffee,B1,M,F1,False,3.06
2024-10-02,TXN001102,SKU024,Coffee 04,CUST0112,6.91,2,Coffee,B1,S,F1,False,4.15
2024-10-02,TXN001102,SKU019,Bakery 03,CUST0112,6.44,3,Bakery,B2,L,F4,False,3.86
2024-10-02,TXN001102,SKU028,Dairy 04,CUST0112,5.79,2,Dairy,B2,M,F1,False,3.47
2024-10-03,TXN000017,SKU038,Personal Care 05,CUST0000,8.94,1,Personal Care,B3,L,F3,False,5.36
2024-10-03,TXN000017,SKU000,Coffee 01,CUST0000,5.1,1,Coffee,B1,M,F1,False,3.06
2024-10-03,TXN000017,SKU007,Pet 01,CUST0000,12.11,1,Pet,B2,L,F4,False,7.27
2024-10-03,TXN000071,SKU010,Beverages 02,CUST0006,4.77,1,Beverages,B2,M,F3,False,2.86
2024-10-03,TXN000071,SKU025,Snacks 04,CUST0006,6.63,1,Snacks,B2,M,F2,False,3.98
2024-10-03,TXN000148,SKU024,Coffee 04,CUST0012,6.91,3,Coffee,B1,S,F1,False,4.15
2024-10-03,TXN000148,SKU019,Bakery 03,CUST0012,6.44,2,Bakery,B2,L,F4,False,3.86
2024-10-03,TXN000148,SKU028,Dairy 04,CUST0012,5.79,1,Dairy,B2,M,F1,False,3.47
2024-10-03,TXN000148,SKU004,Dairy 01,CUST0012,3.85,2,Dairy,B2,M,F1,False,2.31
2024-10-03,TXN000148,SKU044,Dairy 06,CUST0012,25.4,1,Dairy,B3,M,F1,False,15.24
2024-10-03,TXN000170,SKU003,Bakery 01,CUST0015,7.92,1,Bakery,B1,S,F4,False,4.75
2024-10-03,TXN000170,SKU004,Dairy 01,CUST0015,3.85,1,Dairy,B2,M,F1,False,2.31
2024-10-03,TXN000170,SKU000,Coffee 01,CUST0015,5.1,3,Coffee,B1,M,F1,False,3.06
2024-10-03,TXN000170,SKU051,Bakery 07,CUST0015,10.87,3,Bakery,B1,M,F4,False,6.52
2024-10-03,TXN000170,SKU001,Snacks 01,CUST0015,8.26,1,Snacks,B2,L,F2,False,4.96
2024-10-03,TXN000170,SKU050,Beverages 07,CUST0015,6.6,3,Beverages,B3,M,F3,False,3.96
2024-10-03,TXN000517,SKU054,Personal Care 07,CUST0051,7.07,3,Personal Care,B1,M,F3,False,4.24
2024-10-03,TXN000517,SKU018,Beverages 03,CUST0051,6.03,2,Beverages,B1,M,F3,False,3.62
2024-10-03,TXN000517,SKU000,Coffee 01,CUST0051,5.1,2,Coffee,B1,M,F1,False,3.06
2024-10-03,TXN000517,SKU004,Dairy 01,CUST0051,3.85,1,Dairy,B2,M,F1,False,2.31
2024-10-03,TXN000544,SKU001,Snacks 01,CUST0054,8.26,2,Snacks,B2,L,F2,False,4.96
2024-10-03,TXN000544,SKU000,Coffee 01,CUST0054,5.1,2,Coffee,B1,M,F1,False,3.06
2024-10-03,TXN000544,SKU007,Pet 01,CUST0054,12.11,1,Pet,B2,L,F4,False,7.27
2024-10-03,TXN000544,SKU004,Dairy 01,CUST0054,3.85,1,Dairy,B2,M,F1,False,2.31
2024-10-03,TXN000545,SKU039,Pet 05,CUST0054,2.04,3,Pet,B1,S,F4,True,1.22
2024-10-03,TXN000545,SKU000,Coffee 01,CUST0054,5.1,2,Coffee,B1,M,F1,False,3.06
2024-10-03,TXN000545,SKU010,Beverages 02,CUST0054,4.77,1,Beverages,B2,M,F3,False,2.86
2024-10-03,TXN000545,SKU030,Personal Care 04,CUST0054,10.58,1,Personal Care,B1,M,F3,False,6.35
2024-10-03,TXN000545,SKU002,Beverages 01,CUST0054,5.73,1,Beverages,B3,M,F3,False,3.44
2024-10-03,TXN000575,SKU001,Snacks 01,CUST0057,8.26,1,Snacks,B2,L,F2,False,4.96
2024-10-03,TXN000575,SKU000,Coffee 01,CUST0057,5.1,3,Coffee,B1,M,F1,False,3.06
2024-10-03,TXN000575,SKU004,Dairy 01,CUST0057,3.85,3,Dairy,B2,M,F1,False,2.31
2024-10-03,TXN000575,SKU002,Beverages 01,CUST0057,5.73,3,Beverages,B3,M,F3,False,3.44
2024-10-03,TXN001129,SKU000,Coffee 01,CUST0115,5.1,2,Coffee,B1,M,F1,False,3.06
2024-10-03,TXN001129,SKU001,Snacks 01,CUST0115,8.26,3,Snacks,B2,L,F2,False,4.96
2024-10-03,TXN001129,SKU053,Household 07,CUST0115,4.18,3,Household,B3,M,F2,False,2.51
2024-10-03,TXN001129,SKU019,Bakery 03,CUST0115,6.44,3,Bakery,B2,L,F4,False,3.86
2024-10-03,TXN001157,SKU011,Bakery 02,CUST0119,10.55,1,Bakery,B3,S,F4,False,6.33
2024-10-03,TXN001157,SKU020,Dairy 03,CUST0119,17.08,1,Dairy,B3,S,F1,False,10.25
2024-10-03,TXN001157,SKU016,Coffee 03,CUST0119,10.8,1,Coffee,B2,L,F1,False,6.48
2024-10-03,TXN001157,SKU035,Bakery 05,CUST0119,7.37,1,Bakery,B3,S,F4,False,4.42
2024-10-04,TXN000069,SKU005,Household 01,CUST0006,5.37,3,Household,B3,L,F2,False,3.22
2024-10-04,TXN000069,SKU006,Personal Care 01,CUST0006,6.63,2,Personal Care,B1,S,F3,False,3.98
2024-10-04,TXN000145,SKU007,Pet 01,CUST0012,12.11,3,Pet,B2,L,F4,False,7.27
2024-10-04,TXN000145,SKU002,Beverages 01,CUST0012,5.73,1,Beverages,B3,M,F3,False,3.44
2024-10-04,TXN000145,SKU001,Snacks 01,CUST0012,8.26,2,Snacks,B2,L,F2,False,4.96
2024-10-04,TXN000527,SKU003,Bakery 01,CUST0052,7.92,3,Bakery,B1,S,F4,False,4.75
2024-10-04,TXN000527,SKU002,Beverages 01,CUST0052,5.73,1,Beverages,B3,M,F3,False,3.44
2024-10-04,TXN000527,SKU051,Bakery 07,CUST0052,10.87,1,Bakery,B1,M,F4,False,6.52
2024-10-04,TXN000527,SKU000,Coffee 01,CUST0052,5.1,3,Coffee,B1,M,F1,False,3.06
2024-10-04,TXN000527,SKU012,Dairy 02,CUST0052,2.47,3,Dairy,B1,S,F1,False,1.48
2024-10-04,TXN000527,SKU057,Snacks 08,CUST0052,8.52,1,Snacks,B1,M,F2,False,5.11
2024-10-04,TXN000686,SKU011,Bakery 02,CUST0069,10.55,1,Bakery,B3,S,F4,False,6.33
2024-10-04,TXN000686,SKU020,Dairy 03,CUST0069,17.08,1,Dairy,B3,S,F1,False,10.25
2024-10-04,TXN000686,SKU016,Coffee 03,CUST0069,10.8,1,Coffee,B2,L,F1,False,6.48
2024-10-04,TXN000883,SKU000,Coffee 01,CUST0088,5.1,3,Coffee,B1,M,F1,False,3.06
2024-10-04,TXN000883,SKU029,Household 04,CUST0088,14.03,2,Household,B3,M,F2,False,8.42
2024-10-04,TXN000924,SKU046,Personal Care 06,CUST0093,5.24,1,Personal Care,B2,S,F3,False,3.14
2024-10-04,TXN000924,SKU012,Dairy 02,CUST0093,2.47,2,Dairy,B1,S,F1,False,1.48
2024-10-04,TXN000924,SKU031,Pet 04,CUST0093,7.29,3,Pet,B2,S,F4,False,4.37
2024-10-04,TXN000967,SKU000,Coffee 01,CUST0097,5.1,3,Coffee,B1,M,F1,False,3.06
2024-10-04,TXN000967,SKU006,Personal Care 01,CUST0097,6.63,3,Personal Care,B1,S,F3,False,3.98
2024-10-04,TXN000967,SKU023,Pet 03,CUST0097,8.97,1,Pet,B3,S,F4,False,5.38
2024-10-04,TXN000967,SKU013,Household 02,CUST0097,5.73,2,Household,B2,M,F2,False,3.44
2024-10-04,TXN001001,SKU006,Personal Care 01,CUST0102,6.63,2,Personal Care,B1,S,F3,False,3.98
2024-10-04,TXN001001,SKU014,Personal Care 02,CUST0102,7.0,3,Personal Care,B3,M,F3,False,4.2
2024-10-04,TXN001001,SKU004,Dairy 01,CUST0102,3.85,3,Dairy,B2,M,F1,False,2.31
2024-10-04,TXN001001,SKU011,Bakery 02,CUST0102,10.55,3,Bakery,B3,S,F4,False,6.33
2024-10-04,TXN001001,SKU002,Beverages 01,CUST0102,5.73,2,Beverages,B3,M,F3,False,3.44
2024-10-05,TXN000013,SKU005,Household 01,CUST0000,5.37,1,Household,B3,L,F2,False,3.22
2024-10-05,TXN000013,SKU013,Household 02,CUST0000,5.73,2,Household,B2,M,F2,False,3.44
2024-10-05,TXN000013,SKU030,Personal Care 04,CUST0000,10.58,1,Personal Care,B1,M,F3,False,6.35
2024-10-05,TXN000013,SKU019,Bakery 03,CUST0000,6.44,2,Bakery,B2,L,F4,False,3.86
2024-10-05,TXN000013,SKU015,Pet 02,CUST0000,14.75,1,Pet,B1,M,F4,False,8.85
2024-10-05,TXN000013,SKU003,Bakery 01,CUST0000,7.92,2,Bakery,B1,S,F4,False,4.75
2024-10-05,TXN000087,SKU010,Beverages 02,CUST0007,4.77,2,Beverages,B2,M,F3,False,2.86
2024-10-05,TXN000087,SKU025,Snacks 04,CUST0007,6.63,1,Snacks,B2,M,F2,False,3.98
2024-10-05,TXN000087,SKU000,Coffee 01,CUST0007,5.1,3,Coffee,B1,M,F1,False,3.06
2024-10-05,TXN000087,SKU002,Beverages 01,CUST0007,5.73,1,Beverages,B3,M,F3,False,3.44
2024-10-05,TXN000087,SKU014,Personal Care 02,CUST0007,7.0,2,Personal Care,B3,M,F3,False,4.2
2024-10-05,TXN000409,SKU038,Personal Care 05,CUST0039,8.94,3,Personal Care,B3,L,F3,False,5.36
2024-10-05,TXN000409,SKU033,Snacks 05,CUST0039,6.13,2,Snacks,B1,S,F2,False,3.68
2024-10-05,TXN000409,SKU024,Coffee 04,CUST0039,6.91,3,Coffee,B1,S,F1,False,4.15
2024-10-05,TXN000409,SKU005,Household 01,CUST0039,5.37,1,Household,B3,L,F2,False,3.22
2024-10-05,TXN000409,SKU001,Snacks 01,CUST0039,8.26,2,Snacks,B2,L,F2,False,4.96
2024-10-05,TXN000409,SKU000,Coffee 01,CUST0039,5.1,2,Coffee,B1,M,F1,False,3.06
2024-10-05,TXN000446,SKU001,Snacks 01,CUST0045,8.26,3,Snacks,B2,L,F2,False,4.96
2024-10-05,TXN000446,SKU033,Snacks 05,CUST0045,6.13,1,Snacks,B1,S,F2,False,3.68
2024-10-05,TXN000641,SKU000,Coffee 01,CUST0064,5.1,3,Coffee,B1,M,F1,False,3.06
2024-10-05,TXN000641,SKU046,Personal Care 06,CUST0064,5.24,1,Personal Care,B2,S,F3,False,3.14
2024-10-05,TXN000923,SKU003,Bakery 01,CUST0093,7.92,3,Bakery,B1,S,F4,False,4.75
2024-10-05,TXN000923,SKU036,Dairy 05,CUST0093,10.18,2,Dairy,B1,M,F1,False,6.11
2024-10-05,TXN000923,SKU042,Beverages 06,CUST0093,4.5,3,Beverages,B1,M,F3,False,2.7
2024-10-05,TXN000923,SKU052,Dairy 07,CUST0093,9.84,3,Dairy,B2,S,F1,False,5.9
2024-10-06,TXN000104,SKU035,Bakery 05,CUST0009,7.37,2,Bakery,B3,S,F4,False,4.42
2024-10-06,TXN000104,SKU003,Bakery 01,CUST0009,7.92,2,Bakery,B1,S,F4,False,4.75
2024-10-06,TXN000104,SKU001,Snacks 01,CUST0009,8.26,2,Snacks,B2,L,F2,False,4.96
2024-10-06,TXN000149,SKU000,Coffee 01,CUST0013,5.1,1,Coffee,B1,M,F1,False,3.06
2024-10-06,TXN000149,SKU002,Beverages 01,CUST0013,5.73,2,Beverages,B3,M,F3,False,3.44
2024-10-06,TXN000565,SKU003,Bakery 01,CUST0057,7.92,1,Bakery,B1,S,F4,False,4.75
2024-10-06,TXN000565,SKU000,Coffee 01,CUST0057,5.1,1,Coffee,B1,M,F1,False,3.06
2024-10-06,TXN000565,SKU021,Household 03,CUST0057,5.84,1,Household,B1,S,F2,False,3.5
2024-10-06,TXN000565,SKU039,Pet 05,CUST0057,2.92,3,Pet,B1,S,F4,False,1.75
2024-10-06,TXN000565,SKU008,Coffee 02,CUST0057,13.87,2,Coffee,B3,M,F1,False,8.32
2024-10-06,TXN000663,SKU000,Coffee 01,CUST0066,5.1,1,Coffee,B1,M,F1,False,3.06
2024-10-06,TXN000663,SKU008,Coffee 02,CUST0066,13.87,1,Coffee,B3,M,F1,False,8.32
2024-10-06,TXN000663,SKU003,Bakery 01,CUST0066,7.92,1,Bakery,B1,S,F4,False,4.75
2024-10-06,TXN000663,SKU020,Dairy 03,CUST0066,17.08,2,Dairy,B3,S,F1,False,10.25
2024-10-06,TXN000663,SKU036,Dairy 05,CUST0066,10.18,2,Dairy,B1,M,F1,False,6.11
2024-10-06,TXN000663,SKU006,Personal Care 01,CUST0066,6.63,3,Personal Care,B1,S,F3,False,3.98
2024-10-06,TXN000731,SKU008,Coffee 02,CUST0075,13.87,1,Coffee,B3,M,F1,False,8.32
2024-10-06,TXN000731,SKU012,Dairy 02,CUST0075,2.47,3,Dairy,B1,S,F1,False,1.48
2024-10-06,TXN000731,SKU001,Snacks 01,CUST0075,8.26,2,Snacks,B2,L,F2,False,4.96
2024-10-06,TXN000747,SKU010,Beverages 02,CUST0076,4.77,2,Beverages,B2,M,F3,False,2.86
2024-10-06,TXN000747,SKU025,Snacks 04,CUST0076,6.63,2,Snacks,B2,M,F2,False,3.98
2024-10-06,TXN000747,SKU019,Bakery 03,CUST0076,6.44,3,Bakery,B2,L,F4,False,3.86
2024-10-06,TXN001003,SKU001,Snacks 01,CUST0102,8.26,2,Snacks,B2,L,F2,False,4.96
2024-10-06,TXN001003,SKU057,Snacks 08,CUST0102,8.52,2,Snacks,B1,M,F2,False,5.11
2024-10-06,TXN001003,SKU041,Snacks 06,CUST0102,6.25,3,Snacks,B3,L,F2,False,3.75
2024-10-06,TXN001003,SKU000,Coffee 01,CUST0102,5.1,1,Coffee,B1,M,F1,False,3.06
2024-10-06,TXN001003,SKU011,Bakery 02,CUST0102,10.55,2,Bakery,B3,S,F4,False,6.33
2024-10-06,TXN001003,SKU004,Dairy 01,CUST0102,3.85,1,Dairy,B2,M,F1,False,2.31
2024-10-06,TXN001063,SKU002,Beverages 01,CUST0108,5.73,1,Beverages,B3,M,F3,False,3.44
2024-10-06,TXN001063,SKU005,Household 01,CUST0108,5.37,3,Household,B3,L,F2,False,3.22
2024-10-06,TXN001063,SKU052,Dairy 07,CUST0108,9.84,2,Dairy,B2,S,F1,False,5.9
2024-10-07,TXN000007,SKU010,Beverages 02,CUST0000,4.77,2,Beverages,B2,M,F3,False,2.86
2024-10-07,TXN000007,SKU025,Snacks 04,CUST0000,6.63,1,Snacks,B2,M,F2,False,3.98
2024-10-07,TXN000007,SKU001,Snacks 01,CUST0000,8.26,2,Snacks,B2,L,F2,False,4.96
2024-10-07,TXN000047,SKU024,Coffee 04,CUST0003,6.91,1,Coffee,B1,S,F1,False,4.15
2024-10-07,TXN000047,SKU019,Bakery 03,CUST0003,6.44,2,Bakery,B2,L,F4,False,3.86
2024-10-07,TXN000047,SKU028,Dairy 04,CUST0003,5.79,2,Dairy,B2,M,F1,False,3.47
2024-10-07,TXN000047,SKU059,Bakery 08,CUST0003,12.61,1,Bakery,B3,M,F4,False,7.57
2024-10-07,TXN000047,SKU012,Dairy 02,CUST0003,2.47,3,Dairy,B1,S,F1,False,1.48
2024-10-07,TXN000221,SKU009,Snacks 02,CUST0021,3.57,2,Snacks,B1,M,F2,False,2.14
2024-10-07,TXN000221,SKU042,Beverages 06,CUST0021,4.5,1,Beverages,B1,M,F3,False,2.7
2024-10-07,TXN000221,SKU005,Household 01,CUST0021,5.37,1,Household,B3,L,F2,False,3.22
2024-10-07,TXN000221,SKU006,Personal Care 01,CUST0021,6.63,2,Personal Care,B1,S,F3,False,3.98
2024-10-07,TXN000221,SKU008,Coffee 02,CUST0021,13.87,2,Coffee,B3,M,F1,False,8.32
2024-10-07,TXN000221,SKU017,Snacks 03,CUST0021,6.17,3,Snacks,B3,M,F2,False,3.7
2024-10-07,TXN000227,SKU000,Coffee 01,CUST0022,5.1,1,Coffee,B1,M,F1,False,3.06
2024-10-07,TXN000227,SKU001,Snacks 01,CUST0022,8.26,1,Snacks,B2,L,F2,False,4.96
2024-10-07,TXN000227,SKU011,Bakery 02,CUST0022,10.55,2,Bakery,B3,S,F4,False,6.33
2024-10-07,TXN000227,SKU008,Coffee 02,CUST0022,13.87,2,Coffee,B3,M,F1,False,8.32
2024-10-07,TXN000227,SKU029,Household 04,CUST0022,14.03,1,Household,B3,M,F2,False,8.42
2024-10-07,TXN000291,SKU005,Household 01,CUST0030,5.37,3,Household,B3,L,F2,False,3.22
2024-10-07,TXN000291,SKU013,Household 02,CUST0030,5.73,3,Household,B2,M,F2,False,3.44
2024-10-07,TXN000291,SKU043,Bakery 06,CUST0030,8.09,1,Bakery,B2,L,F4,False,4.85
2024-10-07,TXN000291,SKU000,Coffee 01,CUST0030,5.1,1,Coffee,B1,M,F1,False,3.06
2024-10-07,TXN000291,SKU019,Bakery 03,CUST0030,6.44,1,Bakery,B2,L,F4,False,3.86
2024-10-07,TXN000291,SKU037,Household 05,CUST0030,3.63,3,Household,B2,S,F2,False,2.18
2024-10-07,TXN000342,SKU001,Snacks 01,CUST0034,8.26,3,Snacks,B2,L,F2,False,4.96
2024-10-07,TXN000342,SKU000,Coffee 01,CUST0034,5.1,2,Coffee,B1,M,F1,False,3.06
2024-10-07,TXN000342,SKU019,Bakery 03,CUST0034,6.44,2,Bakery,B2,L,F4,False,3.86
2024-10-07,TXN000355,SKU022,Personal Care 03,CUST0035,6.25,3,Personal Care,B2,M,F3,False,3.75
2024-10-07,TXN000355,SKU052,Dairy 07,CUST0035,9.84,2,Dairy,B2,S,F1,False,5.9
2024-10-07,TXN000355,SKU000,Coffee 01,CUST0035,5.1,1,Coffee,B1,M,F1,False,3.06
2024-10-07,TXN000598,SKU010,Beverages 02,CUST0060,4.77,2,Beverages,B2,M,F3,False,2.86
2024-10-07,TXN000598,SKU026,Beverages 04,CUST0060,4.0,3,Beverages,B3,M,F3,False,2.4
2024-10-07,TXN001052,SKU008,Coffee 02,CUST0108,13.87,2,Coffee,B3,M,F1,False,8.32
2024-10-07,TXN001052,SKU012,Dairy 02,CUST0108,2.47,1,Dairy,B1,S,F1,False,1.48
2024-10-07,TXN001052,SKU002,Beverages 01,CUST0108,5.73,2,Beverages,B3,M,F3,False,3.44
2024-10-07,TXN001052,SKU001,Snacks 01,CUST0108,8.26,3,Snacks,B2,L,F2,False,4.96
2024-10-07,TXN001052,SKU017,Snacks 03,CUST0108,6.17,2,Snacks,B3,M,F2,False,3.7
2024-10-08,TXN000166,SKU018,Beverages 03,CUST0015,6.03,3,Beverages,B1,M,F3,False,3.62
2024-10-08,TXN000166,SKU033,Snacks 05,CUST0015,6.13,3,Snacks,B1,S,F2,False,3.68
2024-10-08,TXN000166,SKU041,Snacks 06,CUST0015,6.25,3,Snacks,B3,L,F2,False,3.75
2024-10-08,TXN000166,SKU011,Bakery 02,CUST0015,10.55,2,Bakery,B3,S,F4,False,6.33
2024-10-08,TXN000231,SKU020,Dairy 03,CUST0022,17.08,2,Dairy,B3,S,F1,False,10.25
2024-10-08,TXN000231,SKU024,Coffee 04,CUST0022,6.91,3,Coffee,B1,S,F1,False,4.15
2024-10-08,TXN000231,SKU015,Pet 02,CUST0022,14.75,2,Pet,B1,M,F4,False,8.85
2024-10-08,TXN000231,SKU000,Coffee 01,CUST0022,5.1,2,Coffee,B1,M,F1,False,3.06
2024-10-08,TXN000472,SKU018,Beverages 03,CUST0046,6.03,2,Beverages,B1,M,F3,False,3.62
2024-10-08,TXN000472,SKU033,Snacks 05,CUST0046,6.13,2,Snacks,B1,S,F2,False,3.68
2024-10-08,TXN000472,SKU041,Snacks 06,CUST0046,6.25,1,Snacks,B3,L,F2,False,3.75
2024-10-08,TXN000472,SKU000,Coffee 01,CUST0046,5.1,2,Coffee,B1,M,F1,False,3.06
2024-10-08,TXN000472,SKU005,Household 01,CUST0046,5.37,2,Household,B3,L,F2,False,3.22
2024-10-08,TXN000472,SKU011,Bakery 02,CUST0046,10.55,1,Bakery,B3,S,F4,False,6.33
2024-10-08,TXN000508,SKU018,Beverages 03,CUST0051,6.03,1,Beverages,B1,M,F3,False,3.62
2024-10-08,TXN000508,SKU033,Snacks 05,CUST0051,6.13,1,Snacks,B1,S,F2,False,3.68
2024-10-08,TXN000508,SKU041,Snacks 06,CUST0051,6.25,1,Snacks,B3,L,F2,False,3.75
2024-10-08,TXN000508,SKU058,Beverages 08,CUST0051,4.61,1,Beverages,B2,L,F3,False,2.77
2024-10-08,TXN000508,SKU009,Snacks 02,CUST0051,3.57,3,Snacks,B1,M,F2,False,2.14
2024-10-08,TXN000508,SKU000,Coffee 01,CUST0051,5.1,2,Coffee,B1,M,F1,False,3.06
2024-10-08,TXN000632,SKU008,Coffee 02,CUST0063,13.87,1,Coffee,B3,M,F1,False,8.32
2024-10-08,TXN000632,SKU012,Dairy 02,CUST0063,2.47,3,Dairy,B1,S,F1,False,1.48
2024-10-08,TXN000632,SKU001,Snacks 01,CUST0063,8.26,1,Snacks,B2,L,F2,False,4.96
2024-10-08,TXN000632,SKU021,Household 03,CUST0063,5.84,2,Household,B1,S,F2,False,3.5
2024-10-08,TXN000632,SKU000,Coffee 01,CUST0063,5.1,2,Coffee,B1,M,F1,False,3.06
2024-10-08,TXN000632,SKU004,Dairy 01,CUST0063,3.85,2,Dairy,B2,M,F1,False,2.31
2024-10-08,TXN000698,SKU001,Snacks 01,CUST0070,8.26,1,Snacks,B2,L,F2,False,4.96
2024-10-08,TXN000698,SKU020,Dairy 03,CUST0070,17.08,1,Dairy,B3,S,F1,False,10.25
2024-10-08,TXN000762,SKU000,Coffee 01,CUST0078,5.1,3,Coffee,B1,M,F1,False,3.06
2024-10-08,TXN000762,SKU005,Household 01,CUST0078,5.37,1,Household,B3,L,F2,False,3.22
2024-10-08,TXN001045,SKU003,Bakery 01,CUST0106,7.92,1,Bakery,B1,S,F4,False,4.75
2024-10-08,TXN001045,SKU043,Bakery 06,CUST0106,8.09,3,Bakery,B2,L,F4,False,4.85
2024-10-09,TXN000060,SKU035,Bakery 05,CUST0004,7.37,1,Bakery,B3,S,F4,False,4.42
2024-10-09,TXN000060,SKU041,Snacks 06,CUST0004,6.25,1,Snacks,B3,L,F2,False,3.75
2024-10-09,TXN000060,SKU005,Household 01,CUST0004,5.37,2,Household,B3,L,F2,False,3.22
2024-10-09,TXN000060,SKU023,Pet 03,CUST0004,8.97,3,Pet,B3,S,F4,False,5.38
2024-10-09,TXN000206,SKU040,Coffee 06,CUST0021,2.41,1,Coffee,B2,S,F1,False,1.45
2024-10-09,TXN000206,SKU055,Pet 07,CUST0021,7.53,1,Pet,B2,S,F4,False,4.52
2024-10-09,TXN000206,SKU002,Beverages 01,CUST0021,5.73,2,Beverages,B3,M,F3,False,3.44
2024-10-09,TXN000206,SKU010,Beverages 02,CUST0021,4.77,2,Beverages,B2,M,F3,False,2.86
2024-10-09,TXN000206,SKU004,Dairy 01,CUST0021,3.85,2,Dairy,B2,M,F1,False,2.31
2024-10-09,TXN000206,SKU056,Coffee 08,CUST0021,4.14,3,Coffee,B3,L,F1,False,2.48
2024-10-09,TXN000276,SKU032,Coffee 05,CUST0027,10.67,2,Coffee,B3,S,F1,False,6.4
2024-10-09,TXN000276,SKU010,Beverages 02,CUST0027,4.77,3,Beverages,B2,M,F3,False,2.86
2024-10-09,TXN000276,SKU009,Snacks 02,CUST0027,3.57,2,Snacks,B1,M,F2,False,2.14
2024-10-09,TXN000276,SKU018,Beverages 03,CUST0027,6.03,3,Beverages,B1,M,F3,False,3.62
2024-10-09,TXN000297,SKU031,Pet 04,CUST0030,7.29,2,Pet,B2,S,F4,False,4.37
2024-10-09,TXN000297,SKU016,Coffee 03,CUST0030,10.8,1,Coffee,B2,L,F1,False,6.48
2024-10-09,TXN000297,SKU005,Household 01,CUST0030,5.37,2,Household,B3,L,F2,False,3.22
2024-10-09,TXN000306,SKU026,Beverages 04,CUST0030,4.0,3,Beverages,B3,M,F3,False,2.4
2024-10-09,TXN000306,SKU010,Beverages 02,CUST0030,4.77,3,Beverages,B2,M,F3,False,2.86
2024-10-09,TXN000306,SKU009,Snacks 02,CUST0030,3.57,2,Snacks,B1,M,F2,False,2.14
2024-10-09,TXN000306,SKU013,Household 02,CUST0030,5.73,1,Household,B2,M,F2,False,3.44
2024-10-09,TXN000306,SKU000,Coffee 01,CUST0030,5.1,3,Coffee,B1,M,F1,False,3.06
2024-10-09,TXN000306,SKU049,Snacks 07,CUST0030,6.71,1,Snacks,B2,L,F2,False,4.03
2024-10-09,TXN000328,SKU000,Coffee 01,CUST0033,5.1,1,Coffee,B1,M,F1,False,3.06
2024-10-09,TXN000328,SKU003,Bakery 01,CUST0033,7.92,2,Bakery,B1,S,F4,False,4.75
2024-10-09,TXN000328,SKU036,Dairy 05,CUST0033,10.18,2,Dairy,B1,M,F1,False,6.11
2024-10-09,TXN000328,SKU001,Snacks 01,CUST0033,8.26,1,Snacks,B2,L,F2,False,4.96
2024-10-09,TXN000328,SKU007,Pet 01,CUST0033,12.11,2,Pet,B2,L,F4,False,7.27
2024-10-09,TXN000389,SKU001,Snacks 01,CUST0038,8.26,1,Snacks,B2,L,F2,False,4.96
2024-10-09,TXN000389,SKU002,Beverages 01,CUST0038,5.73,3,Beverages,B3,M,F3,False,3.44
2024-10-09,TXN000696,SKU004,Dairy 01,CUST0070,3.85,1,Dairy,B2,M,F1,False,2.31
2024-10-09,TXN000696,SKU000,Coffee 01,CUST0070,5.1,1,Coffee,B1,M,F1,False,3.06
2024-10-09,TXN000696,SKU003,Bakery 01,CUST0070,7.92,2,Bakery,B1,S,F4,False,4.75
2024-10-09,TXN000696,SKU010,Beverages 02,CUST0070,4.77,3,Beverages,B2,M,F3,False,2.86
2024-10-09,TXN000696,SKU006,Personal Care 01,CUST0070,6.63,1,Personal Care,B1,S,F3,False,3.98
2024-10-09,TXN000855,SKU024,Coffee 04,CUST0086,6.91,1,Coffee,B1,S,F1,False,4.15
2024-10-09,TXN000855,SKU019,Bakery 03,CUST0086,6.44,1,Bakery,B2,L,F4,False,3.86
2024-10-09,TXN000855,SKU028,Dairy 04,CUST0086,5.79,3,Dairy,B2,M,F1,False,3.47
2024-10-09,TXN000860,SKU024,Coffee 04,CUST0087,6.91,3,Coffee,B1,S,F1,False,4.15
2024-10-09,TXN000860,SKU019,Bakery 03,CUST0087,6.44,3,Bakery,B2,L,F4,False,3.86
2024-10-09,TXN000860,SKU028,Dairy 04,CUST0087,5.79,1,Dairy,B2,M,F1,False,3.47
2024-10-09,TXN000860,SKU017,Snacks 03,CUST0087,6.17,1,Snacks,B3,M,F2,False,3.7
2024-10-09,TXN000943,SKU053,Household 07,CUST0094,4.18,1,Household,B3,M,F2,False,2.51
2024-10-09,TXN000943,SKU000,Coffee 01,CUST0094,5.1,2,Coffee,B1,M,F1,False,3.06
2024-10-09,TXN000943,SKU003,Bakery 01,CUST0094,7.92,1,Bakery,B1,S,F4,False,4.75
2024-10-09,TXN000943,SKU050,Beverages 07,CUST0094,6.6,2,Beverages,B3,M,F3,False,3.96
2024-10-09,TXN000943,SKU013,Household 02,CUST0094,5.73,1,Household,B2,M,F2,False,3.44
2024-10-09,TXN001132,SKU002,Beverages 01,CUST0115,5.73,3,Beverages,B3,M,F3,False,3.44
2024-10-09,TXN001132,SKU009,Snacks 02,CUST0115,3.57,2,Snacks,B1,M,F2,False,2.14
2024-10-09,TXN001132,SKU023,Pet 03,CUST0115,8.97,1,Pet,B3,S,F4,False,5.38
2024-10-09,TXN001132,SKU001,Snacks 01,CUST0115,8.26,1,Snacks,B2,L,F2,False,4.96
2024-10-09,TXN001132,SKU045,Household 06,CUST0115,4.68,1,Household,B1,M,F2,False,2.81
2024-10-09,TXN001132,SKU058,Beverages 08,CUST0115,4.61,2,Beverages,B2,L,F3,False,2.77
2024-10-10,TXN000056,SKU009,Snacks 02,CUST0004,3.57,1,Snacks,B1,M,F2,False,2.14
2024-10-10,TXN000056,SKU010,Beverages 02,CUST0004,4.77,2,Beverages,B2,M,F3,False,2.86
2024-10-10,TXN000056,SKU003,Bakery 01,CUST0004,7.92,3,Bakery,B1,S,F4,False,4.75
2024-10-10,TXN000255,SKU011,Bakery 02,CUST0024,10.55,3,Bakery,B3,S,F4,False,6.33
2024-10-10,TXN000255,SKU020,Dairy 03,CUST0024,17.08,3,Dairy,B3,S,F1,False,10.25
2024-10-10,TXN000255,SKU016,Coffee 03,CUST0024,10.8,2,Coffee,B2,L,F1,False,6.48
2024-10-10,TXN000255,SKU001,Snacks 01,CUST0024,8.26,1,Snacks,B2,L,F2,False,4.96
2024-10-10,TXN000283,SKU032,Coffee 05,CUST0027,10.67,2,Coffee,B3,S,F1,False,6.4
2024-10-10,TXN000283,SKU002,Beverages 01,CUST0027,5.73,3,Beverages,B3,M,F3,False,3.44
2024-10-10,TXN000283,SKU007,Pet 01,CUST0027,12.11,1,Pet,B2,L,F4,False,7.27
2024-10-10,TXN000283,SKU000,Coffee 01,CUST0027,5.1,1,Coffee,B1,M,F1,False,3.06
2024-10-10,TXN000283,SKU016,Coffee 03,CUST0027,10.8,3,Coffee,B2,L,F1,False,6.48
2024-10-10,TXN000286,SKU004,Dairy 01,CUST0028,3.85,2,Dairy,B2,M,F1,False,2.31
2024-10-10,TXN000286,SKU002,Beverages 01,CUST0028,5.73,3,Beverages,B3,M,F3,False,3.44
2024-10-10,TXN000299,SKU005,Household 01,CUST0030,5.37,1,Household,B3,L,F2,False,3.22
2024-10-10,TXN000299,SKU001,Snacks 01,CUST0030,8.26,2,Snacks,B2,L,F2,False,4.96
2024-10-10,TXN000299,SKU000,Coffee 01,CUST0030,5.1,1,Coffee,B1,M,F1,False,3.06
2024-10-10,TXN000350,SKU002,Beverages 01,CUST0034,5.73,3,Beverages,B3,M,F3,False,3.44
2024-10-10,TXN000350,SKU009,Snacks 02,CUST0034,3.57,3,Snacks,B1,M,F2,False,2.14
2024-10-10,TXN000350,SKU017,Snacks 03,CUST0034,6.17,1,Snacks,B3,M,F2,False,3.7
2024-10-10,TXN000426,SKU001,Snacks 01,CUST0042,8.26,1,Snacks,B2,L,F2,False,4.96
2024-10-10,TXN000426,SKU019,Bakery 03,CUST0042,6.44,1,Bakery,B2,L,F4,False,3.86
2024-10-10,TXN000426,SKU000,Coffee 01,CUST0042,5.1,2,Coffee,B1,M,F1,False,3.06
2024-10-10,TXN000426,SKU004,Dairy 01,CUST0042,3.85,2,Dairy,B2,M,F1,False,2.31
2024-10-10,TXN000427,SKU017,Snacks 03,CUST0042,6.17,3,Snacks,B3,M,F2,False,3.7
2024-10-10,TXN000427,SKU000,Coffee 01,CUST0042,5.1,1,Coffee,B1,M,F1,False,3.06
2024-10-10,TXN000558,SKU018,Beverages 03,CUST0055,6.03,3,Beverages,B1,M,F3,False,3.62
2024-10-10,TXN000558,SKU033,Snacks 05,CUST0055,6.13,2,Snacks,B1,S,F2,False,3.68
2024-10-10,TXN000558,SKU041,Snacks 06,CUST0055,6.25,2,Snacks,B3,L,F2,False,3.75
2024-10-10,TXN000558,SKU005,Household 01,CUST0055,5.37,1,Household,B3,L,F2,False,3.22
2024-10-10,TXN000558,SKU003,Bakery 01,CUST0055,7.92,2,Bakery,B1,S,F4,False,4.75
2024-10-10,TXN000558,SKU001,Snacks 01,CUST0055,8.26,3,Snacks,B2,L,F2,False,4.96
2024-10-10,TXN000577,SKU007,Pet 01,CUST0057,12.11,1,Pet,B2,L,F4,False,7.27
2024-10-10,TXN000577,SKU015,Pet 02,CUST0057,14.75,2,Pet,B1,M,F4,False,8.85
2024-10-10,TXN000577,SKU021,Household 03,CUST0057,5.84,3,Household,B1,S,F2,False,3.5
2024-10-10,TXN000622,SKU001,Snacks 01,CUST0062,8.26,3,Snacks,B2,L,F2,False,4.96
2024-10-10,TXN000622,SKU002,Beverages 01,CUST0062,5.73,2,Beverages,B3,M,F3,False,3.44
2024-10-10,TXN000622,SKU010,Beverages 02,CUST0062,4.77,1,Beverages,B2,M,F3,False,2.86
2024-10-10,TXN000785,SKU000,Coffee 01,CUST0079,5.1,3,Coffee,B1,M,F1,False,3.06
2024-10-10,TXN000785,SKU004,Dairy 01,CUST0079,3.85,2,Dairy,B2,M,F1,False,2.31
2024-10-10,TXN000785,SKU003,Bakery 01,CUST0079,7.92,1,Bakery,B1,S,F4,False,4.75
2024-10-10,TXN000785,SKU009,Snacks 02,CUST0079,3.57,3,Snacks,B1,M,F2,False,2.14
2024-10-10,TXN000785,SKU006,Personal Care 01,CUST0079,6.63,1,Personal Care,B1,S,F3,False,3.98
2024-10-10,TXN000875,SKU000,Coffee 01,CUST0087,5.1,1,Coffee,B1,M,F1,False,3.06
2024-10-10,TXN000875,SKU002,Beverages 01,CUST0087,5.73,1,Beverages,B3,M,F3,False,3.44
2024-10-10,TXN000875,SKU050,Beverages 07,CUST0087,6.6,1,Beverages,B3,M,F3,False,3.96
2024-10-10,TXN000875,SKU005,Household 01,CUST0087,5.37,1,Household,B3,L,F2,False,3.22
2024-10-10,TXN000875,SKU025,Snacks 04,CUST0087,6.63,2,Snacks,B2,M,F2,False,3.98
2024-10-10,TXN000983,SKU014,Personal Care 02,CUST0099,7.0,1,Personal Care,B3,M,F3,False,4.2
2024-10-10,TXN000983,SKU000,Coffee 01,CUST0099,5.1,3,Coffee,B1,M,F1,False,3.06
2024-10-10,TXN000983,SKU043,Bakery 06,CUST0099,8.09,2,Bakery,B2,L,F4,False,4.85
2024-10-10,TXN000983,SKU003,Bakery 01,CUST0099,7.92,2,Bakery,B1,S,F4,False,4.75
2024-10-10,TXN000983,SKU035,Bakery 05,CUST0099,7.37,2,Bakery,B3,S,F4,False,4.42
2024-10-10,TXN001142,SKU005,Household 01,CUST0117,5.37,2,Household,B3,L,F2,False,3.22
2024-10-10,TXN001142,SKU013,Household 02,CUST0117,5.73,1,Household,B2,M,F2,False,3.44
2024-10-11,TXN000369,SKU002,Beverages 01,CUST0036,5.73,3,Beverages,B3,M,F3,False,3.44
2024-10-11,TXN000369,SKU009,Snacks 02,CUST0036,3.57,1,Snacks,B1,M,F2,False,2.14
2024-10-11,TXN000463,SKU031,Pet 04,CUST0046,7.29,2,Pet,B2,S,F4,False,4.37
2024-10-11,TXN000463,SKU002,Beverages 01,CUST0046,5.73,2,Beverages,B3,M,F3,False,3.44
2024-10-11,TXN000463,SKU003,Bakery 01,CUST0046,7.92,3,Bakery,B1,S,F4,False,4.75
2024-10-11,TXN000463,SKU001,Snacks 01,CUST0046,8.26,2,Snacks,B2,L,F2,False,4.96
2024-10-11,TXN000864,SKU001,Snacks 01,CUST0087,8.26,1,Snacks,B2,L,F2,False,4.96
2024-10-11,TXN000864,SKU040,Coffee 06,CUST0087,2.41,3,Coffee,B2,S,F1,False,1.45
2024-10-11,TXN000864,SKU034,Beverages 05,CUST0087,13.18,1,Beverages,B2,M,F3,False,7.91
2024-10-11,TXN000864,SKU025,Snacks 04,CUST0087,6.63,3,Snacks,B2,M,F2,False,3.98
2024-10-11,TXN000864,SKU015,Pet 02,CUST0087,14.75,2,Pet,B1,M,F4,False,8.85
2024-10-11,TXN000864,SKU000,Coffee 01,CUST0087,5.1,3,Coffee,B1,M,F1,False,3.06
2024-10-11,TXN000889,SKU011,Bakery 02,CUST0088,10.55,3,Bakery,B3,S,F4,False,6.33
2024-10-11,TXN000889,SKU044,Dairy 06,CUST0088,25.4,3,Dairy,B3,M,F1,False,15.24
2024-10-11,TXN000889,SKU000,Coffee 01,CUST0088,5.1,2,Coffee,B1,M,F1,False,3.06
2024-10-11,TXN000889,SKU004,Dairy 01,CUST0088,3.85,2,Dairy,B2,M,F1,False,2.31
2024-10-11,TXN000985,SKU000,Coffee 01,CUST0099,5.1,2,Coffee,B1,M,F1,False,3.06
2024-10-11,TXN000985,SKU008,Coffee 02,CUST0099,13.87,3,Coffee,B3,M,F1,False,8.32
2024-10-11,TXN001032,SKU001,Snacks 01,CUST0105,8.26,3,Snacks,B2,L,F2,False,4.96
2024-10-11,TXN001032,SKU003,Bakery 01,CUST0105,7.92,2,Bakery,B1,S,F4,False,4.75
2024-10-11,TXN001032,SKU024,Coffee 04,CUST0105,6.91,3,Coffee,B1,S,F1,False,4.15
2024-10-12,TXN000146,SKU013,Household 02,CUST0012,5.73,1,Household,B2,M,F2,False,3.44
2024-10-12,TXN000146,SKU000,Coffee 01,CUST0012,5.1,2,Coffee,B1,M,F1,False,3.06
2024-10-12,TXN000159,SKU034,Beverages 05,CUST0015,13.18,3,Beverages,B2,M,F3,False,7.91
2024-10-12,TXN000159,SKU002,Beverages 01,CUST0015,5.73,3,Beverages,B3,M,F3,False,3.44
2024-10-12,TXN000159,SKU007,Pet 01,CUST0015,12.11,1,Pet,B2,L,F4,False,7.27
2024-10-12,TXN000159,SKU001,Snacks 01,CUST0015,8.26,2,Snacks,B2,L,F2,False,4.96
2024-10-12,TXN000410,SKU001,Snacks 01,CUST0039,8.26,1,Snacks,B2,L,F2,False,4.96
2024-10-12,TXN000410,SKU009,Snacks 02,CUST0039,3.57,1,Snacks,B1,M,F2,False,2.14
2024-10-12,TXN000410,SKU022,Personal Care 03,CUST0039,6.25,3,Personal Care,B2,M,F3,False,3.75
2024-10-12,TXN000410,SKU000,Coffee 01,CUST0039,5.1,1,Coffee,B1,M,F1,False,3.06
2024-10-12,TXN000535,SKU002,Beverages 01,CUST0054,5.73,3,Beverages,B3,M,F3,False,3.44
2024-10-12,TXN000535,SKU001,Snacks 01,CUST0054,8.26,2,Snacks,B2,L,F2,False,4.96
2024-10-12,TXN000535,SKU056,Coffee 08,CUST0054,4.14,1,Coffee,B3,L,F1,False,2.48
2024-10-12,TXN000535,SKU016,Coffee 03,CUST0054,10.8,1,Coffee,B2,L,F1,False,6.48
2024-10-12,TXN000579,SKU006,Personal Care 01,CUST0057,6.63,3,Personal Care,B1,S,F3,False,3.98
2024-10-12,TXN000579,SKU014,Personal Care 02,CUST0057,7.0,2,Personal Care,B3,M,F3,False,4.2
2024-10-12,TXN000579,SKU002,Beverages 01,CUST0057,5.73,2,Beverages,B3,M,F3,False,3.44
2024-10-12,TXN000579,SKU016,Coffee 03,CUST0057,10.8,1,Coffee,B2,L,F1,False,6.48
2024-10-12,TXN000895,SKU000,Coffee 01,CUST0089,5.1,3,Coffee,B1,M,F1,False,3.06
2024-10-12,TXN000895,SKU006,Personal Care 01,CUST0089,6.63,3,Personal Care,B1,S,F3,False,3.98
2024-10-12,TXN000895,SKU027,Bakery 04,CUST0089,7.34,2,Bakery,B1,L,F4,False,4.4
2024-10-12,TXN001073,SKU003,Bakery 01,CUST0108,7.92,2,Bakery,B1,S,F4,False,4.75
2024-10-12,TXN001073,SKU001,Snacks 01,CUST0108,8.26,1,Snacks,B2,L,F2,False,4.96
2024-10-12,TXN001073,SKU018,Beverages 03,CUST0108,6.03,1,Beverages,B1,M,F3,False,3.62
2024-10-12,TXN001073,SKU047,Pet 06,CUST0108,8.27,1,Pet,B3,M,F4,False,4.96
2024-10-12,TXN001073,SKU002,Beverages 01,CUST0108,5.73,3,Beverages,B3,M,F3,False,3.44
2024-10-12,TXN001073,SKU000,Coffee 01,CUST0108,5.1,3,Coffee,B1,M,F1,False,3.06
2024-10-12,TXN001131,SKU006,Personal Care 01,CUST0115,6.63,3,Personal Care,B1,S,F3,False,3.98
2024-10-12,TXN001131,SKU014,Personal Care 02,CUST0115,7.0,1,Personal Care,B3,M,F3,False,4.2
2024-10-12,TXN001131,SKU000,Coffee 01,CUST0115,5.1,3,Coffee,B1,M,F1,False,3.06
2024-10-13,TXN000195,SKU008,Coffee 02,CUST0019,13.87,3,Coffee,B3,M,F1,False,8.32
2024-10-13,TXN000195,SKU012,Dairy 02,CUST0019,2.47,1,Dairy,B1,S,F1,False,1.48
2024-10-13,TXN000195,SKU001,Snacks 01,CUST0019,8.26,1,Snacks,B2,L,F2,False,4.96
2024-10-13,TXN000195,SKU025,Snacks 04,CUST0019,6.63,3,Snacks,B2,M,F2,False,3.98
2024-10-13,TXN000195,SKU041,Snacks 06,CUST0019,6.25,3,Snacks,B3,L,F2,False,3.75
2024-10-13,TXN000292,SKU027,Bakery 04,CUST0030,7.34,2,Bakery,B1,L,F4,False,4.4
2024-10-13,TXN000292,SKU016,Coffee 03,CUST0030,10.8,1,Coffee,B2,L,F1,False,6.48
2024-10-13,TXN000292,SKU008,Coffee 02,CUST0030,13.87,2,Coffee,B3,M,F1,False,8.32
2024-10-13,TXN000292,SKU002,Beverages 01,CUST0030,5.73,1,Beverages,B3,M,F3,False,3.44
2024-10-13,TXN000292,SKU014,Personal Care 02,CUST0030,7.0,2,Personal Care,B3,M,F3,False,4.2
2024-10-13,TXN000292,SKU050,Beverages 07,CUST0030,6.6,2,Beverages,B3,M,F3,False,3.96
2024-10-13,TXN000319,SKU016,Coffee 03,CUST0032,10.8,1,Coffee,B2,L,F1,False,6.48
2024-10-13,TXN000319,SKU023,Pet 03,CUST0032,8.97,1,Pet,B3,S,F4,False,5.38
2024-10-13,TXN000319,SKU012,Dairy 02,CUST0032,2.47,3,Dairy,B1,S,F1,False,1.48
2024-10-13,TXN000398,SKU018,Beverages 03,CUST0039,6.03,1,Beverages,B1,M,F3,False,3.62
2024-10-13,TXN000398,SKU033,Snacks 05,CUST0039,6.13,1,Snacks,B1,S,F2,False,3.68
2024-10-13,TXN000398,SKU041,Snacks 06,CUST0039,6.25,1,Snacks,B3,L,F2,False,3.75
2024-10-13,TXN000398,SKU000,Coffee 01,CUST0039,5.1,1,Coffee,B1,M,F1,False,3.06
2024-10-13,TXN000398,SKU008,Coffee 02,CUST0039,13.87,3,Coffee,B3,M,F1,False,8.32
2024-10-13,TXN000515,SKU024,Coffee 04,CUST0051,6.91,3,Coffee,B1,S,F1,False,4.15
2024-10-13,TXN000515,SKU019,Bakery 03,CUST0051,6.44,2,Bakery,B2,L,F4,False,3.86
2024-10-13,TXN000515,SKU028,Dairy 04,CUST0051,5.79,2,Dairy,B2,M,F1,False,3.47
2024-10-13,TXN000515,SKU000,Coffee 01,CUST0051,5.1,1,Coffee,B1,M,F1,False,3.06
2024-10-13,TXN000719,SKU016,Coffee 03,CUST0073,10.8,1,Coffee,B2,L,F1,False,6.48
2024-10-13,TXN000719,SKU001,Snacks 01,CUST0073,8.26,1,Snacks,B2,L,F2,False,4.96
2024-10-13,TXN000799,SKU001,Snacks 01,CUST0081,8.26,2,Snacks,B2,L,F2,False,4.96
2024-10-13,TXN000799,SKU005,Household 01,CUST0081,5.37,3,Household,B3,L,F2,False,3.22
2024-10-13,TXN000799,SKU000,Coffee 01,CUST0081,5.1,1,Coffee,B1,M,F1,False,3.06
2024-10-13,TXN001018,SKU012,Dairy 02,CUST0103,2.47,3,Dairy,B1,S,F1,False,1.48
2024-10-13,TXN001018,SKU002,Beverages 01,CUST0103,5.73,3,Beverages,B3,M,F3,False,3.44
2024-10-13,TXN001018,SKU026,Beverages 04,CUST0103,4.0,1,Beverages,B3,M,F3,False,2.4
2024-10-13,TXN001105,SKU011,Bakery 02,CUST0112,10.55,2,Bakery,B3,S,F4,False,6.33
2024-10-13,TXN001105,SKU005,Household 01,CUST0112,5.37,3,Household,B3,L,F2,False,3.22
2024-10-13,TXN001105,SKU050,Beverages 07,CUST0112,6.6,1,Beverages,B3,M,F3,False,3.96
2024-10-13,TXN001105,SKU039,Pet 05,CUST0112,2.92,3,Pet,B1,S,F4,False,1.75
2024-10-13,TXN001105,SKU003,Bakery 01,CUST0112,7.92,2,Bakery,B1,S,F4,False,4.75
2024-10-13,TXN001135,SKU024,Coffee 04,CUST0115,6.91,3,Coffee,B1,S,F1,False,4.15
2024-10-13,TXN001135,SKU019,Bakery 03,CUST0115,6.44,3,Bakery,B2,L,F4,False,3.86
2024-10-13,TXN001135,SKU028,Dairy 04,CUST0115,5.79,2,Dairy,B2,M,F1,False,3.47
2024-10-13,TXN001135,SKU050,Beverages 07,CUST0115,6.6,1,Beverages,B3,M,F3,False,3.96
2024-10-14,TXN000327,SKU005,Household 01,CUST0033,5.37,1,Household,B3,L,F2,False,3.22
2024-10-14,TXN000327,SKU024,Coffee 04,CUST0033,6.91,2,Coffee,B1,S,F1,False,4.15
2024-10-14,TXN000327,SKU002,Beverages 01,CUST0033,5.73,1,Beverages,B3,M,F3,False,3.44
2024-10-14,TXN000327,SKU003,Bakery 01,CUST0033,7.92,1,Bakery,B1,S,F4,False,4.75
2024-10-14,TXN000338,SKU005,Household 01,CUST0033,5.37,2,Household,B3,L,F2,False,3.22
2024-10-14,TXN000338,SKU000,Coffee 01,CUST0033,5.1,3,Coffee,B1,M,F1,False,3.06
2024-10-14,TXN000338,SKU008,Coffee 02,CUST0033,13.87,3,Coffee,B3,M,F1,False,8.32
2024-10-14,TXN000338,SKU001,Snacks 01,CUST0033,8.26,1,Snacks,B2,L,F2,False,4.96
2024-10-14,TXN000338,SKU002,Beverages 01,CUST0033,5.73,3,Beverages,B3,M,F3,False,3.44
2024-10-14,TXN000385,SKU041,Snacks 06,CUST0038,6.25,1,Snacks,B3,L,F2,False,3.75
2024-10-14,TXN000385,SKU011,Bakery 02,CUST0038,10.55,1,Bakery,B3,S,F4,False,6.33
2024-10-14,TXN000385,SKU044,Dairy 06,CUST0038,25.4,1,Dairy,B3,M,F1,False,15.24
2024-10-14,TXN000385,SKU003,Bakery 01,CUST0038,7.92,1,Bakery,B1,S,F4,False,4.75
2024-10-14,TXN000385,SKU000,Coffee 01,CUST0038,5.1,3,Coffee,B1,M,F1,False,3.06
2024-10-14,TXN000445,SKU011,Bakery 02,CUST0045,10.55,1,Bakery,B3,S,F4,False,6.33
2024-10-14,TXN000445,SKU020,Dairy 03,CUST0045,17.08,3,Dairy,B3,S,F1,False,10.25
2024-10-14,TXN000445,SKU016,Coffee 03,CUST0045,10.8,2,Coffee,B2,L,F1,False,6.48
2024-10-14,TXN000445,SKU031,Pet 04,CUST0045,7.29,1,Pet,B2,S,F4,False,4.37
2024-10-14,TXN000459,SKU007,Pet 01,CUST0045,12.11,3,Pet,B2,L,F4,False,7.27
2024-10-14,TXN000459,SKU001,Snacks 01,CUST0045,8.26,3,Snacks,B2,L,F2,False,4.96
2024-10-14,TXN000459,SKU009,Snacks 02,CUST0045,3.57,2,Snacks,B1,M,F2,False,2.14
2024-10-14,TXN000477,SKU004,Dairy 01,CUST0048,3.85,2,Dairy,B2,M,F1,False,2.31
2024-10-14,TXN000477,SKU039,Pet 05,CUST0048,2.92,3,Pet,B1,S,F4,False,1.75
2024-10-14,TXN000477,SKU005,Household 01,CUST0048,5.37,2,Household,B3,L,F2,False,3.22
2024-10-14,TXN000477,SKU002,Beverages 01,CUST0048,5.73,1,Beverages,B3,M,F3,False,3.44
2024-10-14,TXN000607,SKU017,Snacks 03,CUST0060,6.17,3,Snacks,B3,M,F2,False,3.7
2024-10-14,TXN000607,SKU002,Beverages 01,CUST0060,5.73,1,Beverages,B3,M,F3,False,3.44
2024-10-14,TXN000607,SKU018,Beverages 03,CUST0060,6.03,2,Beverages,B1,M,F3,False,3.62
2024-10-14,TXN000607,SKU000,Coffee 01,CUST0060,5.1,3,Coffee,B1,M,F1,False,3.06
2024-10-14,TXN000684,SKU017,Snacks 03,CUST0069,6.17,1,Snacks,B3,M,F2,False,3.7
2024-10-14,TXN000684,SKU012,Dairy 02,CUST0069,2.47,2,Dairy,B1,S,F1,False,1.48
2024-10-14,TXN000684,SKU002,Beverages 01,CUST0069,5.73,3,Beverages,B3,M,F3,False,3.44
2024-10-14,TXN000684,SKU027,Bakery 04,CUST0069,7.34,1,Bakery,B1,L,F4,False,4.4
2024-10-14,TXN000727,SKU005,Household 01,CUST0074,5.37,3,Household,B3,L,F2,False,3.22
2024-10-14,TXN000727,SKU013,Household 02,CUST0074,5.73,3,Household,B2,M,F2,False,3.44
2024-10-14,TXN000727,SKU000,Coffee 01,CUST0074,5.1,2,Coffee,B1,M,F1,False,3.06
2024-10-14,TXN000899,SKU000,Coffee 01,CUST0090,5.1,2,Coffee,B1,M,F1,False,3.06
2024-10-14,TXN000899,SKU002,Beverages 01,CUST0090,5.73,1,Beverages,B3,M,F3,False,3.44
2024-10-14,TXN000899,SKU007,Pet 01,CUST0090,12.11,1,Pet,B2,L,F4,False,7.27
2024-10-14,TXN000899,SKU047,Pet 06,CUST0090,8.27,3,Pet,B3,M,F4,False,4.96
2024-10-14,TXN000899,SKU001,Snacks 01,CUST0090,8.26,3,Snacks,B2,L,F2,False,4.96
2024-10-14,TXN000899,SKU010,Beverages 02,CUST0090,4.77,1,Beverages,B2,M,F3,False,2.86
2024-10-15,TXN000039,SKU006,Personal Care 01,CUST0003,6.63,2,Personal Care,B1,S,F3,False,3.98
2024-10-15,TXN000039,SKU020,Dairy 03,CUST0003,17.08,3,Dairy,B3,S,F1,False,10.25
2024-10-15,TXN000178,SKU003,Bakery 01,CUST0016,7.92,2,Bakery,B1,S,F4,False,4.75
2024-10-15,TXN000178,SKU001,Snacks 01,CUST0016,8.26,3,Snacks,B2,L,F2,False,4.96
2024-10-15,TXN000289,SKU024,Coffee 04,CUST0029,6.91,2,Coffee,B1,S,F1,False,4.15
2024-10-15,TXN000289,SKU019,Bakery 03,CUST0029,6.44,1,Bakery,B2,L,F4,False,3.86
2024-10-15,TXN000289,SKU028,Dairy 04,CUST0029,5.79,2,Dairy,B2,M,F1,False,3.47
2024-10-15,TXN000289,SKU002,Beverages 01,CUST0029,5.73,1,Beverages,B3,M,F3,False,3.44
2024-10-15,TXN000289,SKU000,Coffee 01,CUST0029,5.1,3,Coffee,B1,M,F1,False,3.06
2024-10-15,TXN000387,SKU002,Beverages 01,CUST0038,5.73,1,Beverages,B3,M,F3,False,3.44
2024-10-15,TXN000387,SKU000,Coffee 01,CUST0038,5.1,1,Coffee,B1,M,F1,False,3.06
2024-10-15,TXN000387,SKU001,Snacks 01,CUST0038,8.26,3,Snacks,B2,L,F2,False,4.96
2024-10-15,TXN000387,SKU025,Snacks 04,CUST0038,6.63,1,Snacks,B2,M,F2,False,3.98
2024-10-15,TXN000387,SKU019,Bakery 03,CUST0038,6.44,1,Bakery,B2,L,F4,False,3.86
2024-10-15,TXN000703,SKU007,Pet 01,CUST0072,12.11,2,Pet,B2,L,F4,False,7.27
2024-10-15,TXN000703,SKU015,Pet 02,CUST0072,14.75,3,Pet,B1,M,F4,False,8.85
2024-10-15,TXN000703,SKU021,Household 03,CUST0072,5.84,3,Household,B1,S,F2,False,3.5
2024-10-15,TXN000703,SKU010,Beverages 02,CUST0072,4.77,3,Beverages,B2,M,F3,False,2.86
2024-10-15,TXN000703,SKU000,Coffee 01,CUST0072,5.1,2,Coffee,B1,M,F1,False,3.06
2024-10-15,TXN000703,SKU026,Beverages 04,CUST0072,4.0,3,Beverages,B3,M,F3,False,2.4
2024-10-15,TXN001047,SKU000,Coffee 01,CUST0106,5.1,3,Coffee,B1,M,F1,False,3.06
2024-10-15,TXN001047,SKU004,Dairy 01,CUST0106,3.85,1,Dairy,B2,M,F1,False,2.31
2024-10-15,TXN001047,SKU003,Bakery 01,CUST0106,7.92,3,Bakery,B1,S,F4,False,4.75
2024-10-15,TXN001047,SKU015,Pet 02,CUST0106,14.75,2,Pet,B1,M,F4,False,8.85
2024-10-15,TXN001086,SKU006,Personal Care 01,CUST0110,6.63,3,Personal Care,B1,S,F3,False,3.98
2024-10-15,TXN001086,SKU000,Coffee 01,CUST0110,5.1,1,Coffee,B1,M,F1,False,3.06
2024-10-15,TXN001086,SKU009,Snacks 02,CUST0110,3.57,2,Snacks,B1,M,F2,False,2.14
2024-10-15,TXN001109,SKU001,Snacks 01,CUST0114,8.26,1,Snacks,B2,L,F2,False,4.96
2024-10-15,TXN001109,SKU006,Personal Care 01,CUST0114,6.63,1,Personal Care,B1,S,F3,False,3.98
2024-10-16,TXN000141,SKU001,Snacks 01,CUST0012,8.26,1,Snacks,B2,L,F2,False,4.96
2024-10-16,TXN000141,SKU000,Coffee 01,CUST0012,5.1,2,Coffee,B1,M,F1,False,3.06
2024-10-16,TXN000141,SKU018,Beverages 03,CUST0012,6.03,3,Beverages,B1,M,F3,False,3.62
2024-10-16,TXN000141,SKU026,Beverages 04,CUST0012,4.0,3,Beverages,B3,M,F3,False,2.4
2024-10-16,TXN000775,SKU000,Coffee 01,CUST0078,5.1,1,Coffee,B1,M,F1,False,3.06
2024-10-16,TXN000775,SKU026,Beverages 04,CUST0078,4.0,1,Beverages,B3,M,F3,False,2.4
2024-10-16,TXN000775,SKU002,Beverages 01,CUST0078,5.73,3,Beverages,B3,M,F3,False,3.44
2024-10-16,TXN000775,SKU010,Beverages 02,CUST0078,4.77,2,Beverages,B2,M,F3,False,2.86
2024-10-16,TXN000775,SKU041,Snacks 06,CUST0078,6.25,2,Snacks,B3,L,F2,False,3.75
2024-10-16,TXN000797,SKU000,Coffee 01,CUST0081,5.1,1,Coffee,B1,M,F1,False,3.06
2024-10-16,TXN000797,SKU002,Beverages 01,CUST0081,5.73,2,Beverages,B3,M,F3,False,3.44
2024-10-16,TXN000797,SKU001,Snacks 01,CUST0081,8.26,1,Snacks,B2,L,F2,False,4.96
2024-10-16,TXN000797,SKU039,Pet 05,CUST0081,2.92,2,Pet,B1,S,F4,False,1.75
2024-10-16,TXN000797,SKU006,Personal Care 01,CUST0081,6.63,3,Personal Care,B1,S,F3,False,3.98
2024-10-16,TXN000846,SKU006,Personal Care 01,CUST0085,6.63,3,Personal Care,B1,S,F3,False,3.98
2024-10-16,TXN000846,SKU004,Dairy 01,CUST0085,3.85,1,Dairy,B2,M,F1,False,2.31
2024-10-16,TXN000882,SKU018,Beverages 03,CUST0088,6.03,2,Beverages,B1,M,F3,False,3.62
2024-10-16,TXN000882,SKU033,Snacks 05,CUST0088,6.13,2,Snacks,B1,S,F2,False,3.68
2024-10-16,TXN000882,SKU041,Snacks 06,CUST0088,6.25,1,Snacks,B3,L,F2,False,3.75
2024-10-17,TXN000059,SKU006,Personal Care 01,CUST0004,6.63,2,Personal Care,B1,S,F3,False,3.98
2024-10-17,TXN000059,SKU003,Bakery 01,CUST0004,7.92,2,Bakery,B1,S,F4,False,4.75
2024-10-17,TXN000059,SKU010,Beverages 02,CUST0004,4.77,3,Beverages,B2,M,F3,False,2.86
2024-10-17,TXN000761,SKU004,Dairy 01,CUST0078,3.85,1,Dairy,B2,M,F1,False,2.31
2024-10-17,TXN000761,SKU000,Coffee 01,CUST0078,5.1,1,Coffee,B1,M,F1,False,3.06
2024-10-17,TXN000761,SKU001,Snacks 01,CUST0078,8.26,2,Snacks,B2,L,F2,False,4.96
2024-10-17,TXN000810,SKU000,Coffee 01,CUST0081,5.1,3,Coffee,B1,M,F1,False,3.06
2024-10-17,TXN000810,SKU026,Beverages 04,CUST0081,4.0,2,Beverages,B3,M,F3,False,2.4
2024-10-17,TXN000810,SKU022,Personal Care 03,CUST0081,6.25,1,Personal Care,B2,M,F3,False,3.75
2024-10-17,TXN000810,SKU015,Pet 02,CUST0081,14.75,2,Pet,B1,M,F4,False,8.85
2024-10-17,TXN000810,SKU053,Household 07,CUST0081,4.18,3,Household,B3,M,F2,False,2.51
2024-10-17,TXN000810,SKU052,Dairy 07,CUST0081,9.84,3,Dairy,B2,S,F1,False,5.9
2024-10-17,TXN000914,SKU008,Coffee 02,CUST0091,13.87,2,Coffee,B3,M,F1,False,8.32
2024-10-17,TXN000914,SKU000,Coffee 01,CUST0091,5.1,3,Coffee,B1,M,F1,False,3.06
2024-10-17,TXN000914,SKU050,Beverages 07,CUST0091,6.6,3,Beverages,B3,M,F3,False,3.96
2024-10-17,TXN000914,SKU001,Snacks 01,CUST0091,8.26,2,Snacks,B2,L,F2,False,4.96
2024-10-17,TXN000914,SKU002,Beverages 01,CUST0091,5.73,2,Beverages,B3,M,F3,False,3.44
2024-10-17,TXN000914,SKU010,Beverages 02,CUST0091,4.77,2,Beverages,B2,M,F3,False,2.86
2024-10-18,TXN000773,SKU024,Coffee 04,CUST0078,6.91,1,Coffee,B1,S,F1,False,4.15
2024-10-18,TXN000773,SKU001,Snacks 01,CUST0078,8.26,2,Snacks,B2,L,F2,False,4.96
2024-10-18,TXN000773,SKU000,Coffee 01,CUST0078,5.1,2,Coffee,B1,M,F1,False,3.06
2024-10-18,TXN000773,SKU003,Bakery 01,CUST0078,7.92,2,Bakery,B1,S,F4,False,4.75
2024-10-18,TXN000773,SKU040,Coffee 06,CUST0078,2.41,1,Coffee,B2,S,F1,False,1.45
2024-10-18,TXN000773,SKU011,Bakery 02,CUST0078,10.55,2,Bakery,B3,S,F4,False,6.33
2024-10-19,TXN000181,SKU021,Household 03,CUST0018,5.84,3,Household,B1,S,F2,False,3.5
2024-10-19,TXN000181,SKU003,Bakery 01,CUST0018,7.92,3,Bakery,B1,S,F4,False,4.75
2024-10-19,TXN000181,SKU010,Beverages 02,CUST0018,4.77,3,Beverages,B2,M,F3,False,2.86
2024-10-19,TXN000181,SKU031,Pet 04,CUST0018,7.29,3,Pet,B2,S,F4,False,4.37
2024-10-19,TXN000181,SKU002,Beverages 01,CUST0018,5.73,3,Beverages,B3,M,F3,False,3.44
2024-10-19,TXN000181,SKU012,Dairy 02,CUST0018,2.47,2,Dairy,B1,S,F1,False,1.48
2024-10-19,TXN001106,SKU000,Coffee 01,CUST0113,5.1,3,Coffee,B1,M,F1,False,3.06
2024-10-19,TXN001106,SKU004,Dairy 01,CUST0113,3.85,2,Dairy,B2,M,F1,False,2.31
2024-10-19,TXN001106,SKU003,Bakery 01,CUST0113,7.92,2,Bakery,B1,S,F4,False,4.75
2024-10-19,TXN001106,SKU055,Pet 07,CUST0113,7.53,2,Pet,B2,S,F4,False,4.52
2024-10-19,TXN001106,SKU014,Personal Care 02,CUST0113,7.0,1,Personal Care,B3,M,F3,False,4.2
2024-10-19,TXN001117,SKU008,Coffee 02,CUST0114,13.87,3,Coffee,B3,M,F1,False,8.32
2024-10-19,TXN001117,SKU012,Dairy 02,CUST0114,2.47,1,Dairy,B1,S,F1,False,1.48
2024-10-19,TXN001117,SKU001,Snacks 01,CUST0114,8.26,2,Snacks,B2,L,F2,False,4.96
2024-10-19,TXN001117,SKU010,Beverages 02,CUST0114,4.77,1,Beverages,B2,M,F3,False,2.86
2024-10-19,TXN001117,SKU005,Household 01,CUST0114,5.37,1,Household,B3,L,F2,False,3.22
2024-10-20,TXN000184,SKU001,Snacks 01,CUST0018,8.26,3,Snacks,B2,L,F2,False,4.96
2024-10-20,TXN000184,SKU000,Coffee 01,CUST0018,5.1,3,Coffee,B1,M,F1,False,3.06
2024-10-20,TXN000184,SKU048,Coffee 07,CUST0018,9.69,1,Coffee,B1,M,F1,False,5.81
2024-10-20,TXN000184,SKU006,Personal Care 01,CUST0018,6.63,3,Personal Care,B1,S,F3,False,3.98
2024-10-20,TXN000184,SKU034,Beverages 05,CUST0018,13.18,3,Beverages,B2,M,F3,False,7.91
2024-10-20,TXN000384,SKU005,Household 01,CUST0037,5.37,3,Household,B3,L,F2,False,3.22
2024-10-20,TXN000384,SKU000,Coffee 01,CUST0037,5.1,1,Coffee,B1,M,F1,False,3.06
2024-10-20,TXN000384,SKU016,Coffee 03,CUST0037,10.8,1,Coffee,B2,L,F1,False,6.48
2024-10-20,TXN000384,SKU031,Pet 04,CUST0037,7.29,2,Pet,B2,S,F4,False,4.37
2024-10-20,TXN000384,SKU001,Snacks 01,CUST0037,8.26,1,Snacks,B2,L,F2,False,4.96
2024-10-20,TXN000738,SKU018,Beverages 03,CUST0075,6.03,2,Beverages,B1,M,F3,False,3.62
2024-10-20,TXN000738,SKU033,Snacks 05,CUST0075,6.13,3,Snacks,B1,S,F2,False,3.68
2024-10-20,TXN000738,SKU041,Snacks 06,CUST0075,6.25,1,Snacks,B3,L,F2,False,3.75
2024-10-20,TXN000738,SKU005,Household 01,CUST0075,5.37,1,Household,B3,L,F2,False,3.22
2024-10-20,TXN000738,SKU000,Coffee 01,CUST0075,5.1,3,Coffee,B1,M,F1,False,3.06
2024-10-20,TXN000738,SKU016,Coffee 03,CUST0075,10.8,2,Coffee,B2,L,F1,False,6.48
2024-10-20,TXN000787,SKU034,Beverages 05,CUST0079,13.18,1,Beverages,B2,M,F3,False,7.91
2024-10-20,TXN000787,SKU003,Bakery 01,CUST0079,7.92,3,Bakery,B1,S,F4,False,4.75
2024-10-20,TXN000787,SKU001,Snacks 01,CUST0079,8.26,3,Snacks,B2,L,F2,False,4.96
2024-10-20,TXN000787,SKU000,Coffee 01,CUST0079,5.1,2,Coffee,B1,M,F1,False,3.06
2024-10-20,TXN000787,SKU008,Coffee 02,CUST0079,13.87,1,Coffee,B3,M,F1,False,8.32
2024-10-20,TXN000787,SKU039,Pet 05,CUST0079,2.92,3,Pet,B1,S,F4,False,1.75
2024-10-20,TXN000925,SKU010,Beverages 02,CUST0093,4.77,3,Beverages,B2,M,F3,False,2.86
2024-10-20,TXN000925,SKU025,Snacks 04,CUST0093,6.63,2,Snacks,B2,M,F2,False,3.98
2024-10-20,TXN000925,SKU000,Coffee 01,CUST0093,5.1,3,Coffee,B1,M,F1,False,3.06
2024-10-20,TXN000925,SKU002,Beverages 01,CUST0093,5.73,3,Beverages,B3,M,F3,False,3.44
2024-10-20,TXN000925,SKU004,Dairy 01,CUST0093,3.85,2,Dairy,B2,M,F1,False,2.31
2024-10-20,TXN000925,SKU001,Snacks 01,CUST0093,8.26,1,Snacks,B2,L,F2,False,4.96
2024-10-20,TXN001030,SKU014,Personal Care 02,CUST0105,7.0,1,Personal Care,B3,M,F3,False,4.2
2024-10-20,TXN001030,SKU018,Beverages 03,CUST0105,6.03,2,Beverages,B1,M,F3,False,3.62
2024-10-20,TXN001030,SKU001,Snacks 01,CUST0105,8.26,1,Snacks,B2,L,F2,False,4.96
2024-10-20,TXN001030,SKU003,Bakery 01,CUST0105,7.92,2,Bakery,B1,S,F4,False,4.75
2024-10-20,TXN001083,SKU010,Beverages 02,CUST0109,4.77,2,Beverages,B2,M,F3,False,2.86
2024-10-20,TXN001083,SKU025,Snacks 04,CUST0109,6.63,1,Snacks,B2,M,F2,False,3.98
2024-10-20,TXN001083,SKU043,Bakery 06,CUST0109,8.09,1,Bakery,B2,L,F4,False,4.85
2024-10-20,TXN001083,SKU011,Bakery 02,CUST0109,10.55,3,Bakery,B3,S,F4,False,6.33
2024-10-20,TXN001154,SKU006,Personal Care 01,CUST0119,6.63,2,Personal Care,B1,S,F3,False,3.98
2024-10-20,TXN001154,SKU021,Household 03,CUST0119,5.84,2,Household,B1,S,F2,False,3.5
2024-10-20,TXN001154,SKU001,Snacks 01,CUST0119,8.26,2,Snacks,B2,L,F2,False,4.96
2024-10-20,TXN001154,SKU030,Personal Care 04,CUST0119,10.58,3,Personal Care,B1,M,F3,False,6.35
2024-10-20,TXN001154,SKU000,Coffee 01,CUST0119,5.1,3,Coffee,B1,M,F1,False,3.06
2024-10-21,TXN000066,SKU010,Beverages 02,CUST0006,4.77,3,Beverages,B2,M,F3,False,2.86
2024-10-21,TXN000066,SKU011,Bakery 02,CUST0006,10.55,3,Bakery,B3,S,F4,False,6.33
2024-10-21,TXN000066,SKU012,Dairy 02,CUST0006,2.47,2,Dairy,B1,S,F1,False,1.48
2024-10-21,TXN000208,SKU020,Dairy 03,CUST0021,17.08,2,Dairy,B3,S,F1,False,10.25
2024-10-21,TXN000208,SKU002,Beverages 01,CUST0021,5.73,1,Beverages,B3,M,F3,False,3.44
2024-10-21,TXN000208,SKU009,Snacks 02,CUST0021,3.57,3,Snacks,B1,M,F2,False,2.14
2024-10-21,TXN000208,SKU011,Bakery 02,CUST0021,10.55,3,Bakery,B3,S,F4,False,6.33
2024-10-21,TXN000208,SKU026,Beverages 04,CUST0021,4.0,1,Beverages,B3,M,F3,False,2.4
2024-10-21,TXN000208,SKU000,Coffee 01,CUST0021,5.1,2,Coffee,B1,M,F1,False,3.06
2024-10-21,TXN000314,SKU018,Beverages 03,CUST0031,6.03,2,Beverages,B1,M,F3,False,3.62
2024-10-21,TXN000314,SKU033,Snacks 05,CUST0031,6.13,3,Snacks,B1,S,F2,False,3.68
2024-10-21,TXN000314,SKU041,Snacks 06,CUST0031,6.25,2,Snacks,B3,L,F2,False,3.75
2024-10-21,TXN000314,SKU003,Bakery 01,CUST0031,7.92,2,Bakery,B1,S,F4,False,4.75
2024-10-21,TXN000314,SKU045,Household 06,CUST0031,4.68,3,Household,B1,M,F2,False,2.81
2024-10-21,TXN000374,SKU015,Pet 02,CUST0036,14.75,1,Pet,B1,M,F4,False,8.85
2024-10-21,TXN000374,SKU011,Bakery 02,CUST0036,10.55,2,Bakery,B3,S,F4,False,6.33
2024-10-21,TXN000374,SKU004,Dairy 01,CUST0036,3.85,2,Dairy,B2,M,F1,False,2.31
2024-10-21,TXN000502,SKU011,Bakery 02,CUST0050,10.55,3,Bakery,B3,S,F4,False,6.33
2024-10-21,TXN000502,SKU020,Dairy 03,CUST0050,17.08,2,Dairy,B3,S,F1,False,10.25
2024-10-21,TXN000502,SKU016,Coffee 03,CUST0050,10.8,2,Coffee,B2,L,F1,False,6.48
2024-10-21,TXN000502,SKU000,Coffee 01,CUST0050,5.1,2,Coffee,B1,M,F1,False,3.06
2024-10-21,TXN000502,SKU002,Beverages 01,CUST0050,5.73,2,Beverages,B3,M,F3,False,3.44
2024-10-21,TXN000502,SKU032,Coffee 05,CUST0050,10.67,2,Coffee,B3,S,F1,False,6.4
2024-10-21,TXN000635,SKU002,Beverages 01,CUST0063,5.73,1,Beverages,B3,M,F3,False,3.44
2024-10-21,TXN000635,SKU000,Coffee 01,CUST0063,5.1,2,Coffee,B1,M,F1,False,3.06
2024-10-21,TXN000635,SKU016,Coffee 03,CUST0063,10.8,2,Coffee,B2,L,F1,False,6.48
2024-10-21,TXN000680,SKU005,Household 01,CUST0069,5.37,1,Household,B3,L,F2,False,3.22
2024-10-21,TXN000680,SKU013,Household 02,CUST0069,5.73,2,Household,B2,M,F2,False,3.44
2024-10-21,TXN000680,SKU033,Snacks 05,CUST0069,6.13,3,Snacks,B1,S,F2,False,3.68
2024-10-21,TXN000680,SKU004,Dairy 01,CUST0069,3.85,1,Dairy,B2,M,F1,False,2.31
2024-10-21,TXN000680,SKU000,Coffee 01,CUST0069,5.1,2,Coffee,B1,M,F1,False,3.06
2024-10-21,TXN001033,SKU005,Household 01,CUST0105,5.37,3,Household,B3,L,F2,False,3.22
2024-10-21,TXN001033,SKU009,Snacks 02,CUST0105,3.57,2,Snacks,B1,M,F2,False,2.14
2024-10-21,TXN001033,SKU003,Bakery 01,CUST0105,7.92,3,Bakery,B1,S,F4,False,4.75
2024-10-22,TXN000129,SKU003,Bakery 01,CUST0011,7.92,1,Bakery,B1,S,F4,False,4.75
2024-10-22,TXN000129,SKU001,Snacks 01,CUST0011,8.26,3,Snacks,B2,L,F2,False,4.96
2024-10-22,TXN000129,SKU025,Snacks 04,CUST0011,6.63,2,Snacks,B2,M,F2,False,3.98
2024-10-22,TXN000361,SKU001,Snacks 01,CUST0036,8.26,2,Snacks,B2,L,F2,False,4.96
2024-10-22,TXN000361,SKU014,Personal Care 02,CUST0036,7.0,1,Personal Care,B3,M,F3,False,4.2
2024-10-22,TXN000361,SKU046,Personal Care 06,CUST0036,5.24,2,Personal Care,B2,S,F3,False,3.14
2024-10-22,TXN000361,SKU000,Coffee 01,CUST0036,5.1,2,Coffee,B1,M,F1,False,3.06
2024-10-22,TXN000361,SKU002,Beverages 01,CUST0036,5.73,2,Beverages,B3,M,F3,False,3.44
2024-10-22,TXN000373,SKU002,Beverages 01,CUST0036,5.73,2,Beverages,B3,M,F3,False,3.44
2024-10-22,TXN000373,SKU011,Bakery 02,CUST0036,10.55,1,Bakery,B3,S,F4,False,6.33
2024-10-22,TXN000373,SKU000,Coffee 01,CUST0036,5.1,3,Coffee,B1,M,F1,False,3.06
2024-10-22,TXN000457,SKU001,Snacks 01,CUST0045,8.26,1,Snacks,B2,L,F2,False,4.96
2024-10-22,TXN000457,SKU003,Bakery 01,CUST0045,7.92,2,Bakery,B1,S,F4,False,4.75
2024-10-22,TXN000457,SKU002,Beverages 01,CUST0045,5.73,3,Beverages,B3,M,F3,False,3.44
2024-10-22,TXN000457,SKU008,Coffee 02,CUST0045,13.87,3,Coffee,B3,M,F1,False,8.32
2024-10-22,TXN000457,SKU023,Pet 03,CUST0045,8.97,2,Pet,B3,S,F4,False,5.38
2024-10-22,TXN000965,SKU011,Bakery 02,CUST0096,10.55,3,Bakery,B3,S,F4,False,6.33
2024-10-22,TXN000965,SKU020,Dairy 03,CUST0096,17.08,2,Dairy,B3,S,F1,False,10.25
2024-10-22,TXN000965,SKU016,Coffee 03,CUST0096,10.8,1,Coffee,B2,L,F1,False,6.48
2024-10-22,TXN000965,SKU010,Beverages 02,CUST0096,4.77,1,Beverages,B2,M,F3,False,2.86
2024-10-22,TXN000965,SKU000,Coffee 01,CUST0096,5.1,1,Coffee,B1,M,F1,False,3.06
2024-10-22,TXN001143,SKU039,Pet 05,CUST0117,2.92,3,Pet,B1,S,F4,False,1.75
2024-10-22,TXN001143,SKU006,Personal Care 01,CUST0117,6.63,2,Personal Care,B1,S,F3,False,3.98
2024-10-22,TXN001143,SKU004,Dairy 01,CUST0117,3.85,3,Dairy,B2,M,F1,False,2.31
2024-10-22,TXN001143,SKU002,Beverages 01,CUST0117,5.73,2,Beverages,B3,M,F3,False,3.44
2024-10-22,TXN001143,SKU000,Coffee 01,CUST0117,5.1,1,Coffee,B1,M,F1,False,3.06
2024-10-22,TXN001143,SKU005,Household 01,CUST0117,5.37,3,Household,B3,L,F2,False,3.22
2024-10-23,TXN000182,SKU005,Household 01,CUST0018,5.37,2,Household,B3,L,F2,False,3.22
2024-10-23,TXN000182,SKU017,Snacks 03,CUST0018,6.17,2,Snacks,B3,M,F2,False,3.7
2024-10-23,TXN000182,SKU004,Dairy 01,CUST0018,3.85,3,Dairy,B2,M,F1,False,2.31
2024-10-23,TXN000182,SKU001,Snacks 01,CUST0018,8.26,2,Snacks,B2,L,F2,False,4.96
2024-10-23,TXN000344,SKU018,Beverages 03,CUST0034,6.03,2,Beverages,B1,M,F3,False,3.62
2024-10-23,TXN000344,SKU004,Dairy 01,CUST0034,3.85,1,Dairy,B2,M,F1,False,2.31
2024-10-23,TXN000344,SKU003,Bakery 01,CUST0034,7.92,2,Bakery,B1,S,F4,False,4.75
2024-10-23,TXN000344,SKU006,Personal Care 01,CUST0034,6.63,2,Personal Care,B1,S,F3,False,3.98
2024-10-23,TXN000344,SKU001,Snacks 01,CUST0034,8.26,3,Snacks,B2,L,F2,False,4.96
2024-10-23,TXN000403,SKU007,Pet 01,CUST0039,12.11,2,Pet,B2,L,F4,False,7.27
2024-10-23,TXN000403,SKU004,Dairy 01,CUST0039,3.85,1,Dairy,B2,M,F1,False,2.31
2024-10-23,TXN000403,SKU012,Dairy 02,CUST0039,2.47,3,Dairy,B1,S,F1,False,1.48
2024-10-23,TXN000540,SKU000,Coffee 01,CUST0054,5.1,1,Coffee,B1,M,F1,False,3.06
2024-10-23,TXN000540,SKU012,Dairy 02,CUST0054,2.47,1,Dairy,B1,S,F1,False,1.48
2024-10-23,TXN000540,SKU022,Personal Care 03,CUST0054,6.25,2,Personal Care,B2,M,F3,False,3.75
2024-10-23,TXN000540,SKU029,Household 04,CUST0054,14.03,2,Household,B3,M,F2,False,8.42
2024-10-23,TXN000540,SKU054,Personal Care 07,CUST0054,7.07,3,Personal Care,B1,M,F3,False,4.24
2024-10-23,TXN000540,SKU020,Dairy 03,CUST0054,17.08,1,Dairy,B3,S,F1,False,10.25
2024-10-23,TXN000562,SKU007,Pet 01,CUST0055,12.11,3,Pet,B2,L,F4,False,7.27
2024-10-23,TXN000562,SKU015,Pet 02,CUST0055,14.75,1,Pet,B1,M,F4,False,8.85
2024-10-23,TXN000562,SKU021,Household 03,CUST0055,5.84,3,Household,B1,S,F2,False,3.5
2024-10-23,TXN000562,SKU013,Household 02,CUST0055,5.73,1,Household,B2,M,F2,False,3.44
2024-10-23,TXN000562,SKU005,Household 01,CUST0055,5.37,3,Household,B3,L,F2,False,3.22
2024-10-23,TXN000600,SKU000,Coffee 01,CUST0060,5.1,3,Coffee,B1,M,F1,False,3.06
2024-10-23,TXN000600,SKU042,Beverages 06,CUST0060,4.5,3,Beverages,B1,M,F3,False,2.7
2024-10-23,TXN000600,SKU008,Coffee 02,CUST0060,13.87,2,Coffee,B3,M,F1,False,8.32
2024-10-23,TXN000600,SKU019,Bakery 03,CUST0060,6.44,2,Bakery,B2,L,F4,False,3.86
2024-10-23,TXN000600,SKU005,Household 01,CUST0060,5.37,1,Household,B3,L,F2,False,3.22
2024-10-23,TXN000685,SKU006,Personal Care 01,CUST0069,6.63,2,Personal Care,B1,S,F3,False,3.98
2024-10-23,TXN000685,SKU014,Personal Care 02,CUST0069,7.0,2,Personal Care,B3,M,F3,False,4.2
2024-10-23,TXN000844,SKU000,Coffee 01,CUST0085,5.1,2,Coffee,B1,M,F1,False,3.06
2024-10-23,TXN000844,SKU011,Bakery 02,CUST0085,10.55,3,Bakery,B3,S,F4,False,6.33
2024-10-23,TXN000844,SKU055,Pet 07,CUST0085,7.53,1,Pet,B2,S,F4,False,4.52
2024-10-23,TXN000877,SKU001,Snacks 01,CUST0087,8.26,3,Snacks,B2,L,F2,False,4.96
2024-10-23,TXN000877,SKU013,Household 02,CUST0087,5.73,2,Household,B2,M,F2,False,3.44
2024-10-23,TXN000877,SKU041,Snacks 06,CUST0087,6.25,3,Snacks,B3,L,F2,False,3.75
2024-10-23,TXN000877,SKU002,Beverages 01,CUST0087,5.73,1,Beverages,B3,M,F3,False,3.44
2024-10-23,TXN001088,SKU005,Household 01,CUST0111,5.37,3,Household,B3,L,F2,False,3.22
2024-10-23,TXN001088,SKU002,Beverages 01,CUST0111,5.73,3,Beverages,B3,M,F3,False,3.44
2024-10-23,TXN001100,SKU052,Dairy 07,CUST0112,9.84,2,Dairy,B2,S,F1,False,5.9
2024-10-23,TXN001100,SKU033,Snacks 05,CUST0112,6.13,1,Snacks,B1,S,F2,False,3.68
2024-10-24,TXN000205,SKU012,Dairy 02,CUST0021,2.47,2,Dairy,B1,S,F1,False,1.48
2024-10-24,TXN000205,SKU005,Household 01,CUST0021,5.37,3,Household,B3,L,F2,False,3.22
2024-10-24,TXN000205,SKU000,Coffee 01,CUST0021,5.1,2,Coffee,B1,M,F1,False,3.06
2024-10-24,TXN000706,SKU018,Beverages 03,CUST0072,6.03,3,Beverages,B1,M,F3,False,3.62
2024-10-24,TXN000706,SKU033,Snacks 05,CUST0072,6.13,2,Snacks,B1,S,F2,False,3.68
2024-10-24,TXN000706,SKU041,Snacks 06,CUST0072,6.25,3,Snacks,B3,L,F2,False,3.75
2024-10-24,TXN000805,SKU010,Beverages 02,CUST0081,4.77,2,Beverages,B2,M,F3,False,2.86
2024-10-24,TXN000805,SKU014,Personal Care 02,CUST0081,7.0,1,Personal Care,B3,M,F3,False,4.2
2024-10-24,TXN000805,SKU038,Personal Care 05,CUST0081,8.94,3,Personal Care,B3,L,F3,False,5.36
2024-10-24,TXN000805,SKU007,Pet 01,CUST0081,12.11,3,Pet,B2,L,F4,False,7.27
2024-10-24,TXN000805,SKU000,Coffee 01,CUST0081,5.1,2,Coffee,B1,M,F1,False,3.06
2024-10-24,TXN000805,SKU001,Snacks 01,CUST0081,8.26,2,Snacks,B2,L,F2,False,4.96
2024-10-24,TXN000811,SKU008,Coffee 02,CUST0081,13.87,3,Coffee,B3,M,F1,False,8.32
2024-10-24,TXN000811,SKU000,Coffee 01,CUST0081,5.1,3,Coffee,B1,M,F1,False,3.06
2024-10-24,TXN000811,SKU001,Snacks 01,CUST0081,8.26,1,Snacks,B2,L,F2,False,4.96
2024-10-25,TXN000754,SKU001,Snacks 01,CUST0076,8.26,1,Snacks,B2,L,F2,False,4.96
2024-10-25,TXN000754,SKU005,Household 01,CUST0076,5.37,3,Household,B3,L,F2,False,3.22
2024-10-25,TXN000754,SKU012,Dairy 02,CUST0076,2.47,3,Dairy,B1,S,F1,False,1.48
2024-10-25,TXN000754,SKU019,Bakery 03,CUST0076,6.44,2,Bakery,B2,L,F4,False,3.86
2024-10-25,TXN000754,SKU004,Dairy 01,CUST0076,3.85,1,Dairy,B2,M,F1,False,2.31
2024-10-25,TXN000919,SKU012,Dairy 02,CUST0093,2.47,1,Dairy,B1,S,F1,False,1.48
2024-10-25,TXN000919,SKU009,Snacks 02,CUST0093,3.57,2,Snacks,B1,M,F2,False,2.14
2024-10-25,TXN000919,SKU034,Beverages 05,CUST0093,13.18,2,Beverages,B2,M,F3,False,7.91
2024-10-25,TXN000919,SKU000,Coffee 01,CUST0093,5.1,2,Coffee,B1,M,F1,False,3.06
2024-10-25,TXN000919,SKU027,Bakery 04,CUST0093,7.34,1,Bakery,B1,L,F4,False,4.4
2024-10-25,TXN000919,SKU013,Household 02,CUST0093,5.73,2,Household,B2,M,F2,False,3.44
2024-10-26,TXN000737,SKU011,Bakery 02,CUST0075,10.55,3,Bakery,B3,S,F4,False,6.33
2024-10-26,TXN000737,SKU001,Snacks 01,CUST0075,8.26,2,Snacks,B2,L,F2,False,4.96
2024-10-26,TXN000879,SKU000,Coffee 01,CUST0087,5.1,1,Coffee,B1,M,F1,False,3.06
2024-10-26,TXN000879,SKU054,Personal Care 07,CUST0087,7.07,3,Personal Care,B1,M,F3,False,4.24
2024-10-26,TXN000879,SKU037,Household 05,CUST0087,3.63,3,Household,B2,S,F2,False,2.18
2024-10-26,TXN000879,SKU002,Beverages 01,CUST0087,5.73,2,Beverages,B3,M,F3,False,3.44
2024-10-26,TXN000879,SKU001,Snacks 01,CUST0087,8.26,1,Snacks,B2,L,F2,False,4.96
2024-10-26,TXN001059,SKU049,Snacks 07,CUST0108,6.71,2,Snacks,B2,L,F2,False,4.03
2024-10-26,TXN001059,SKU032,Coffee 05,CUST0108,10.67,1,Coffee,B3,S,F1,False,6.4
2024-10-26,TXN001059,SKU002,Beverages 01,CUST0108,5.73,1,Beverages,B3,M,F3,False,3.44
2024-10-26,TXN001059,SKU030,Personal Care 04,CUST0108,10.58,2,Personal Care,B1,M,F3,False,6.35
2024-10-26,TXN001059,SKU001,Snacks 01,CUST0108,8.26,1,Snacks,B2,L,F2,False,4.96
2024-10-26,TXN001059,SKU009,Snacks 02,CUST0108,3.57,1,Snacks,B1,M,F2,False,2.14
2024-10-27,TXN000131,SKU024,Coffee 04,CUST0011,6.91,3,Coffee,B1,S,F1,False,4.15
2024-10-27,TXN000131,SKU019,Bakery 03,CUST0011,6.44,3,Bakery,B2,L,F4,False,3.86
2024-10-27,TXN000131,SKU028,Dairy 04,CUST0011,5.79,2,Dairy,B2,M,F1,False,3.47
2024-10-27,TXN000419,SKU007,Pet 01,CUST0040,12.11,3,Pet,B2,L,F4,False,7.27
2024-10-27,TXN000419,SKU000,Coffee 01,CUST0040,5.1,1,Coffee,B1,M,F1,False,3.06
2024-10-27,TXN000419,SKU011,Bakery 02,CUST0040,10.55,2,Bakery,B3,S,F4,False,6.33
2024-10-27,TXN000419,SKU016,Coffee 03,CUST0040,10.8,3,Coffee,B2,L,F1,False,6.48
2024-10-27,TXN000496,SKU009,Snacks 02,CUST0049,3.57,3,Snacks,B1,M,F2,False,2.14
2024-10-27,TXN000496,SKU056,Coffee 08,CUST0049,4.14,1,Coffee,B3,L,F1,False,2.48
2024-10-27,TXN000496,SKU012,Dairy 02,CUST0049,2.47,3,Dairy,B1,S,F1,False,1.48
2024-10-27,TXN000496,SKU036,Dairy 05,CUST0049,10.18,3,Dairy,B1,M,F1,False,6.11
2024-10-27,TXN000496,SKU017,Snacks 03,CUST0049,6.17,2,Snacks,B3,M,F2,False,3.7
2024-10-27,TXN000530,SKU029,Household 04,CUST0053,14.03,1,Household,B3,M,F2,False,8.42
2024-10-27,TXN000530,SKU058,Beverages 08,CUST0053,4.61,2,Beverages,B2,L,F3,False,2.77
2024-10-27,TXN000530,SKU000,Coffee 01,CUST0053,5.1,3,Coffee,B1,M,F1,False,3.06
2024-10-27,TXN000530,SKU001,Snacks 01,CUST0053,8.26,2,Snacks,B2,L,F2,False,4.96
2024-10-27,TXN000620,SKU008,Coffee 02,CUST0062,13.87,3,Coffee,B3,M,F1,False,8.32
2024-10-27,TXN000620,SKU057,Snacks 08,CUST0062,8.52,1,Snacks,B1,M,F2,False,5.11
2024-10-27,TXN000620,SKU001,Snacks 01,CUST0062,8.26,1,Snacks,B2,L,F2,False,4.96
2024-10-27,TXN000625,SKU021,Household 03,CUST0063,5.84,3,Household,B1,S,F2,False,3.5
2024-10-27,TXN000625,SKU014,Personal Care 02,CUST0063,7.0,2,Personal Care,B3,M,F3,False,4.2
2024-10-27,TXN000743,SKU015,Pet 02,CUST0076,14.75,1,Pet,B1,M,F4,False,8.85
2024-10-27,TXN000743,SKU033,Snacks 05,CUST0076,6.13,3,Snacks,B1,S,F2,False,3.68
2024-10-27,TXN000743,SKU000,Coffee 01,CUST0076,5.1,1,Coffee,B1,M,F1,False,3.06
2024-10-27,TXN000955,SKU014,Personal Care 02,CUST0096,7.0,3,Personal Care,B3,M,F3,False,4.2
2024-10-27,TXN000955,SKU000,Coffee 01,CUST0096,5.1,2,Coffee,B1,M,F1,False,3.06
2024-10-27,TXN000955,SKU021,Household 03,CUST0096,5.84,2,Household,B1,S,F2,False,3.5
2024-10-27,TXN000955,SKU001,Snacks 01,CUST0096,8.26,1,Snacks,B2,L,F2,False,4.96
2024-10-27,TXN000955,SKU020,Dairy 03,CUST0096,17.08,1,Dairy,B3,S,F1,False,10.25
2024-10-27,TXN000955,SKU007,Pet 01,CUST0096,12.11,3,Pet,B2,L,F4,False,7.27
2024-10-27,TXN000971,SKU010,Beverages 02,CUST0098,4.77,2,Beverages,B2,M,F3,False,2.86
2024-10-27,TXN000971,SKU025,Snacks 04,CUST0098,6.63,1,Snacks,B2,M,F2,False,3.98
2024-10-27,TXN000971,SKU052,Dairy 07,CUST0098,9.84,2,Dairy,B2,S,F1,False,5.9
2024-10-27,TXN000995,SKU011,Bakery 02,CUST0100,10.55,1,Bakery,B3,S,F4,False,6.33
2024-10-27,TXN000995,SKU020,Dairy 03,CUST0100,17.08,3,Dairy,B3,S,F1,False,10.25
2024-10-27,TXN000995,SKU016,Coffee 03,CUST0100,10.8,3,Coffee,B2,L,F1,False,6.48
2024-10-27,TXN001007,SKU005,Household 01,CUST0102,5.37,2,Household,B3,L,F2,False,3.22
2024-10-27,TXN001007,SKU000,Coffee 01,CUST0102,5.1,2,Coffee,B1,M,F1,False,3.06
2024-10-28,TXN000022,SKU006,Personal Care 01,CUST0000,6.63,3,Personal Care,B1,S,F3,False,3.98
2024-10-28,TXN000022,SKU002,Beverages 01,CUST0000,5.73,2,Beverages,B3,M,F3,False,3.44
2024-10-28,TXN000022,SKU021,Household 03,CUST0000,5.84,1,Household,B1,S,F2,False,3.5
2024-10-28,TXN000022,SKU012,Dairy 02,CUST0000,2.47,1,Dairy,B1,S,F1,False,1.48
2024-10-28,TXN000022,SKU000,Coffee 01,CUST0000,5.1,3,Coffee,B1,M,F1,False,3.06
2024-10-28,TXN000022,SKU019,Bakery 03,CUST0000,6.44,3,Bakery,B2,L,F4,False,3.86
2024-10-28,TXN000038,SKU008,Coffee 02,CUST0003,13.87,2,Coffee,B3,M,F1,False,8.32
2024-10-28,TXN000038,SKU022,Personal Care 03,CUST0003,6.25,2,Personal Care,B2,M,F3,False,3.75
2024-10-28,TXN000038,SKU024,Coffee 04,CUST0003,6.91,1,Coffee,B1,S,F1,False,4.15
2024-10-28,TXN000038,SKU046,Personal Care 06,CUST0003,5.24,1,Personal Care,B2,S,F3,False,3.14
2024-10-28,TXN000038,SKU001,Snacks 01,CUST0003,8.26,1,Snacks,B2,L,F2,False,4.96
2024-10-28,TXN000038,SKU000,Coffee 01,CUST0003,5.1,2,Coffee,B1,M,F1,False,3.06
2024-10-28,TXN000538,SKU001,Snacks 01,CUST0054,8.26,1,Snacks,B2,L,F2,False,4.96
2024-10-28,TXN000538,SKU026,Beverages 04,CUST0054,2.8,1,Beverages,B3,M,F3,True,1.68
2024-10-28,TXN000538,SKU000,Coffee 01,CUST0054,5.1,2,Coffee,B1,M,F1,False,3.06
2024-10-28,TXN000538,SKU012,Dairy 02,CUST0054,2.47,2,Dairy,B1,S,F1,False,1.48
2024-10-28,TXN000538,SKU019,Bakery 03,CUST0054,6.44,3,Bakery,B2,L,F4,False,3.86
2024-10-28,TXN000616,SKU003,Bakery 01,CUST0061,7.92,1,Bakery,B1,S,F4,False,4.75
2024-10-28,TXN000616,SKU000,Coffee 01,CUST0061,5.1,1,Coffee,B1,M,F1,False,3.06
2024-10-28,TXN000616,SKU011,Bakery 02,CUST0061,10.55,3,Bakery,B3,S,F4,False,6.33
2024-10-28,TXN000616,SKU008,Coffee 02,CUST0061,13.87,1,Coffee,B3,M,F1,False,8.32
2024-10-28,TXN000616,SKU034,Beverages 05,CUST0061,13.18,3,Beverages,B2,M,F3,False,7.91
2024-10-28,TXN000616,SKU002,Beverages 01,CUST0061,5.73,3,Beverages,B3,M,F3,False,3.44
2024-10-28,TXN000745,SKU001,Snacks 01,CUST0076,8.26,3,Snacks,B2,L,F2,False,4.96
2024-10-28,TXN000745,SKU000,Coffee 01,CUST0076,5.1,3,Coffee,B1,M,F1,False,3.06
2024-10-28,TXN001080,SKU009,Snacks 02,CUST0109,3.57,1,Snacks,B1,M,F2,False,2.14
2024-10-28,TXN001080,SKU000,Coffee 01,CUST0109,5.1,3,Coffee,B1,M,F1,False,3.06
2024-10-28,TXN001080,SKU030,Personal Care 04,CUST0109,10.58,2,Personal Care,B1,M,F3,False,6.35
2024-10-28,TXN001080,SKU001,Snacks 01,CUST0109,8.26,2,Snacks,B2,L,F2,False,4.96
2024-10-28,TXN001080,SKU042,Beverages 06,CUST0109,4.5,1,Beverages,B1,M,F3,False,2.7
2024-10-28,TXN001080,SKU047,Pet 06,CUST0109,8.27,1,Pet,B3,M,F4,False,4.96
2024-10-29,TXN000130,SKU000,Coffee 01,CUST0011,5.1,2,Coffee,B1,M,F1,False,3.06
2024-10-29,TXN000130,SKU004,Dairy 01,CUST0011,3.85,2,Dairy,B2,M,F1,False,2.31
2024-10-29,TXN000130,SKU003,Bakery 01,CUST0011,7.92,3,Bakery,B1,S,F4,False,4.75
2024-10-29,TXN000802,SKU014,Personal Care 02,CUST0081,7.0,2,Personal Care,B3,M,F3,False,4.2
2024-10-29,TXN000802,SKU002,Beverages 01,CUST0081,5.73,1,Beverages,B3,M,F3,False,3.44
2024-10-29,TXN000802,SKU004,Dairy 01,CUST0081,3.85,3,Dairy,B2,M,F1,False,2.31
2024-10-29,TXN000802,SKU026,Beverages 04,CUST0081,2.8,3,Beverages,B3,M,F3,True,1.68
2024-10-29,TXN001012,SKU001,Snacks 01,CUST0102,8.26,3,Snacks,B2,L,F2,False,4.96
2024-10-29,TXN001012,SKU006,Personal Care 01,CUST0102,6.63,2,Personal Care,B1,S,F3,False,3.98
2024-10-29,TXN001012,SKU002,Beverages 01,CUST0102,5.73,2,Beverages,B3,M,F3,False,3.44
2024-10-29,TXN001012,SKU022,Personal Care 03,CUST0102,6.25,1,Personal Care,B2,M,F3,False,3.75
2024-10-30,TXN000153,SKU002,Beverages 01,CUST0013,5.73,2,Beverages,B3,M,F3,False,3.44
2024-10-30,TXN000153,SKU009,Snacks 02,CUST0013,3.57,3,Snacks,B1,M,F2,False,2.14
2024-10-30,TXN000153,SKU017,Snacks 03,CUST0013,6.17,1,Snacks,B3,M,F2,False,3.7
2024-10-30,TXN000153,SKU046,Personal Care 06,CUST0013,5.24,3,Personal Care,B2,S,F3,False,3.14
2024-10-30,TXN000153,SKU008,Coffee 02,CUST0013,13.87,3,Coffee,B3,M,F1,False,8.32
2024-10-30,TXN000153,SKU025,Snacks 04,CUST0013,6.63,1,Snacks,B2,M,F2,False,3.98
2024-10-30,TXN000433,SKU050,Beverages 07,CUST0042,6.6,1,Beverages,B3,M,F3,False,3.96
2024-10-30,TXN000433,SKU010,Beverages 02,CUST0042,4.77,3,Beverages,B2,M,F3,False,2.86
2024-10-30,TXN000433,SKU001,Snacks 01,CUST0042,8.26,2,Snacks,B2,L,F2,False,4.96
2024-10-30,TXN000541,SKU001,Snacks 01,CUST0054,8.26,3,Snacks,B2,L,F2,False,4.96
2024-10-30,TXN000541,SKU005,Household 01,CUST0054,5.37,2,Household,B3,L,F2,False,3.22
2024-10-30,TXN000541,SKU017,Snacks 03,CUST0054,6.17,1,Snacks,B3,M,F2,False,3.7
2024-10-30,TXN000541,SKU000,Coffee 01,CUST0054,5.1,1,Coffee,B1,M,F1,False,3.06
2024-10-30,TXN000541,SKU054,Personal Care 07,CUST0054,7.07,3,Personal Care,B1,M,F3,False,4.24
2024-10-30,TXN000707,SKU001,Snacks 01,CUST0072,8.26,3,Snacks,B2,L,F2,False,4.96
2024-10-30,TXN000707,SKU003,Bakery 01,CUST0072,7.92,3,Bakery,B1,S,F4,False,4.75
2024-10-30,TXN000707,SKU004,Dairy 01,CUST0072,3.85,3,Dairy,B2,M,F1,False,2.31
2024-10-30,TXN000707,SKU000,Coffee 01,CUST0072,5.1,3,Coffee,B1,M,F1,False,3.06
2024-10-31,TXN000111,SKU021,Household 03,CUST0009,5.84,2,Household,B1,S,F2,False,3.5
2024-10-31,TXN000111,SKU000,Coffee 01,CUST0009,5.1,2,Coffee,B1,M,F1,False,3.06
2024-10-31,TXN000111,SKU045,Household 06,CUST0009,4.68,1,Household,B1,M,F2,False,2.81
2024-10-31,TXN000111,SKU036,Dairy 05,CUST0009,10.18,2,Dairy,B1,M,F1,False,6.11
2024-10-31,TXN000111,SKU001,Snacks 01,CUST0009,8.26,2,Snacks,B2,L,F2,False,4.96
2024-10-31,TXN000111,SKU028,Dairy 04,CUST0009,5.79,1,Dairy,B2,M,F1,False,3.47
2024-10-31,TXN000120,SKU003,Bakery 01,CUST0010,7.92,2,Bakery,B1,S,F4,False,4.75
2024-10-31,TXN000120,SKU004,Dairy 01,CUST0010,3.85,1,Dairy,B2,M,F1,False,2.31
2024-10-31,TXN000157,SKU000,Coffee 01,CUST0015,5.1,3,Coffee,B1,M,F1,False,3.06
2024-10-31,TXN000157,SKU046,Personal Care 06,CUST0015,5.24,2,Personal Care,B2,S,F3,False,3.14
2024-10-31,TXN000157,SKU003,Bakery 01,CUST0015,7.92,3,Bakery,B1,S,F4,False,4.75
2024-10-31,TXN000157,SKU041,Snacks 06,CUST0015,6.25,1,Snacks,B3,L,F2,False,3.75
2024-10-31,TXN000266,SKU016,Coffee 03,CUST0025,10.8,2,Coffee,B2,L,F1,False,6.48
2024-10-31,TXN000266,SKU000,Coffee 01,CUST0025,5.1,2,Coffee,B1,M,F1,False,3.06
2024-10-31,TXN000568,SKU007,Pet 01,CUST0057,12.11,1,Pet,B2,L,F4,False,7.27
2024-10-31,TXN000568,SKU015,Pet 02,CUST0057,14.75,1,Pet,B1,M,F4,False,8.85
2024-10-31,TXN000568,SKU021,Household 03,CUST0057,5.84,3,Household,B1,S,F2,False,3.5
2024-10-31,TXN000568,SKU017,Snacks 03,CUST0057,6.17,1,Snacks,B3,M,F2,False,3.7
2024-10-31,TXN000568,SKU025,Snacks 04,CUST0057,6.63,1,Snacks,B2,M,F2,False,3.98
2024-10-31,TXN000865,SKU004,Dairy 01,CUST0087,3.85,3,Dairy,B2,M,F1,False,2.31
2024-10-31,TXN000865,SKU005,Household 01,CUST0087,5.37,3,Household,B3,L,F2,False,3.22
2024-10-31,TXN000865,SKU001,Snacks 01,CUST0087,8.26,1,Snacks,B2,L,F2,False,4.96
2024-10-31,TXN000865,SKU003,Bakery 01,CUST0087,7.92,2,Bakery,B1,S,F4,False,4.75
2024-10-31,TXN000865,SKU009,Snacks 02,CUST0087,3.57,2,Snacks,B1,M,F2,False,2.14
2024-10-31,TXN001090,SKU010,Beverages 02,CUST0111,4.77,1,Beverages,B2,M,F3,False,2.86
2024-10-31,TXN001090,SKU005,Household 01,CUST0111,5.37,2,Household,B3,L,F2,False,3.22
2024-10-31,TXN001090,SKU020,Dairy 03,CUST0111,17.08,3,Dairy,B3,S,F1,False,10.25
2024-10-31,TXN001090,SKU001,Snacks 01,CUST0111,8.26,3,Snacks,B2,L,F2,False,4.96
2024-10-31,TXN001090,SKU015,Pet 02,CUST0111,14.75,3,Pet,B1,M,F4,False,8.85
2024-11-01,TXN000136,SKU003,Bakery 01,CUST0012,7.92,3,Bakery,B1,S,F4,False,4.75
2024-11-01,TXN000136,SKU002,Beverages 01,CUST0012,5.73,1,Beverages,B3,M,F3,False,3.44
2024-11-01,TXN000136,SKU019,Bakery 03,CUST0012,6.44,3,Bakery,B2,L,F4,False,3.86
2024-11-01,TXN000136,SKU024,Coffee 04,CUST0012,6.91,1,Coffee,B1,S,F1,False,4.15
2024-11-01,TXN000136,SKU005,Household 01,CUST0012,5.37,1,Household,B3,L,F2,False,3.22
2024-11-01,TXN000549,SKU005,Household 01,CUST0054,5.37,2,Household,B3,L,F2,False,3.22
2024-11-01,TXN000549,SKU013,Household 02,CUST0054,5.73,2,Household,B2,M,F2,False,3.44
2024-11-01,TXN000549,SKU014,Personal Care 02,CUST0054,7.0,1,Personal Care,B3,M,F3,False,4.2
2024-11-01,TXN000549,SKU040,Coffee 06,CUST0054,2.41,2,Coffee,B2,S,F1,False,1.45
2024-11-01,TXN000549,SKU004,Dairy 01,CUST0054,3.85,2,Dairy,B2,M,F1,False,2.31
2024-11-01,TXN000549,SKU000,Coffee 01,CUST0054,5.1,3,Coffee,B1,M,F1,False,3.06
2024-11-01,TXN000723,SKU003,Bakery 01,CUST0074,7.92,2,Bakery,B1,S,F4,False,4.75
2024-11-01,TXN000723,SKU057,Snacks 08,CUST0074,8.52,2,Snacks,B1,M,F2,False,5.11
2024-11-01,TXN000723,SKU015,Pet 02,CUST0074,14.75,3,Pet,B1,M,F4,False,8.85
2024-11-01,TXN000793,SKU000,Coffee 01,CUST0080,5.1,2,Coffee,B1,M,F1,False,3.06
2024-11-01,TXN000793,SKU001,Snacks 01,CUST0080,8.26,2,Snacks,B2,L,F2,False,4.96
2024-11-01,TXN000793,SKU002,Beverages 01,CUST0080,5.73,1,Beverages,B3,M,F3,False,3.44
2024-11-01,TXN000793,SKU005,Household 01,CUST0080,5.37,1,Household,B3,L,F2,False,3.22
2024-11-01,TXN000793,SKU010,Beverages 02,CUST0080,4.77,1,Beverages,B2,M,F3,False,2.86
2024-11-01,TXN000835,SKU000,Coffee 01,CUST0084,5.1,2,Coffee,B1,M,F1,False,3.06
2024-11-01,TXN000835,SKU055,Pet 07,CUST0084,7.53,3,Pet,B2,S,F4,False,4.52
2024-11-01,TXN000984,SKU007,Pet 01,CUST0099,12.11,1,Pet,B2,L,F4,False,7.27
2024-11-01,TXN000984,SKU000,Coffee 01,CUST0099,5.1,3,Coffee,B1,M,F1,False,3.06
2024-11-02,TXN000067,SKU006,Personal Care 01,CUST0006,6.63,3,Personal Care,B1,S,F3,False,3.98
2024-11-02,TXN000067,SKU002,Beverages 01,CUST0006,5.73,3,Beverages,B3,M,F3,False,3.44
2024-11-02,TXN000437,SKU000,Coffee 01,CUST0043,5.1,1,Coffee,B1,M,F1,False,3.06
2024-11-02,TXN000437,SKU002,Beverages 01,CUST0043,5.73,2,Beverages,B3,M,F3,False,3.44
2024-11-02,TXN000437,SKU003,Bakery 01,CUST0043,7.92,3,Bakery,B1,S,F4,False,4.75
2024-11-02,TXN000437,SKU033,Snacks 05,CUST0043,6.13,1,Snacks,B1,S,F2,False,3.68
2024-11-02,TXN000437,SKU001,Snacks 01,CUST0043,8.26,3,Snacks,B2,L,F2,False,4.96
2024-11-02,TXN000437,SKU038,Personal Care 05,CUST0043,8.94,2,Personal Care,B3,L,F3,False,5.36
2024-11-02,TXN000697,SKU000,Coffee 01,CUST0070,5.1,1,Coffee,B1,M,F1,False,3.06
2024-11-02,TXN000697,SKU004,Dairy 01,CUST0070,3.85,3,Dairy,B2,M,F1,False,2.31
2024-11-02,TXN000697,SKU003,Bakery 01,CUST0070,7.92,2,Bakery,B1,S,F4,False,4.75
2024-11-02,TXN000952,SKU006,Personal Care 01,CUST0096,6.63,1,Personal Care,B1,S,F3,False,3.98
2024-11-02,TXN000952,SKU012,Dairy 02,CUST0096,2.47,3,Dairy,B1,S,F1,False,1.48
2024-11-02,TXN000963,SKU005,Household 01,CUST0096,5.37,3,Household,B3,L,F2,False,3.22
2024-11-02,TXN000963,SKU013,Household 02,CUST0096,5.73,3,Household,B2,M,F2,False,3.44
2024-11-02,TXN000973,SKU005,Household 01,CUST0099,5.37,3,Household,B3,L,F2,False,3.22
2024-11-02,TXN000973,SKU011,Bakery 02,CUST0099,10.55,2,Bakery,B3,S,F4,False,6.33
2024-11-02,TXN000973,SKU001,Snacks 01,CUST0099,8.26,3,Snacks,B2,L,F2,False,4.96
2024-11-02,TXN000973,SKU000,Coffee 01,CUST0099,5.1,3,Coffee,B1,M,F1,False,3.06
2024-11-02,TXN000973,SKU026,Beverages 04,CUST0099,2.8,3,Beverages,B3,M,F3,True,1.68
2024-11-03,TXN000447,SKU002,Beverages 01,CUST0045,5.73,3,Beverages,B3,M,F3,False,3.44
2024-11-03,TXN000447,SKU009,Snacks 02,CUST0045,3.57,2,Snacks,B1,M,F2,False,2.14
2024-11-03,TXN000447,SKU017,Snacks 03,CUST0045,6.17,1,Snacks,B3,M,F2,False,3.7
2024-11-03,TXN000447,SKU001,Snacks 01,CUST0045,8.26,3,Snacks,B2,L,F2,False,4.96
2024-11-03,TXN000511,SKU000,Coffee 01,CUST0051,3.57,3,Coffee,B1,M,F1,True,2.14
2024-11-03,TXN000511,SKU004,Dairy 01,CUST0051,3.85,3,Dairy,B2,M,F1,False,2.31
2024-11-03,TXN000511,SKU038,Personal Care 05,CUST0051,8.94,1,Personal Care,B3,L,F3,False,5.36
2024-11-03,TXN000536,SKU000,Coffee 01,CUST0054,3.57,2,Coffee,B1,M,F1,True,2.14
2024-11-03,TXN000536,SKU006,Personal Care 01,CUST0054,6.63,1,Personal Care,B1,S,F3,False,3.98
2024-11-03,TXN000843,SKU033,Snacks 05,CUST0084,6.13,1,Snacks,B1,S,F2,False,3.68
2024-11-03,TXN000843,SKU000,Coffee 01,CUST0084,3.57,1,Coffee,B1,M,F1,True,2.14
2024-11-03,TXN000843,SKU024,Coffee 04,CUST0084,6.91,2,Coffee,B1,S,F1,False,4.15
2024-11-03,TXN000843,SKU034,Beverages 05,CUST0084,13.18,2,Beverages,B2,M,F3,False,7.91
2024-11-03,TXN000843,SKU008,Coffee 02,CUST0084,13.87,2,Coffee,B3,M,F1,False,8.32
2024-11-03,TXN000843,SKU012,Dairy 02,CUST0084,2.47,2,Dairy,B1,S,F1,False,1.48
2024-11-03,TXN001023,SKU000,Coffee 01,CUST0103,3.57,1,Coffee,B1,M,F1,True,2.14
2024-11-03,TXN001023,SKU003,Bakery 01,CUST0103,7.92,3,Bakery,B1,S,F4,False,4.75
2024-11-04,TXN000114,SKU001,Snacks 01,CUST0009,8.26,1,Snacks,B2,L,F2,False,4.96
2024-11-04,TXN000114,SKU002,Beverages 01,CUST0009,5.73,1,Beverages,B3,M,F3,False,3.44
2024-11-04,TXN000114,SKU000,Coffee 01,CUST0009,3.57,3,Coffee,B1,M,F1,True,2.14
2024-11-04,TXN000114,SKU043,Bakery 06,CUST0009,8.09,2,Bakery,B2,L,F4,False,4.85
2024-11-04,TXN000114,SKU034,Beverages 05,CUST0009,13.18,1,Beverages,B2,M,F3,False,7.91
2024-11-04,TXN000199,SKU025,Snacks 04,CUST0019,6.63,2,Snacks,B2,M,F2,False,3.98
2024-11-04,TXN000199,SKU005,Household 01,CUST0019,5.37,1,Household,B3,L,F2,False,3.22
2024-11-04,TXN000199,SKU007,Pet 01,CUST0019,12.11,2,Pet,B2,L,F4,False,7.27
2024-11-04,TXN000199,SKU053,Household 07,CUST0019,4.18,2,Household,B3,M,F2,False,2.51
2024-11-04,TXN000300,SKU013,Household 02,CUST0030,5.73,3,Household,B2,M,F2,False,3.44
2024-11-04,TXN000300,SKU016,Coffee 03,CUST0030,10.8,3,Coffee,B2,L,F1,False,6.48
2024-11-04,TXN000300,SKU000,Coffee 01,CUST0030,3.57,2,Coffee,B1,M,F1,True,2.14
2024-11-04,TXN000300,SKU004,Dairy 01,CUST0030,3.85,2,Dairy,B2,M,F1,False,2.31
2024-11-04,TXN000300,SKU045,Household 06,CUST0030,4.68,3,Household,B1,M,F2,False,2.81
2024-11-04,TXN000300,SKU035,Bakery 05,CUST0030,7.37,2,Bakery,B3,S,F4,False,4.42
2024-11-04,TXN000523,SKU008,Coffee 02,CUST0052,13.87,1,Coffee,B3,M,F1,False,8.32
2024-11-04,TXN000523,SKU012,Dairy 02,CUST0052,2.47,1,Dairy,B1,S,F1,False,1.48
2024-11-04,TXN000523,SKU001,Snacks 01,CUST0052,8.26,3,Snacks,B2,L,F2,False,4.96
2024-11-04,TXN000523,SKU000,Coffee 01,CUST0052,3.57,1,Coffee,B1,M,F1,True,2.14
2024-11-04,TXN000772,SKU000,Coffee 01,CUST0078,3.57,3,Coffee,B1,M,F1,True,2.14
2024-11-04,TXN000772,SKU010,Beverages 02,CUST0078,4.77,1,Beverages,B2,M,F3,False,2.86
2024-11-04,TXN000772,SKU025,Snacks 04,CUST0078,6.63,1,Snacks,B2,M,F2,False,3.98
2024-11-04,TXN000772,SKU009,Snacks 02,CUST0078,3.57,2,Snacks,B1,M,F2,False,2.14
2024-11-04,TXN000772,SKU001,Snacks 01,CUST0078,8.26,1,Snacks,B2,L,F2,False,4.96
2024-11-04,TXN000772,SKU054,Personal Care 07,CUST0078,7.07,3,Personal Care,B1,M,F3,False,4.24
2024-11-04,TXN000911,SKU004,Dairy 01,CUST0091,3.85,3,Dairy,B2,M,F1,False,2.31
2024-11-04,TXN000911,SKU000,Coffee 01,CUST0091,3.57,1,Coffee,B1,M,F1,True,2.14
2024-11-04,TXN000911,SKU001,Snacks 01,CUST0091,8.26,3,Snacks,B2,L,F2,False,4.96
2024-11-04,TXN000911,SKU011,Bakery 02,CUST0091,10.55,1,Bakery,B3,S,F4,False,6.33
2024-11-04,TXN000911,SKU003,Bakery 01,CUST0091,7.92,3,Bakery,B1,S,F4,False,4.75
2024-11-04,TXN000911,SKU007,Pet 01,CUST0091,12.11,1,Pet,B2,L,F4,False,7.27
2024-11-04,TXN001019,SKU011,Bakery 02,CUST0103,10.55,1,Bakery,B3,S,F4,False,6.33
2024-11-04,TXN001019,SKU002,Beverages 01,CUST0103,5.73,2,Beverages,B3,M,F3,False,3.44
2024-11-04,TXN001019,SKU003,Bakery 01,CUST0103,7.92,3,Bakery,B1,S,F4,False,4.75
2024-11-04,TXN001019,SKU001,Snacks 01,CUST0103,8.26,1,Snacks,B2,L,F2,False,4.96
2024-11-04,TXN001019,SKU000,Coffee 01,CUST0103,3.57,1,Coffee,B1,M,F1,True,2.14
2024-11-04,TXN001019,SKU014,Personal Care 02,CUST0103,7.0,3,Personal Care,B3,M,F3,False,4.2
2024-11-05,TXN000080,SKU000,Coffee 01,CUST0006,3.57,2,Coffee,B1,M,F1,True,2.14
2024-11-05,TXN000080,SKU003,Bakery 01,CUST0006,7.92,2,Bakery,B1,S,F4,False,4.75
2024-11-05,TXN000080,SKU027,Bakery 04,CUST0006,7.34,3,Bakery,B1,L,F4,False,4.4
2024-11-05,TXN000080,SKU009,Snacks 02,CUST0006,3.57,2,Snacks,B1,M,F2,False,2.14
2024-11-05,TXN000252,SKU011,Bakery 02,CUST0024,10.55,2,Bakery,B3,S,F4,False,6.33
2024-11-05,TXN000252,SKU020,Dairy 03,CUST0024,17.08,2,Dairy,B3,S,F1,False,10.25
2024-11-05,TXN000252,SKU016,Coffee 03,CUST0024,10.8,1,Coffee,B2,L,F1,False,6.48
2024-11-05,TXN000586,SKU010,Beverages 02,CUST0058,4.77,1,Beverages,B2,M,F3,False,2.86
2024-11-05,TXN000586,SKU025,Snacks 04,CUST0058,6.63,1,Snacks,B2,M,F2,False,3.98
2024-11-05,TXN000586,SKU000,Coffee 01,CUST0058,3.57,2,Coffee,B1,M,F1,True,2.14
2024-11-05,TXN000586,SKU004,Dairy 01,CUST0058,3.85,1,Dairy,B2,M,F1,False,2.31
2024-11-05,TXN000586,SKU034,Beverages 05,CUST0058,13.18,2,Beverages,B2,M,F3,False,7.91
2024-11-05,TXN000681,SKU001,Snacks 01,CUST0069,8.26,3,Snacks,B2,L,F2,False,4.96
2024-11-05,TXN000681,SKU028,Dairy 04,CUST0069,5.79,1,Dairy,B2,M,F1,False,3.47
2024-11-05,TXN000681,SKU040,Coffee 06,CUST0069,2.41,3,Coffee,B2,S,F1,False,1.45
2024-11-05,TXN000884,SKU027,Bakery 04,CUST0088,7.34,3,Bakery,B1,L,F4,False,4.4
2024-11-05,TXN000884,SKU003,Bakery 01,CUST0088,7.92,3,Bakery,B1,S,F4,False,4.75
2024-11-05,TXN000884,SKU000,Coffee 01,CUST0088,3.57,2,Coffee,B1,M,F1,True,2.14
2024-11-05,TXN000884,SKU001,Snacks 01,CUST0088,8.26,2,Snacks,B2,L,F2,False,4.96
2024-11-05,TXN000921,SKU007,Pet 01,CUST0093,12.11,3,Pet,B2,L,F4,False,7.27
2024-11-05,TXN000921,SKU015,Pet 02,CUST0093,14.75,1,Pet,B1,M,F4,False,8.85
2024-11-05,TXN000921,SKU021,Household 03,CUST0093,5.84,2,Household,B1,S,F2,False,3.5
2024-11-05,TXN000921,SKU018,Beverages 03,CUST0093,6.03,1,Beverages,B1,M,F3,False,3.62
2024-11-05,TXN000921,SKU001,Snacks 01,CUST0093,8.26,2,Snacks,B2,L,F2,False,4.96
2024-11-05,TXN000921,SKU022,Personal Care 03,CUST0093,6.25,2,Personal Care,B2,M,F3,False,3.75
2024-11-05,TXN001145,SKU011,Bakery 02,CUST0117,10.55,2,Bakery,B3,S,F4,False,6.33
2024-11-05,TXN001145,SKU020,Dairy 03,CUST0117,17.08,1,Dairy,B3,S,F1,False,10.25
2024-11-05,TXN001145,SKU016,Coffee 03,CUST0117,10.8,3,Coffee,B2,L,F1,False,6.48
2024-11-06,TXN000245,SKU040,Coffee 06,CUST0024,2.41,3,Coffee,B2,S,F1,False,1.45
2024-11-06,TXN000245,SKU000,Coffee 01,CUST0024,3.57,2,Coffee,B1,M,F1,True,2.14
2024-11-06,TXN000261,SKU013,Household 02,CUST0024,5.73,1,Household,B2,M,F2,False,3.44
2024-11-06,TXN000261,SKU000,Coffee 01,CUST0024,3.57,2,Coffee,B1,M,F1,True,2.14
2024-11-06,TXN000334,SKU027,Bakery 04,CUST0033,7.34,1,Bakery,B1,L,F4,False,4.4
2024-11-06,TXN000334,SKU000,Coffee 01,CUST0033,3.57,3,Coffee,B1,M,F1,True,2.14
2024-11-06,TXN000377,SKU000,Coffee 01,CUST0037,3.57,2,Coffee,B1,M,F1,True,2.14
2024-11-06,TXN000377,SKU019,Bakery 03,CUST0037,6.44,2,Bakery,B2,L,F4,False,3.86
2024-11-06,TXN001048,SKU028,Dairy 04,CUST0107,5.79,1,Dairy,B2,M,F1,False,3.47
2024-11-06,TXN001048,SKU000,Coffee 01,CUST0107,3.57,2,Coffee,B1,M,F1,True,2.14
2024-11-06,TXN001048,SKU050,Beverages 07,CUST0107,6.6,1,Beverages,B3,M,F3,False,3.96
2024-11-06,TXN001048,SKU022,Personal Care 03,CUST0107,6.25,2,Personal Care,B2,M,F3,False,3.75
2024-11-06,TXN001110,SKU001,Snacks 01,CUST0114,8.26,1,Snacks,B2,L,F2,False,4.96
2024-11-06,TXN001110,SKU034,Beverages 05,CUST0114,13.18,1,Beverages,B2,M,F3,False,7.91
2024-11-06,TXN001110,SKU000,Coffee 01,CUST0114,3.57,1,Coffee,B1,M,F1,True,2.14
2024-11-06,TXN001110,SKU024,Coffee 04,CUST0114,6.91,3,Coffee,B1,S,F1,False,4.15
2024-11-06,TXN001110,SKU008,Coffee 02,CUST0114,13.87,3,Coffee,B3,M,F1,False,8.32
2024-11-06,TXN001139,SKU000,Coffee 01,CUST0116,3.57,2,Coffee,B1,M,F1,True,2.14
2024-11-06,TXN001139,SKU001,Snacks 01,CUST0116,8.26,3,Snacks,B2,L,F2,False,4.96
2024-11-06,TXN001139,SKU005,Household 01,CUST0116,5.37,1,Household,B3,L,F2,False,3.22
2024-11-06,TXN001139,SKU030,Personal Care 04,CUST0116,10.58,1,Personal Care,B1,M,F3,False,6.35
2024-11-06,TXN001139,SKU004,Dairy 01,CUST0116,3.85,1,Dairy,B2,M,F1,False,2.31
2024-11-07,TXN000004,SKU000,Coffee 01,CUST0000,3.57,2,Coffee,B1,M,F1,True,2.14
2024-11-07,TXN000004,SKU020,Dairy 03,CUST0000,17.08,3,Dairy,B3,S,F1,False,10.25
2024-11-07,TXN000004,SKU016,Coffee 03,CUST0000,10.8,1,Coffee,B2,L,F1,False,6.48
2024-11-07,TXN000004,SKU007,Pet 01,CUST0000,12.11,3,Pet,B2,L,F4,False,7.27
2024-11-07,TXN000004,SKU014,Personal Care 02,CUST0000,7.0,2,Personal Care,B3,M,F3,False,4.2
2024-11-07,TXN000004,SKU006,Personal Care 01,CUST0000,6.63,2,Personal Care,B1,S,F3,False,3.98
2024-11-07,TXN000061,SKU011,Bakery 02,CUST0004,10.55,1,Bakery,B3,S,F4,False,6.33
2024-11-07,TXN000061,SKU020,Dairy 03,CUST0004,17.08,1,Dairy,B3,S,F1,False,10.25
2024-11-07,TXN000061,SKU016,Coffee 03,CUST0004,10.8,3,Coffee,B2,L,F1,False,6.48
2024-11-08,TXN000082,SKU000,Coffee 01,CUST0006,3.57,2,Coffee,B1,M,F1,True,2.14
2024-11-08,TXN000082,SKU004,Dairy 01,CUST0006,3.85,1,Dairy,B2,M,F1,False,2.31
2024-11-08,TXN000082,SKU003,Bakery 01,CUST0006,7.92,1,Bakery,B1,S,F4,False,4.75
2024-11-08,TXN000470,SKU000,Coffee 01,CUST0046,3.57,2,Coffee,B1,M,F1,True,2.14
2024-11-08,TXN000470,SKU007,Pet 01,CUST0046,12.11,3,Pet,B2,L,F4,False,7.27
2024-11-08,TXN000552,SKU000,Coffee 01,CUST0054,3.57,2,Coffee,B1,M,F1,True,2.14
2024-11-08,TXN000552,SKU006,Personal Care 01,CUST0054,6.63,3,Personal Care,B1,S,F3,False,3.98
2024-11-08,TXN000552,SKU001,Snacks 01,CUST0054,8.26,3,Snacks,B2,L,F2,False,4.96
2024-11-08,TXN000552,SKU002,Beverages 01,CUST0054,5.73,2,Beverages,B3,M,F3,False,3.44
2024-11-08,TXN000552,SKU013,Household 02,CUST0054,5.73,3,Household,B2,M,F2,False,3.44
2024-11-08,TXN000690,SKU001,Snacks 01,CUST0069,8.26,3,Snacks,B2,L,F2,False,4.96
2024-11-08,TXN000690,SKU022,Personal Care 03,CUST0069,6.25,2,Personal Care,B2,M,F3,False,3.75
2024-11-08,TXN000979,SKU018,Beverages 03,CUST0099,6.03,1,Beverages,B1,M,F3,False,3.62
2024-11-08,TXN000979,SKU033,Snacks 05,CUST0099,6.13,1,Snacks,B1,S,F2,False,3.68
2024-11-08,TXN000979,SKU041,Snacks 06,CUST0099,6.25,3,Snacks,B3,L,F2,False,3.75
2024-11-08,TXN000979,SKU050,Beverages 07,CUST0099,6.6,2,Beverages,B3,M,F3,False,3.96
2024-11-08,TXN000979,SKU000,Coffee 01,CUST0099,3.57,2,Coffee,B1,M,F1,True,2.14
2024-11-08,TXN000979,SKU043,Bakery 06,CUST0099,8.09,3,Bakery,B2,L,F4,False,4.85
2024-11-08,TXN001096,SKU001,Snacks 01,CUST0112,8.26,3,Snacks,B2,L,F2,False,4.96
2024-11-08,TXN001096,SKU000,Coffee 01,CUST0112,3.57,1,Coffee,B1,M,F1,True,2.14
2024-11-08,TXN001096,SKU003,Bakery 01,CUST0112,7.92,2,Bakery,B1,S,F4,False,4.75
2024-11-08,TXN001096,SKU013,Household 02,CUST0112,5.73,3,Household,B2,M,F2,False,3.44
2024-11-08,TXN001096,SKU002,Beverages 01,CUST0112,5.73,1,Beverages,B3,M,F3,False,3.44
2024-11-09,TXN000063,SKU006,Personal Care 01,CUST0006,6.63,1,Personal Care,B1,S,F3,False,3.98
2024-11-09,TXN000063,SKU014,Personal Care 02,CUST0006,7.0,3,Personal Care,B3,M,F3,False,4.2
2024-11-09,TXN000063,SKU002,Beverages 01,CUST0006,5.73,3,Beverages,B3,M,F3,False,3.44
2024-11-09,TXN000063,SKU000,Coffee 01,CUST0006,3.57,3,Coffee,B1,M,F1,True,2.14
2024-11-09,TXN000063,SKU021,Household 03,CUST0006,5.84,2,Household,B1,S,F2,False,3.5
2024-11-09,TXN000139,SKU024,Coffee 04,CUST0012,6.91,2,Coffee,B1,S,F1,False,4.15
2024-11-09,TXN000139,SKU019,Bakery 03,CUST0012,6.44,3,Bakery,B2,L,F4,False,3.86
2024-11-09,TXN000139,SKU028,Dairy 04,CUST0012,5.79,1,Dairy,B2,M,F1,False,3.47
2024-11-09,TXN000139,SKU000,Coffee 01,CUST0012,3.57,1,Coffee,B1,M,F1,True,2.14
2024-11-09,TXN000139,SKU002,Beverages 01,CUST0012,5.73,2,Beverages,B3,M,F3,False,3.44
2024-11-09,TXN000460,SKU010,Beverages 02,CUST0045,4.77,1,Beverages,B2,M,F3,False,2.86
2024-11-09,TXN000460,SKU025,Snacks 04,CUST0045,6.63,1,Snacks,B2,M,F2,False,3.98
2024-11-09,TXN000958,SKU005,Household 01,CUST0096,5.37,2,Household,B3,L,F2,False,3.22
2024-11-09,TXN000958,SKU013,Household 02,CUST0096,5.73,1,Household,B2,M,F2,False,3.44
2024-11-09,TXN000968,SKU024,Coffee 04,CUST0097,6.91,1,Coffee,B1,S,F1,False,4.15
2024-11-09,TXN000968,SKU019,Bakery 03,CUST0097,6.44,2,Bakery,B2,L,F4,False,3.86
2024-11-09,TXN000968,SKU028,Dairy 04,CUST0097,5.79,2,Dairy,B2,M,F1,False,3.47
2024-11-09,TXN000968,SKU030,Personal Care 04,CUST0097,10.58,3,Personal Care,B1,M,F3,False,6.35
2024-11-09,TXN000968,SKU001,Snacks 01,CUST0097,8.26,3,Snacks,B2,L,F2,False,4.96
2024-11-09,TXN000968,SKU000,Coffee 01,CUST0097,3.57,3,Coffee,B1,M,F1,True,2.14
2024-11-10,TXN000125,SKU000,Coffee 01,CUST0010,3.57,1,Coffee,B1,M,F1,True,2.14
2024-11-10,TXN000125,SKU007,Pet 01,CUST0010,12.11,2,Pet,B2,L,F4,False,7.27
2024-11-10,TXN000391,SKU000,Coffee 01,CUST0039,3.57,1,Coffee,B1,M,F1,True,2.14
2024-11-10,TXN000391,SKU004,Dairy 01,CUST0039,3.85,1,Dairy,B2,M,F1,False,2.31
2024-11-10,TXN000391,SKU003,Bakery 01,CUST0039,7.92,1,Bakery,B1,S,F4,False,4.75
2024-11-10,TXN000391,SKU008,Coffee 02,CUST0039,13.87,1,Coffee,B3,M,F1,False,8.32
2024-11-10,TXN000501,SKU000,Coffee 01,CUST0049,3.57,3,Coffee,B1,M,F1,True,2.14
2024-11-10,TXN000501,SKU026,Beverages 04,CUST0049,2.8,3,Beverages,B3,M,F3,True,1.68
2024-11-10,TXN000533,SKU000,Coffee 01,CUST0053,3.57,2,Coffee,B1,M,F1,True,2.14
2024-11-10,TXN000533,SKU013,Household 02,CUST0053,5.73,1,Household,B2,M,F2,False,3.44
2024-11-10,TXN000533,SKU014,Personal Care 02,CUST0053,7.0,2,Personal Care,B3,M,F3,False,4.2
2024-11-10,TXN000533,SKU024,Coffee 04,CUST0053,6.91,1,Coffee,B1,S,F1,False,4.15
2024-11-10,TXN000533,SKU010,Beverages 02,CUST0053,4.77,3,Beverages,B2,M,F3,False,2.86
2024-11-10,TXN000581,SKU017,Snacks 03,CUST0057,6.17,1,Snacks,B3,M,F2,False,3.7
2024-11-10,TXN000581,SKU003,Bakery 01,CUST0057,7.92,3,Bakery,B1,S,F4,False,4.75
2024-11-10,TXN000581,SKU015,Pet 02,CUST0057,14.75,2,Pet,B1,M,F4,False,8.85
2024-11-10,TXN000581,SKU006,Personal Care 01,CUST0057,6.63,1,Personal Care,B1,S,F3,False,3.98
2024-11-10,TXN000581,SKU007,Pet 01,CUST0057,12.11,3,Pet,B2,L,F4,False,7.27
2024-11-10,TXN000581,SKU000,Coffee 01,CUST0057,3.57,3,Coffee,B1,M,F1,True,2.14
2024-11-10,TXN001155,SKU000,Coffee 01,CUST0119,3.57,1,Coffee,B1,M,F1,True,2.14
2024-11-10,TXN001155,SKU003,Bakery 01,CUST0119,7.92,2,Bakery,B1,S,F4,False,4.75
2024-11-10,TXN001155,SKU029,Household 04,CUST0119,14.03,1,Household,B3,M,F2,False,8.42
2024-11-11,TXN000011,SKU013,Household 02,CUST0000,5.73,3,Household,B2,M,F2,False,3.44
2024-11-11,TXN000011,SKU008,Coffee 02,CUST0000,13.87,1,Coffee,B3,M,F1,False,8.32
2024-11-11,TXN000011,SKU001,Snacks 01,CUST0000,8.26,1,Snacks,B2,L,F2,False,4.96
2024-11-11,TXN000179,SKU001,Snacks 01,CUST0017,8.26,1,Snacks,B2,L,F2,False,4.96
2024-11-11,TXN000179,SKU000,Coffee 01,CUST0017,3.57,3,Coffee,B1,M,F1,True,2.14
2024-11-11,TXN000192,SKU015,Pet 02,CUST0018,14.75,3,Pet,B1,M,F4,False,8.85
2024-11-11,TXN000192,SKU001,Snacks 01,CUST0018,8.26,3,Snacks,B2,L,F2,False,4.96
2024-11-11,TXN000192,SKU000,Coffee 01,CUST0018,3.57,2,Coffee,B1,M,F1,True,2.14
2024-11-11,TXN000192,SKU002,Beverages 01,CUST0018,5.73,2,Beverages,B3,M,F3,False,3.44
2024-11-11,TXN000360,SKU010,Beverages 02,CUST0036,4.77,1,Beverages,B2,M,F3,False,2.86
2024-11-11,TXN000360,SKU025,Snacks 04,CUST0036,6.63,1,Snacks,B2,M,F2,False,3.98
2024-11-11,TXN000360,SKU011,Bakery 02,CUST0036,10.55,3,Bakery,B3,S,F4,False,6.33
2024-11-11,TXN000360,SKU000,Coffee 01,CUST0036,3.57,2,Coffee,B1,M,F1,True,2.14
2024-11-11,TXN000483,SKU011,Bakery 02,CUST0048,10.55,2,Bakery,B3,S,F4,False,6.33
2024-11-11,TXN000483,SKU020,Dairy 03,CUST0048,17.08,2,Dairy,B3,S,F1,False,10.25
2024-11-11,TXN000483,SKU016,Coffee 03,CUST0048,10.8,1,Coffee,B2,L,F1,False,6.48
2024-11-11,TXN000483,SKU000,Coffee 01,CUST0048,3.57,1,Coffee,B1,M,F1,True,2.14
2024-11-11,TXN000483,SKU005,Household 01,CUST0048,5.37,3,Household,B3,L,F2,False,3.22
2024-11-11,TXN000520,SKU003,Bakery 01,CUST0052,7.92,1,Bakery,B1,S,F4,False,4.75
2024-11-11,TXN000520,SKU036,Dairy 05,CUST0052,10.18,3,Dairy,B1,M,F1,False,6.11
2024-11-11,TXN000520,SKU000,Coffee 01,CUST0052,3.57,1,Coffee,B1,M,F1,True,2.14
2024-11-11,TXN000520,SKU026,Beverages 04,CUST0052,4.0,2,Beverages,B3,M,F3,False,2.4
2024-11-11,TXN000574,SKU008,Coffee 02,CUST0057,13.87,2,Coffee,B3,M,F1,False,8.32
2024-11-11,TXN000574,SKU003,Bakery 01,CUST0057,7.92,3,Bakery,B1,S,F4,False,4.75
2024-11-11,TXN000950,SKU000,Coffee 01,CUST0096,3.57,2,Coffee,B1,M,F1,True,2.14
2024-11-11,TXN000950,SKU007,Pet 01,CUST0096,12.11,2,Pet,B2,L,F4,False,7.27
2024-11-11,TXN000950,SKU043,Bakery 06,CUST0096,5.66,1,Bakery,B2,L,F4,True,3.4
2024-11-11,TXN000986,SKU000,Coffee 01,CUST0099,3.57,1,Coffee,B1,M,F1,True,2.14
2024-11-11,TXN000986,SKU043,Bakery 06,CUST0099,5.66,1,Bakery,B2,L,F4,True,3.4
2024-11-11,TXN000986,SKU024,Coffee 04,CUST0099,6.91,1,Coffee,B1,S,F1,False,4.15
2024-11-12,TXN000171,SKU021,Household 03,CUST0015,5.84,3,Household,B1,S,F2,False,3.5
2024-11-12,TXN000171,SKU042,Beverages 06,CUST0015,4.5,1,Beverages,B1,M,F3,False,2.7
2024-11-12,TXN000171,SKU000,Coffee 01,CUST0015,3.57,2,Coffee,B1,M,F1,True,2.14
2024-11-12,TXN000171,SKU015,Pet 02,CUST0015,14.75,2,Pet,B1,M,F4,False,8.85
2024-11-12,TXN000451,SKU045,Household 06,CUST0045,4.68,1,Household,B1,M,F2,False,2.81
2024-11-12,TXN000451,SKU000,Coffee 01,CUST0045,3.57,2,Coffee,B1,M,F1,True,2.14
2024-11-12,TXN000451,SKU007,Pet 01,CUST0045,12.11,2,Pet,B2,L,F4,False,7.27
2024-11-12,TXN000451,SKU002,Beverages 01,CUST0045,5.73,2,Beverages,B3,M,F3,False,3.44
2024-11-12,TXN000688,SKU000,Coffee 01,CUST0069,3.57,2,Coffee,B1,M,F1,True,2.14
2024-11-12,TXN000688,SKU014,Personal Care 02,CUST0069,7.0,2,Personal Care,B3,M,F3,False,4.2
2024-11-12,TXN000688,SKU045,Household 06,CUST0069,4.68,2,Household,B1,M,F2,False,2.81
2024-11-12,TXN000804,SKU015,Pet 02,CUST0081,14.75,2,Pet,B1,M,F4,False,8.85
2024-11-12,TXN000804,SKU000,Coffee 01,CUST0081,3.57,3,Coffee,B1,M,F1,True,2.14
2024-11-12,TXN000804,SKU001,Snacks 01,CUST0081,8.26,1,Snacks,B2,L,F2,False,4.96
2024-11-12,TXN000804,SKU034,Beverages 05,CUST0081,13.18,2,Beverages,B2,M,F3,False,7.91
2024-11-12,TXN000804,SKU050,Beverages 07,CUST0081,6.6,3,Beverages,B3,M,F3,False,3.96
2024-11-12,TXN000854,SKU000,Coffee 01,CUST0086,3.57,3,Coffee,B1,M,F1,True,2.14
2024-11-12,TXN000854,SKU008,Coffee 02,CUST0086,13.87,3,Coffee,B3,M,F1,False,8.32
2024-11-12,TXN000854,SKU005,Household 01,CUST0086,5.37,3,Household,B3,L,F2,False,3.22
2024-11-12,TXN000854,SKU001,Snacks 01,CUST0086,8.26,3,Snacks,B2,L,F2,False,4.96
2024-11-12,TXN000886,SKU002,Beverages 01,CUST0088,5.73,2,Beverages,B3,M,F3,False,3.44
2024-11-12,TXN000886,SKU009,Snacks 02,CUST0088,3.57,2,Snacks,B1,M,F2,False,2.14
2024-11-12,TXN000886,SKU017,Snacks 03,CUST0088,6.17,3,Snacks,B3,M,F2,False,3.7
2024-11-12,TXN000917,SKU000,Coffee 01,CUST0092,3.57,1,Coffee,B1,M,F1,True,2.14
2024-11-12,TXN000917,SKU002,Beverages 01,CUST0092,5.73,1,Beverages,B3,M,F3,False,3.44
2024-11-12,TXN000917,SKU004,Dairy 01,CUST0092,3.85,1,Dairy,B2,M,F1,False,2.31
2024-11-12,TXN001050,SKU020,Dairy 03,CUST0108,17.08,3,Dairy,B3,S,F1,False,10.25
2024-11-12,TXN001050,SKU038,Personal Care 05,CUST0108,8.94,2,Personal Care,B3,L,F3,False,5.36
2024-11-12,TXN001113,SKU002,Beverages 01,CUST0114,5.73,2,Beverages,B3,M,F3,False,3.44
2024-11-12,TXN001113,SKU006,Personal Care 01,CUST0114,6.63,1,Personal Care,B1,S,F3,False,3.98
2024-11-12,TXN001113,SKU000,Coffee 01,CUST0114,3.57,2,Coffee,B1,M,F1,True,2.14
2024-11-13,TXN000215,SKU008,Coffee 02,CUST0021,13.87,3,Coffee,B3,M,F1,False,8.32
2024-11-13,TXN000215,SKU012,Dairy 02,CUST0021,2.47,2,Dairy,B1,S,F1,False,1.48
2024-11-13,TXN000215,SKU001,Snacks 01,CUST0021,8.26,1,Snacks,B2,L,F2,False,4.96
2024-11-13,TXN000215,SKU000,Coffee 01,CUST0021,3.57,3,Coffee,B1,M,F1,True,2.14
2024-11-13,TXN000215,SKU055,Pet 07,CUST0021,7.53,1,Pet,B2,S,F4,False,4.52
2024-11-13,TXN000215,SKU019,Bakery 03,CUST0021,6.44,2,Bakery,B2,L,F4,False,3.86
2024-11-13,TXN000425,SKU032,Coffee 05,CUST0042,10.67,3,Coffee,B3,S,F1,False,6.4
2024-11-13,TXN000425,SKU000,Coffee 01,CUST0042,3.57,3,Coffee,B1,M,F1,True,2.14
2024-11-13,TXN000425,SKU050,Beverages 07,CUST0042,6.6,3,Beverages,B3,M,F3,False,3.96
2024-11-13,TXN000425,SKU017,Snacks 03,CUST0042,6.17,1,Snacks,B3,M,F2,False,3.7
2024-11-13,TXN000492,SKU000,Coffee 01,CUST0048,3.57,2,Coffee,B1,M,F1,True,2.14
2024-11-13,TXN000492,SKU004,Dairy 01,CUST0048,3.85,2,Dairy,B2,M,F1,False,2.31
2024-11-13,TXN000492,SKU003,Bakery 01,CUST0048,7.92,1,Bakery,B1,S,F4,False,4.75
2024-11-13,TXN000492,SKU001,Snacks 01,CUST0048,8.26,1,Snacks,B2,L,F2,False,4.96
2024-11-13,TXN000658,SKU012,Dairy 02,CUST0066,2.47,1,Dairy,B1,S,F1,False,1.48
2024-11-13,TXN000658,SKU000,Coffee 01,CUST0066,3.57,2,Coffee,B1,M,F1,True,2.14
2024-11-13,TXN000658,SKU006,Personal Care 01,CUST0066,6.63,1,Personal Care,B1,S,F3,False,3.98
2024-11-13,TXN000658,SKU008,Coffee 02,CUST0066,13.87,3,Coffee,B3,M,F1,False,8.32
2024-11-13,TXN000658,SKU002,Beverages 01,CUST0066,5.73,2,Beverages,B3,M,F3,False,3.44
2024-11-13,TXN001029,SKU002,Beverages 01,CUST0105,5.73,2,Beverages,B3,M,F3,False,3.44
2024-11-13,TXN001029,SKU009,Snacks 02,CUST0105,3.57,3,Snacks,B1,M,F2,False,2.14
2024-11-13,TXN001029,SKU017,Snacks 03,CUST0105,6.17,3,Snacks,B3,M,F2,False,3.7
2024-11-13,TXN001147,SKU007,Pet 01,CUST0117,12.11,1,Pet,B2,L,F4,False,7.27
2024-11-13,TXN001147,SKU015,Pet 02,CUST0117,14.75,2,Pet,B1,M,F4,False,8.85
2024-11-13,TXN001147,SKU021,Household 03,CUST0117,5.84,3,Household,B1,S,F2,False,3.5
2024-11-14,TXN000009,SKU000,Coffee 01,CUST0000,5.1,2,Coffee,B1,M,F1,False,3.06
2024-11-14,TXN000009,SKU016,Coffee 03,CUST0000,10.8,3,Coffee,B2,L,F1,False,6.48
2024-11-14,TXN000009,SKU004,Dairy 01,CUST0000,3.85,1,Dairy,B2,M,F1,False,2.31
2024-11-14,TXN000009,SKU005,Household 01,CUST0000,5.37,2,Household,B3,L,F2,False,3.22
2024-11-14,TXN000127,SKU002,Beverages 01,CUST0010,5.73,3,Beverages,B3,M,F3,False,3.44
2024-11-14,TXN000127,SKU006,Personal Care 01,CUST0010,6.63,3,Personal Care,B1,S,F3,False,3.98
2024-11-14,TXN000128,SKU002,Beverages 01,CUST0010,5.73,1,Beverages,B3,M,F3,False,3.44
2024-11-14,TXN000128,SKU001,Snacks 01,CUST0010,8.26,3,Snacks,B2,L,F2,False,4.96
2024-11-14,TXN000128,SKU041,Snacks 06,CUST0010,6.25,3,Snacks,B3,L,F2,False,3.75
2024-11-14,TXN000128,SKU043,Bakery 06,CUST0010,5.66,3,Bakery,B2,L,F4,True,3.4
2024-11-14,TXN000467,SKU001,Snacks 01,CUST0046,8.26,1,Snacks,B2,L,F2,False,4.96
2024-11-14,TXN000467,SKU002,Beverages 01,CUST0046,5.73,2,Beverages,B3,M,F3,False,3.44
2024-11-14,TXN000467,SKU011,Bakery 02,CUST0046,10.55,1,Bakery,B3,S,F4,False,6.33
2024-11-14,TXN000467,SKU005,Household 01,CUST0046,5.37,3,Household,B3,L,F2,False,3.22
2024-11-14,TXN000467,SKU000,Coffee 01,CUST0046,5.1,1,Coffee,B1,M,F1,False,3.06
2024-11-14,TXN000667,SKU035,Bakery 05,CUST0067,7.37,3,Bakery,B3,S,F4,False,4.42
2024-11-14,TXN000667,SKU011,Bakery 02,CUST0067,10.55,1,Bakery,B3,S,F4,False,6.33
2024-11-14,TXN000667,SKU002,Beverages 01,CUST0067,5.73,1,Beverages,B3,M,F3,False,3.44
2024-11-14,TXN000667,SKU040,Coffee 06,CUST0067,2.41,2,Coffee,B2,S,F1,False,1.45
2024-11-14,TXN000667,SKU001,Snacks 01,CUST0067,8.26,3,Snacks,B2,L,F2,False,4.96
2024-11-14,TXN000683,SKU002,Beverages 01,CUST0069,5.73,2,Beverages,B3,M,F3,False,3.44
2024-11-14,TXN000683,SKU009,Snacks 02,CUST0069,3.57,2,Snacks,B1,M,F2,False,2.14
2024-11-14,TXN000683,SKU017,Snacks 03,CUST0069,6.17,3,Snacks,B3,M,F2,False,3.7
2024-11-14,TXN000683,SKU026,Beverages 04,CUST0069,4.0,1,Beverages,B3,M,F3,False,2.4
2024-11-14,TXN000683,SKU008,Coffee 02,CUST0069,13.87,2,Coffee,B3,M,F1,False,8.32
2024-11-14,TXN000683,SKU005,Household 01,CUST0069,5.37,2,Household,B3,L,F2,False,3.22
2024-11-14,TXN000800,SKU006,Personal Care 01,CUST0081,6.63,1,Personal Care,B1,S,F3,False,3.98
2024-11-14,TXN000800,SKU014,Personal Care 02,CUST0081,7.0,3,Personal Care,B3,M,F3,False,4.2
2024-11-14,TXN000800,SKU000,Coffee 01,CUST0081,5.1,3,Coffee,B1,M,F1,False,3.06
2024-11-14,TXN000800,SKU011,Bakery 02,CUST0081,10.55,3,Bakery,B3,S,F4,False,6.33
2024-11-14,TXN000800,SKU003,Bakery 01,CUST0081,7.92,3,Bakery,B1,S,F4,False,4.75
2024-11-14,TXN000928,SKU002,Beverages 01,CUST0093,5.73,1,Beverages,B3,M,F3,False,3.44
2024-11-14,TXN000928,SKU010,Beverages 02,CUST0093,4.77,2,Beverages,B2,M,F3,False,2.86
2024-11-14,TXN000928,SKU000,Coffee 01,CUST0093,5.1,2,Coffee,B1,M,F1,False,3.06
2024-11-14,TXN000928,SKU001,Snacks 01,CUST0093,8.26,1,Snacks,B2,L,F2,False,4.96
2024-11-14,TXN000928,SKU046,Personal Care 06,CUST0093,5.24,3,Personal Care,B2,S,F3,False,3.14
2024-11-15,TXN000094,SKU001,Snacks 01,CUST0007,8.26,3,Snacks,B2,L,F2,False,4.96
2024-11-15,TXN000094,SKU043,Bakery 06,CUST0007,5.66,3,Bakery,B2,L,F4,True,3.4
2024-11-15,TXN000094,SKU005,Household 01,CUST0007,5.37,3,Household,B3,L,F2,False,3.22
2024-11-15,TXN000094,SKU008,Coffee 02,CUST0007,13.87,1,Coffee,B3,M,F1,False,8.32
2024-11-15,TXN000094,SKU055,Pet 07,CUST0007,7.53,1,Pet,B2,S,F4,False,4.52
2024-11-15,TXN000094,SKU002,Beverages 01,CUST0007,5.73,2,Beverages,B3,M,F3,False,3.44
2024-11-15,TXN000358,SKU006,Personal Care 01,CUST0036,4.64,2,Personal Care,B1,S,F3,True,2.78
2024-11-15,TXN000358,SKU005,Household 01,CUST0036,5.37,3,Household,B3,L,F2,False,3.22
2024-11-15,TXN000358,SKU011,Bakery 02,CUST0036,10.55,2,Bakery,B3,S,F4,False,6.33
2024-11-15,TXN000358,SKU001,Snacks 01,CUST0036,8.26,2,Snacks,B2,L,F2,False,4.96
2024-11-15,TXN000358,SKU054,Personal Care 07,CUST0036,4.95,2,Personal Care,B1,M,F3,True,2.97
2024-11-15,TXN000358,SKU000,Coffee 01,CUST0036,5.1,1,Coffee,B1,M,F1,False,3.06
2024-11-15,TXN000892,SKU024,Coffee 04,CUST0088,6.91,3,Coffee,B1,S,F1,False,4.15
2024-11-15,TXN000892,SKU019,Bakery 03,CUST0088,6.44,2,Bakery,B2,L,F4,False,3.86
2024-11-15,TXN000892,SKU028,Dairy 04,CUST0088,5.79,2,Dairy,B2,M,F1,False,3.47
2024-11-15,TXN000892,SKU027,Bakery 04,CUST0088,7.34,3,Bakery,B1,L,F4,False,4.4
2024-11-15,TXN000994,SKU010,Beverages 02,CUST0100,4.77,2,Beverages,B2,M,F3,False,2.86
2024-11-15,TXN000994,SKU006,Personal Care 01,CUST0100,4.64,2,Personal Care,B1,S,F3,True,2.78
2024-11-15,TXN000994,SKU000,Coffee 01,CUST0100,5.1,3,Coffee,B1,M,F1,False,3.06
2024-11-15,TXN001014,SKU015,Pet 02,CUST0102,14.75,3,Pet,B1,M,F4,False,8.85
2024-11-15,TXN001014,SKU004,Dairy 01,CUST0102,3.85,1,Dairy,B2,M,F1,False,2.31
2024-11-15,TXN001014,SKU022,Personal Care 03,CUST0102,6.25,1,Personal Care,B2,M,F3,False,3.75
2024-11-15,TXN001014,SKU027,Bakery 04,CUST0102,7.34,1,Bakery,B1,L,F4,False,4.4
2024-11-15,TXN001014,SKU000,Coffee 01,CUST0102,5.1,2,Coffee,B1,M,F1,False,3.06
2024-11-16,TXN000223,SKU019,Bakery 03,CUST0021,6.44,1,Bakery,B2,L,F4,False,3.86
2024-11-16,TXN000223,SKU016,Coffee 03,CUST0021,10.8,3,Coffee,B2,L,F1,False,6.48
2024-11-16,TXN000223,SKU000,Coffee 01,CUST0021,5.1,1,Coffee,B1,M,F1,False,3.06
2024-11-16,TXN000223,SKU006,Personal Care 01,CUST0021,4.64,1,Personal Care,B1,S,F3,True,2.78
2024-11-16,TXN000293,SKU059,Bakery 08,CUST0030,12.61,2,Bakery,B3,M,F4,False,7.57
2024-11-16,TXN000293,SKU000,Coffee 01,CUST0030,5.1,2,Coffee,B1,M,F1,False,3.06
2024-11-16,TXN000293,SKU001,Snacks 01,CUST0030,8.26,3,Snacks,B2,L,F2,False,4.96
2024-11-16,TXN000293,SKU006,Personal Care 01,CUST0030,4.64,2,Personal Care,B1,S,F3,True,2.78
2024-11-16,TXN000364,SKU006,Personal Care 01,CUST0036,4.64,1,Personal Care,B1,S,F3,True,2.78
2024-11-16,TXN000364,SKU014,Personal Care 02,CUST0036,7.0,3,Personal Care,B3,M,F3,False,4.2
2024-11-16,TXN000364,SKU000,Coffee 01,CUST0036,5.1,3,Coffee,B1,M,F1,False,3.06
2024-11-16,TXN000364,SKU009,Snacks 02,CUST0036,3.57,3,Snacks,B1,M,F2,False,2.14
2024-11-16,TXN000364,SKU003,Bakery 01,CUST0036,7.92,2,Bakery,B1,S,F4,False,4.75
2024-11-16,TXN000503,SKU005,Household 01,CUST0050,5.37,1,Household,B3,L,F2,False,3.22
2024-11-16,TXN000503,SKU006,Personal Care 01,CUST0050,4.64,1,Personal Care,B1,S,F3,True,2.78
2024-11-16,TXN000503,SKU015,Pet 02,CUST0050,14.75,3,Pet,B1,M,F4,False,8.85
2024-11-16,TXN000503,SKU001,Snacks 01,CUST0050,8.26,1,Snacks,B2,L,F2,False,4.96
2024-11-16,TXN000503,SKU030,Personal Care 04,CUST0050,10.58,2,Personal Care,B1,M,F3,False,6.35
2024-11-16,TXN000526,SKU010,Beverages 02,CUST0052,4.77,1,Beverages,B2,M,F3,False,2.86
2024-11-16,TXN000526,SKU025,Snacks 04,CUST0052,6.63,1,Snacks,B2,M,F2,False,3.98
2024-11-16,TXN000526,SKU007,Pet 01,CUST0052,12.11,3,Pet,B2,L,F4,False,7.27
2024-11-16,TXN000559,SKU010,Beverages 02,CUST0055,4.77,1,Beverages,B2,M,F3,False,2.86
2024-11-16,TXN000559,SKU003,Bakery 01,CUST0055,7.92,2,Bakery,B1,S,F4,False,4.75
2024-11-16,TXN000559,SKU000,Coffee 01,CUST0055,5.1,3,Coffee,B1,M,F1,False,3.06
2024-11-16,TXN000642,SKU006,Personal Care 01,CUST0064,4.64,3,Personal Care,B1,S,F3,True,2.78
2024-11-16,TXN000642,SKU014,Personal Care 02,CUST0064,7.0,1,Personal Care,B3,M,F3,False,4.2
2024-11-16,TXN000642,SKU001,Snacks 01,CUST0064,8.26,1,Snacks,B2,L,F2,False,4.96
2024-11-16,TXN000642,SKU004,Dairy 01,CUST0064,3.85,1,Dairy,B2,M,F1,False,2.31
2024-11-16,TXN000642,SKU007,Pet 01,CUST0064,12.11,2,Pet,B2,L,F4,False,7.27
2024-11-16,TXN000642,SKU059,Bakery 08,CUST0064,12.61,2,Bakery,B3,M,F4,False,7.57
2024-11-16,TXN000675,SKU009,Snacks 02,CUST0068,3.57,1,Snacks,B1,M,F2,False,2.14
2024-11-16,TXN000675,SKU006,Personal Care 01,CUST0068,4.64,2,Personal Care,B1,S,F3,True,2.78
2024-11-16,TXN000734,SKU011,Bakery 02,CUST0075,10.55,2,Bakery,B3,S,F4,False,6.33
2024-11-16,TXN000734,SKU020,Dairy 03,CUST0075,17.08,2,Dairy,B3,S,F1,False,10.25
2024-11-16,TXN000734,SKU016,Coffee 03,CUST0075,10.8,1,Coffee,B2,L,F1,False,6.48
2024-11-16,TXN000734,SKU007,Pet 01,CUST0075,12.11,3,Pet,B2,L,F4,False,7.27
2024-11-16,TXN000734,SKU000,Coffee 01,CUST0075,5.1,2,Coffee,B1,M,F1,False,3.06
2024-11-16,TXN000734,SKU001,Snacks 01,CUST0075,8.26,1,Snacks,B2,L,F2,False,4.96
2024-11-16,TXN000807,SKU000,Coffee 01,CUST0081,5.1,2,Coffee,B1,M,F1,False,3.06
2024-11-16,TXN000807,SKU009,Snacks 02,CUST0081,3.57,1,Snacks,B1,M,F2,False,2.14
2024-11-16,TXN000807,SKU015,Pet 02,CUST0081,14.75,2,Pet,B1,M,F4,False,8.85
2024-11-16,TXN000807,SKU005,Household 01,CUST0081,5.37,1,Household,B3,L,F2,False,3.22
2024-11-16,TXN000807,SKU001,Snacks 01,CUST0081,8.26,3,Snacks,B2,L,F2,False,4.96
2024-11-16,TXN000807,SKU006,Personal Care 01,CUST0081,4.64,1,Personal Care,B1,S,F3,True,2.78
2024-11-17,TXN000083,SKU002,Beverages 01,CUST0006,5.73,2,Beverages,B3,M,F3,False,3.44
2024-11-17,TXN000083,SKU004,Dairy 01,CUST0006,3.85,2,Dairy,B2,M,F1,False,2.31
2024-11-17,TXN000083,SKU050,Beverages 07,CUST0006,6.6,3,Beverages,B3,M,F3,False,3.96
2024-11-17,TXN000083,SKU018,Beverages 03,CUST0006,6.03,1,Beverages,B1,M,F3,False,3.62
2024-11-17,TXN000119,SKU015,Pet 02,CUST0010,14.75,2,Pet,B1,M,F4,False,8.85
2024-11-17,TXN000119,SKU006,Personal Care 01,CUST0010,4.64,1,Personal Care,B1,S,F3,True,2.78
2024-11-17,TXN000119,SKU040,Coffee 06,CUST0010,2.41,2,Coffee,B2,S,F1,False,1.45
2024-11-17,TXN000443,SKU004,Dairy 01,CUST0044,3.85,1,Dairy,B2,M,F1,False,2.31
2024-11-17,TXN000443,SKU016,Coffee 03,CUST0044,10.8,3,Coffee,B2,L,F1,False,6.48
2024-11-17,TXN000443,SKU033,Snacks 05,CUST0044,6.13,3,Snacks,B1,S,F2,False,3.68
2024-11-17,TXN000783,SKU017,Snacks 03,CUST0078,6.17,2,Snacks,B3,M,F2,False,3.7
2024-11-17,TXN000783,SKU028,Dairy 04,CUST0078,5.79,2,Dairy,B2,M,F1,False,3.47
2024-11-17,TXN000808,SKU007,Pet 01,CUST0081,12.11,2,Pet,B2,L,F4,False,7.27
2024-11-17,TXN000808,SKU015,Pet 02,CUST0081,14.75,2,Pet,B1,M,F4,False,8.85
2024-11-17,TXN000808,SKU021,Household 03,CUST0081,5.84,2,Household,B1,S,F2,False,3.5
2024-11-17,TXN000962,SKU002,Beverages 01,CUST0096,5.73,3,Beverages,B3,M,F3,False,3.44
2024-11-17,TXN000962,SKU000,Coffee 01,CUST0096,5.1,1,Coffee,B1,M,F1,False,3.06
2024-11-17,TXN000962,SKU001,Snacks 01,CUST0096,8.26,3,Snacks,B2,L,F2,False,4.96
2024-11-17,TXN000962,SKU006,Personal Care 01,CUST0096,4.64,2,Personal Care,B1,S,F3,True,2.78
2024-11-17,TXN000962,SKU043,Bakery 06,CUST0096,5.66,3,Bakery,B2,L,F4,True,3.4
2024-11-17,TXN000962,SKU033,Snacks 05,CUST0096,6.13,1,Snacks,B1,S,F2,False,3.68
2024-11-17,TXN001021,SKU032,Coffee 05,CUST0103,10.67,3,Coffee,B3,S,F1,False,6.4
2024-11-17,TXN001021,SKU022,Personal Care 03,CUST0103,6.25,1,Personal Care,B2,M,F3,False,3.75
2024-11-17,TXN001021,SKU020,Dairy 03,CUST0103,17.08,2,Dairy,B3,S,F1,False,10.25
2024-11-17,TXN001021,SKU038,Personal Care 05,CUST0103,8.94,1,Personal Care,B3,L,F3,False,5.36
2024-11-18,TXN000207,SKU003,Bakery 01,CUST0021,7.92,1,Bakery,B1,S,F4,False,4.75
2024-11-18,TXN000207,SKU054,Personal Care 07,CUST0021,4.95,2,Personal Care,B1,M,F3,True,2.97
2024-11-18,TXN000352,SKU013,Household 02,CUST0034,5.73,2,Household,B2,M,F2,False,3.44
2024-11-18,TXN000352,SKU007,Pet 01,CUST0034,12.11,3,Pet,B2,L,F4,False,7.27
2024-11-18,TXN000352,SKU001,Snacks 01,CUST0034,8.26,3,Snacks,B2,L,F2,False,4.96
2024-11-18,TXN000352,SKU006,Personal Care 01,CUST0034,4.64,3,Personal Care,B1,S,F3,True,2.78
2024-11-18,TXN000354,SKU023,Pet 03,CUST0034,8.97,1,Pet,B3,S,F4,False,5.38
2024-11-18,TXN000354,SKU050,Beverages 07,CUST0034,6.6,3,Beverages,B3,M,F3,False,3.96
2024-11-18,TXN000354,SKU034,Beverages 05,CUST0034,13.18,1,Beverages,B2,M,F3,False,7.91
2024-11-18,TXN000354,SKU000,Coffee 01,CUST0034,5.1,1,Coffee,B1,M,F1,False,3.06
2024-11-18,TXN000438,SKU001,Snacks 01,CUST0043,8.26,1,Snacks,B2,L,F2,False,4.96
2024-11-18,TXN000438,SKU000,Coffee 01,CUST0043,5.1,2,Coffee,B1,M,F1,False,3.06
2024-11-18,TXN000438,SKU003,Bakery 01,CUST0043,7.92,3,Bakery,B1,S,F4,False,4.75
2024-11-18,TXN000469,SKU056,Coffee 08,CUST0046,4.14,3,Coffee,B3,L,F1,False,2.48
2024-11-18,TXN000469,SKU047,Pet 06,CUST0046,8.27,1,Pet,B3,M,F4,False,4.96
2024-11-18,TXN000682,SKU058,Beverages 08,CUST0069,4.61,1,Beverages,B2,L,F3,False,2.77
2024-11-18,TXN000682,SKU032,Coffee 05,CUST0069,10.67,1,Coffee,B3,S,F1,False,6.4
2024-11-18,TXN000715,SKU010,Beverages 02,CUST0072,4.77,1,Beverages,B2,M,F3,False,2.86
2024-11-18,TXN000715,SKU000,Coffee 01,CUST0072,5.1,1,Coffee,B1,M,F1,False,3.06
2024-11-18,TXN000715,SKU006,Personal Care 01,CUST0072,4.64,3,Personal Care,B1,S,F3,True,2.78
2024-11-18,TXN000715,SKU029,Household 04,CUST0072,14.03,3,Household,B3,M,F2,False,8.42
2024-11-18,TXN000776,SKU006,Personal Care 01,CUST0078,4.64,2,Personal Care,B1,S,F3,True,2.78
2024-11-18,TXN000776,SKU003,Bakery 01,CUST0078,7.92,1,Bakery,B1,S,F4,False,4.75
2024-11-18,TXN000776,SKU008,Coffee 02,CUST0078,13.87,3,Coffee,B3,M,F1,False,8.32
2024-11-18,TXN000776,SKU050,Beverages 07,CUST0078,6.6,3,Beverages,B3,M,F3,False,3.96
2024-11-18,TXN000776,SKU022,Personal Care 03,CUST0078,6.25,1,Personal Care,B2,M,F3,False,3.75
2024-11-18,TXN000776,SKU004,Dairy 01,CUST0078,3.85,1,Dairy,B2,M,F1,False,2.31
2024-11-18,TXN000987,SKU050,Beverages 07,CUST0099,6.6,2,Beverages,B3,M,F3,False,3.96
2024-11-18,TXN000987,SKU003,Bakery 01,CUST0099,7.92,2,Bakery,B1,S,F4,False,4.75
2024-11-18,TXN000987,SKU006,Personal Care 01,CUST0099,4.64,3,Personal Care,B1,S,F3,True,2.78
2024-11-18,TXN001054,SKU000,Coffee 01,CUST0108,5.1,3,Coffee,B1,M,F1,False,3.06
2024-11-18,TXN001054,SKU004,Dairy 01,CUST0108,3.85,2,Dairy,B2,M,F1,False,2.31
2024-11-18,TXN001054,SKU003,Bakery 01,CUST0108,7.92,3,Bakery,B1,S,F4,False,4.75
2024-11-18,TXN001054,SKU001,Snacks 01,CUST0108,8.26,2,Snacks,B2,L,F2,False,4.96
2024-11-18,TXN001054,SKU025,Snacks 04,CUST0108,6.63,1,Snacks,B2,M,F2,False,3.98
2024-11-18,TXN001054,SKU006,Personal Care 01,CUST0108,4.64,2,Personal Care,B1,S,F3,True,2.78
2024-11-19,TXN000010,SKU003,Bakery 01,CUST0000,7.92,2,Bakery,B1,S,F4,False,4.75
2024-11-19,TXN000010,SKU002,Beverages 01,CUST0000,5.73,3,Beverages,B3,M,F3,False,3.44
2024-11-19,TXN000010,SKU009,Snacks 02,CUST0000,3.57,2,Snacks,B1,M,F2,False,2.14
2024-11-19,TXN000010,SKU000,Coffee 01,CUST0000,5.1,3,Coffee,B1,M,F1,False,3.06
2024-11-19,TXN000010,SKU051,Bakery 07,CUST0000,10.87,2,Bakery,B1,M,F4,False,6.52
2024-11-19,TXN000330,SKU000,Coffee 01,CUST0033,5.1,3,Coffee,B1,M,F1,False,3.06
2024-11-19,TXN000330,SKU019,Bakery 03,CUST0033,6.44,2,Bakery,B2,L,F4,False,3.86
2024-11-19,TXN000668,SKU000,Coffee 01,CUST0067,5.1,3,Coffee,B1,M,F1,False,3.06
2024-11-19,TXN000668,SKU048,Coffee 07,CUST0067,9.69,3,Coffee,B1,M,F1,False,5.81
2024-11-19,TXN000722,SKU002,Beverages 01,CUST0073,5.73,1,Beverages,B3,M,F3,False,3.44
2024-11-19,TXN000722,SKU001,Snacks 01,CUST0073,8.26,2,Snacks,B2,L,F2,False,4.96
2024-11-19,TXN000722,SKU004,Dairy 01,CUST0073,3.85,3,Dairy,B2,M,F1,False,2.31
2024-11-19,TXN000722,SKU000,Coffee 01,CUST0073,5.1,2,Coffee,B1,M,F1,False,3.06
2024-11-19,TXN000722,SKU043,Bakery 06,CUST0073,5.66,1,Bakery,B2,L,F4,True,3.4
2024-11-19,TXN000722,SKU013,Household 02,CUST0073,5.73,2,Household,B2,M,F2,False,3.44
2024-11-20,TXN000076,SKU005,Household 01,CUST0006,5.37,2,Household,B3,L,F2,False,3.22
2024-11-20,TXN000076,SKU054,Personal Care 07,CUST0006,4.95,1,Personal Care,B1,M,F3,True,2.97
2024-11-20,TXN000076,SKU003,Bakery 01,CUST0006,7.92,1,Bakery,B1,S,F4,False,4.75
2024-11-20,TXN000076,SKU021,Household 03,CUST0006,5.84,2,Household,B1,S,F2,False,3.5
2024-11-20,TXN000079,SKU000,Coffee 01,CUST0006,5.1,1,Coffee,B1,M,F1,False,3.06
2024-11-20,TXN000079,SKU003,Bakery 01,CUST0006,7.92,1,Bakery,B1,S,F4,False,4.75
2024-11-20,TXN000079,SKU036,Dairy 05,CUST0006,10.18,2,Dairy,B1,M,F1,False,6.11
2024-11-20,TXN000079,SKU011,Bakery 02,CUST0006,10.55,3,Bakery,B3,S,F4,False,6.33
2024-11-20,TXN000109,SKU054,Personal Care 07,CUST0009,4.95,3,Personal Care,B1,M,F3,True,2.97
2024-11-20,TXN000109,SKU049,Snacks 07,CUST0009,6.71,2,Snacks,B2,L,F2,False,4.03
2024-11-20,TXN000109,SKU000,Coffee 01,CUST0009,5.1,1,Coffee,B1,M,F1,False,3.06
2024-11-20,TXN000109,SKU002,Beverages 01,CUST0009,5.73,3,Beverages,B3,M,F3,False,3.44
2024-11-20,TXN000109,SKU006,Personal Care 01,CUST0009,4.64,3,Personal Care,B1,S,F3,True,2.78
2024-11-20,TXN000537,SKU015,Pet 02,CUST0054,14.75,3,Pet,B1,M,F4,False,8.85
2024-11-20,TXN000537,SKU000,Coffee 01,CUST0054,5.1,2,Coffee,B1,M,F1,False,3.06
2024-11-20,TXN000605,SKU001,Snacks 01,CUST0060,8.26,2,Snacks,B2,L,F2,False,4.96
2024-11-20,TXN000605,SKU010,Beverages 02,CUST0060,4.77,2,Beverages,B2,M,F3,False,2.86
2024-11-20,TXN000605,SKU000,Coffee 01,CUST0060,5.1,2,Coffee,B1,M,F1,False,3.06
2024-11-20,TXN000605,SKU005,Household 01,CUST0060,5.37,1,Household,B3,L,F2,False,3.22
2024-11-20,TXN000605,SKU002,Beverages 01,CUST0060,5.73,2,Beverages,B3,M,F3,False,3.44
2024-11-20,TXN000638,SKU004,Dairy 01,CUST0063,3.85,2,Dairy,B2,M,F1,False,2.31
2024-11-20,TXN000638,SKU015,Pet 02,CUST0063,14.75,1,Pet,B1,M,F4,False,8.85
2024-11-20,TXN000638,SKU000,Coffee 01,CUST0063,5.1,1,Coffee,B1,M,F1,False,3.06
2024-11-20,TXN000638,SKU026,Beverages 04,CUST0063,4.0,3,Beverages,B3,M,F3,False,2.4
2024-11-20,TXN000691,SKU000,Coffee 01,CUST0069,5.1,2,Coffee,B1,M,F1,False,3.06
2024-11-20,TXN000691,SKU027,Bakery 04,CUST0069,7.34,2,Bakery,B1,L,F4,False,4.4
2024-11-20,TXN000700,SKU001,Snacks 01,CUST0070,8.26,1,Snacks,B2,L,F2,False,4.96
2024-11-20,TXN000700,SKU017,Snacks 03,CUST0070,6.17,2,Snacks,B3,M,F2,False,3.7
2024-11-20,TXN000700,SKU002,Beverages 01,CUST0070,5.73,1,Beverages,B3,M,F3,False,3.44
2024-11-20,TXN000700,SKU000,Coffee 01,CUST0070,5.1,3,Coffee,B1,M,F1,False,3.06
2024-11-20,TXN000700,SKU011,Bakery 02,CUST0070,10.55,2,Bakery,B3,S,F4,False,6.33
2024-11-20,TXN000700,SKU006,Personal Care 01,CUST0070,4.64,2,Personal Care,B1,S,F3,True,2.78
2024-11-20,TXN000796,SKU001,Snacks 01,CUST0081,8.26,3,Snacks,B2,L,F2,False,4.96
2024-11-20,TXN000796,SKU049,Snacks 07,CUST0081,6.71,2,Snacks,B2,L,F2,False,4.03
2024-11-20,TXN000796,SKU058,Beverages 08,CUST0081,4.61,2,Beverages,B2,L,F3,False,2.77
2024-11-20,TXN001084,SKU010,Beverages 02,CUST0109,4.77,2,Beverages,B2,M,F3,False,2.86
2024-11-20,TXN001084,SKU025,Snacks 04,CUST0109,6.63,3,Snacks,B2,M,F2,False,3.98
2024-11-20,TXN001084,SKU006,Personal Care 01,CUST0109,4.64,2,Personal Care,B1,S,F3,True,2.78
2024-11-20,TXN001084,SKU000,Coffee 01,CUST0109,5.1,2,Coffee,B1,M,F1,False,3.06
2024-11-20,TXN001084,SKU005,Household 01,CUST0109,5.37,3,Household,B3,L,F2,False,3.22
2024-11-20,TXN001084,SKU028,Dairy 04,CUST0109,5.79,2,Dairy,B2,M,F1,False,3.47
2024-11-21,TXN000027,SKU022,Personal Care 03,CUST0001,6.25,1,Personal Care,B2,M,F3,False,3.75
2024-11-21,TXN000027,SKU001,Snacks 01,CUST0001,8.26,3,Snacks,B2,L,F2,False,4.96
2024-11-21,TXN000027,SKU006,Personal Care 01,CUST0001,4.64,2,Personal Care,B1,S,F3,True,2.78
2024-11-21,TXN000027,SKU008,Coffee 02,CUST0001,13.87,1,Coffee,B3,M,F1,False,8.32
2024-11-21,TXN000027,SKU031,Pet 04,CUST0001,7.29,2,Pet,B2,S,F4,False,4.37
2024-11-21,TXN000379,SKU002,Beverages 01,CUST0037,5.73,2,Beverages,B3,M,F3,False,3.44
2024-11-21,TXN000379,SKU000,Coffee 01,CUST0037,5.1,1,Coffee,B1,M,F1,False,3.06
2024-11-21,TXN000765,SKU001,Snacks 01,CUST0078,8.26,3,Snacks,B2,L,F2,False,4.96
2024-11-21,TXN000765,SKU042,Beverages 06,CUST0078,4.5,3,Beverages,B1,M,F3,False,2.7
2024-11-21,TXN000765,SKU006,Personal Care 01,CUST0078,4.64,1,Personal Care,B1,S,F3,True,2.78
2024-11-21,TXN000765,SKU028,Dairy 04,CUST0078,5.79,1,Dairy,B2,M,F1,False,3.47
2024-11-21,TXN000765,SKU000,Coffee 01,CUST0078,5.1,3,Coffee,B1,M,F1,False,3.06
2024-11-21,TXN000765,SKU015,Pet 02,CUST0078,14.75,2,Pet,B1,M,F4,False,8.85
2024-11-22,TXN000021,SKU057,Snacks 08,CUST0000,8.52,1,Snacks,B1,M,F2,False,5.11
2024-11-22,TXN000021,SKU035,Bakery 05,CUST0000,7.37,3,Bakery,B3,S,F4,False,4.42
2024-11-22,TXN000086,SKU018,Beverages 03,CUST0007,6.03,2,Beverages,B1,M,F3,False,3.62
2024-11-22,TXN000086,SKU033,Snacks 05,CUST0007,6.13,1,Snacks,B1,S,F2,False,3.68
2024-11-22,TXN000086,SKU041,Snacks 06,CUST0007,6.25,2,Snacks,B3,L,F2,False,3.75
2024-11-22,TXN000211,SKU007,Pet 01,CUST0021,12.11,1,Pet,B2,L,F4,False,7.27
2024-11-22,TXN000211,SKU015,Pet 02,CUST0021,14.75,2,Pet,B1,M,F4,False,8.85
2024-11-22,TXN000211,SKU021,Household 03,CUST0021,5.84,3,Household,B1,S,F2,False,3.5
2024-11-22,TXN000211,SKU000,Coffee 01,CUST0021,5.1,1,Coffee,B1,M,F1,False,3.06
2024-11-22,TXN000211,SKU050,Beverages 07,CUST0021,6.6,2,Beverages,B3,M,F3,False,3.96
2024-11-22,TXN000420,SKU012,Dairy 02,CUST0040,2.47,1,Dairy,B1,S,F1,False,1.48
2024-11-22,TXN000420,SKU001,Snacks 01,CUST0040,8.26,3,Snacks,B2,L,F2,False,4.96
2024-11-22,TXN000420,SKU050,Beverages 07,CUST0040,6.6,1,Beverages,B3,M,F3,False,3.96
2024-11-22,TXN000420,SKU014,Personal Care 02,CUST0040,7.0,3,Personal Care,B3,M,F3,False,4.2
2024-11-22,TXN000453,SKU000,Coffee 01,CUST0045,5.1,1,Coffee,B1,M,F1,False,3.06
2024-11-22,TXN000453,SKU006,Personal Care 01,CUST0045,4.64,3,Personal Care,B1,S,F3,True,2.78
2024-11-22,TXN000453,SKU004,Dairy 01,CUST0045,3.85,3,Dairy,B2,M,F1,False,2.31
2024-11-22,TXN000453,SKU003,Bakery 01,CUST0045,7.92,3,Bakery,B1,S,F4,False,4.75
2024-11-22,TXN000453,SKU001,Snacks 01,CUST0045,8.26,2,Snacks,B2,L,F2,False,4.96
2024-11-22,TXN000522,SKU006,Personal Care 01,CUST0052,4.64,1,Personal Care,B1,S,F3,True,2.78
2024-11-22,TXN000522,SKU000,Coffee 01,CUST0052,5.1,2,Coffee,B1,M,F1,False,3.06
2024-11-22,TXN000522,SKU002,Beverages 01,CUST0052,5.73,2,Beverages,B3,M,F3,False,3.44
2024-11-22,TXN000522,SKU008,Coffee 02,CUST0052,13.87,1,Coffee,B3,M,F1,False,8.32
2024-11-22,TXN000522,SKU001,Snacks 01,CUST0052,8.26,2,Snacks,B2,L,F2,False,4.96
2024-11-22,TXN000525,SKU000,Coffee 01,CUST0052,5.1,2,Coffee,B1,M,F1,False,3.06
2024-11-22,TXN000525,SKU005,Household 01,CUST0052,5.37,2,Household,B3,L,F2,False,3.22
2024-11-22,TXN000525,SKU003,Bakery 01,CUST0052,7.92,3,Bakery,B1,S,F4,False,4.75
2024-11-22,TXN000525,SKU006,Personal Care 01,CUST0052,4.64,2,Personal Care,B1,S,F3,True,2.78
2024-11-22,TXN000525,SKU027,Bakery 04,CUST0052,7.34,1,Bakery,B1,L,F4,False,4.4
2024-11-22,TXN000525,SKU054,Personal Care 07,CUST0052,4.95,2,Personal Care,B1,M,F3,True,2.97
2024-11-22,TXN000597,SKU001,Snacks 01,CUST0060,8.26,2,Snacks,B2,L,F2,False,4.96
2024-11-22,TXN000597,SKU003,Bakery 01,CUST0060,7.92,2,Bakery,B1,S,F4,False,4.75
2024-11-22,TXN000597,SKU018,Beverages 03,CUST0060,6.03,1,Beverages,B1,M,F3,False,3.62
2024-11-22,TXN000597,SKU002,Beverages 01,CUST0060,5.73,3,Beverages,B3,M,F3,False,3.44
2024-11-22,TXN000711,SKU018,Beverages 03,CUST0072,6.03,2,Beverages,B1,M,F3,False,3.62
2024-11-22,TXN000711,SKU033,Snacks 05,CUST0072,6.13,1,Snacks,B1,S,F2,False,3.68
2024-11-22,TXN000711,SKU041,Snacks 06,CUST0072,6.25,1,Snacks,B3,L,F2,False,3.75
2024-11-22,TXN000780,SKU000,Coffee 01,CUST0078,5.1,1,Coffee,B1,M,F1,False,3.06
2024-11-22,TXN000780,SKU036,Dairy 05,CUST0078,10.18,1,Dairy,B1,M,F1,False,6.11
2024-11-22,TXN000780,SKU024,Coffee 04,CUST0078,6.91,3,Coffee,B1,S,F1,False,4.15
2024-11-22,TXN000780,SKU004,Dairy 01,CUST0078,3.85,2,Dairy,B2,M,F1,False,2.31
2024-11-22,TXN000827,SKU012,Dairy 02,CUST0083,2.47,1,Dairy,B1,S,F1,False,1.48
2024-11-22,TXN000827,SKU006,Personal Care 01,CUST0083,4.64,2,Personal Care,B1,S,F3,True,2.78
2024-11-22,TXN000827,SKU023,Pet 03,CUST0083,8.97,3,Pet,B3,S,F4,False,5.38
2024-11-22,TXN000827,SKU036,Dairy 05,CUST0083,10.18,2,Dairy,B1,M,F1,False,6.11
2024-11-22,TXN000827,SKU003,Bakery 01,CUST0083,7.92,2,Bakery,B1,S,F4,False,4.75
2024-11-22,TXN000827,SKU001,Snacks 01,CUST0083,8.26,1,Snacks,B2,L,F2,False,4.96
2024-11-22,TXN001044,SKU034,Beverages 05,CUST0106,13.18,1,Beverages,B2,M,F3,False,7.91
2024-11-22,TXN001044,SKU000,Coffee 01,CUST0106,5.1,3,Coffee,B1,M,F1,False,3.06
2024-11-22,TXN001075,SKU003,Bakery 01,CUST0109,7.92,2,Bakery,B1,S,F4,False,4.75
2024-11-22,TXN001075,SKU007,Pet 01,CUST0109,12.11,2,Pet,B2,L,F4,False,7.27
2024-11-22,TXN001104,SKU052,Dairy 07,CUST0112,9.84,1,Dairy,B2,S,F1,False,5.9
2024-11-22,TXN001104,SKU002,Beverages 01,CUST0112,5.73,2,Beverages,B3,M,F3,False,3.44
2024-11-22,TXN001104,SKU059,Bakery 08,CUST0112,12.61,2,Bakery,B3,M,F4,False,7.57
2024-11-23,TXN000012,SKU004,Dairy 01,CUST0000,3.85,3,Dairy,B2,M,F1,False,2.31
2024-11-23,TXN000012,SKU001,Snacks 01,CUST0000,8.26,1,Snacks,B2,L,F2,False,4.96
2024-11-23,TXN000241,SKU028,Dairy 04,CUST0023,5.79,1,Dairy,B2,M,F1,False,3.47
2024-11-23,TXN000241,SKU006,Personal Care 01,CUST0023,4.64,1,Personal Care,B1,S,F3,True,2.78
2024-11-23,TXN000347,SKU000,Coffee 01,CUST0034,5.1,1,Coffee,B1,M,F1,False,3.06
2024-11-23,TXN000347,SKU054,Personal Care 07,CUST0034,4.95,3,Personal Care,B1,M,F3,True,2.97
2024-11-23,TXN000347,SKU008,Coffee 02,CUST0034,13.87,1,Coffee,B3,M,F1,False,8.32
2024-11-23,TXN000347,SKU056,Coffee 08,CUST0034,4.14,2,Coffee,B3,L,F1,False,2.48
2024-11-23,TXN000393,SKU014,Personal Care 02,CUST0039,7.0,2,Personal Care,B3,M,F3,False,4.2
2024-11-23,TXN000393,SKU013,Household 02,CUST0039,5.73,1,Household,B2,M,F2,False,3.44
2024-11-23,TXN000393,SKU024,Coffee 04,CUST0039,6.91,2,Coffee,B1,S,F1,False,4.15
2024-11-23,TXN000777,SKU014,Personal Care 02,CUST0078,7.0,3,Personal Care,B3,M,F3,False,4.2
2024-11-23,TXN000777,SKU023,Pet 03,CUST0078,8.97,1,Pet,B3,S,F4,False,5.38
2024-11-23,TXN000777,SKU005,Household 01,CUST0078,5.37,1,Household,B3,L,F2,False,3.22
2024-11-23,TXN000777,SKU000,Coffee 01,CUST0078,5.1,2,Coffee,B1,M,F1,False,3.06
2024-11-23,TXN000777,SKU028,Dairy 04,CUST0078,5.79,2,Dairy,B2,M,F1,False,3.47
2024-11-23,TXN000777,SKU003,Bakery 01,CUST0078,7.92,2,Bakery,B1,S,F4,False,4.75
2024-11-23,TXN001074,SKU002,Beverages 01,CUST0109,5.73,1,Beverages,B3,M,F3,False,3.44
2024-11-23,TXN001074,SKU009,Snacks 02,CUST0109,3.57,1,Snacks,B1,M,F2,False,2.14
2024-11-23,TXN001074,SKU017,Snacks 03,CUST0109,6.17,1,Snacks,B3,M,F2,False,3.7
2024-11-23,TXN001074,SKU012,Dairy 02,CUST0109,2.47,3,Dairy,B1,S,F1,False,1.48
2024-11-23,TXN001074,SKU021,Household 03,CUST0109,5.84,2,Household,B1,S,F2,False,3.5
2024-11-23,TXN001074,SKU051,Bakery 07,CUST0109,10.87,2,Bakery,B1,M,F4,False,6.52
2024-11-23,TXN001095,SKU006,Personal Care 01,CUST0112,4.64,2,Personal Care,B1,S,F3,True,2.78
2024-11-23,TXN001095,SKU054,Personal Care 07,CUST0112,4.95,2,Personal Care,B1,M,F3,True,2.97
2024-11-23,TXN001095,SKU000,Coffee 01,CUST0112,5.1,1,Coffee,B1,M,F1,False,3.06
2024-11-23,TXN001095,SKU001,Snacks 01,CUST0112,8.26,1,Snacks,B2,L,F2,False,4.96
2024-11-23,TXN001095,SKU008,Coffee 02,CUST0112,13.87,2,Coffee,B3,M,F1,False,8.32
2024-11-23,TXN001095,SKU020,Dairy 03,CUST0112,17.08,1,Dairy,B3,S,F1,False,10.25
2024-11-23,TXN001151,SKU010,Beverages 02,CUST0118,4.77,3,Beverages,B2,M,F3,False,2.86
2024-11-23,TXN001151,SKU025,Snacks 04,CUST0118,6.63,2,Snacks,B2,M,F2,False,3.98
2024-11-23,TXN001151,SKU000,Coffee 01,CUST0118,5.1,2,Coffee,B1,M,F1,False,3.06
2024-11-24,TXN000375,SKU001,Snacks 01,CUST0036,8.26,1,Snacks,B2,L,F2,False,4.96
2024-11-24,TXN000375,SKU000,Coffee 01,CUST0036,5.1,3,Coffee,B1,M,F1,False,3.06
2024-11-24,TXN000532,SKU005,Household 01,CUST0053,5.37,1,Household,B3,L,F2,False,3.22
2024-11-24,TXN000532,SKU000,Coffee 01,CUST0053,5.1,1,Coffee,B1,M,F1,False,3.06
2024-11-24,TXN000532,SKU003,Bakery 01,CUST0053,7.92,3,Bakery,B1,S,F4,False,4.75
2024-11-24,TXN000532,SKU018,Beverages 03,CUST0053,6.03,2,Beverages,B1,M,F3,False,3.62
2024-11-24,TXN000624,SKU016,Coffee 03,CUST0063,10.8,2,Coffee,B2,L,F1,False,6.48
2024-11-24,TXN000624,SKU001,Snacks 01,CUST0063,8.26,2,Snacks,B2,L,F2,False,4.96
2024-11-24,TXN000814,SKU000,Coffee 01,CUST0081,5.1,3,Coffee,B1,M,F1,False,3.06
2024-11-24,TXN000814,SKU006,Personal Care 01,CUST0081,4.64,1,Personal Care,B1,S,F3,True,2.78
2024-11-24,TXN000814,SKU054,Personal Care 07,CUST0081,4.95,3,Personal Care,B1,M,F3,True,2.97
2024-11-24,TXN000814,SKU014,Personal Care 02,CUST0081,7.0,3,Personal Care,B3,M,F3,False,4.2
2024-11-24,TXN001081,SKU011,Bakery 02,CUST0109,10.55,2,Bakery,B3,S,F4,False,6.33
2024-11-24,TXN001081,SKU020,Dairy 03,CUST0109,17.08,3,Dairy,B3,S,F1,False,10.25
2024-11-24,TXN001081,SKU016,Coffee 03,CUST0109,10.8,1,Coffee,B2,L,F1,False,6.48
2024-11-25,TXN000102,SKU010,Beverages 02,CUST0009,4.77,2,Beverages,B2,M,F3,False,2.86
2024-11-25,TXN000102,SKU025,Snacks 04,CUST0009,6.63,1,Snacks,B2,M,F2,False,3.98
2024-11-25,TXN000102,SKU016,Coffee 03,CUST0009,10.8,3,Coffee,B2,L,F1,False,6.48
2024-11-25,TXN000102,SKU033,Snacks 05,CUST0009,6.13,2,Snacks,B1,S,F2,False,3.68
2024-11-25,TXN000102,SKU003,Bakery 01,CUST0009,7.92,3,Bakery,B1,S,F4,False,4.75
2024-11-25,TXN000102,SKU006,Personal Care 01,CUST0009,4.64,2,Personal Care,B1,S,F3,True,2.78
2024-11-25,TXN000155,SKU002,Beverages 01,CUST0014,5.73,3,Beverages,B3,M,F3,False,3.44
2024-11-25,TXN000155,SKU003,Bakery 01,CUST0014,7.92,2,Bakery,B1,S,F4,False,4.75
2024-11-25,TXN000155,SKU004,Dairy 01,CUST0014,3.85,3,Dairy,B2,M,F1,False,2.31
2024-11-25,TXN000155,SKU009,Snacks 02,CUST0014,3.57,1,Snacks,B1,M,F2,False,2.14
2024-11-25,TXN000155,SKU042,Beverages 06,CUST0014,4.5,1,Beverages,B1,M,F3,False,2.7
2024-11-25,TXN000155,SKU044,Dairy 06,CUST0014,25.4,2,Dairy,B3,M,F1,False,15.24
2024-11-25,TXN000454,SKU006,Personal Care 01,CUST0045,4.64,3,Personal Care,B1,S,F3,True,2.78
2024-11-25,TXN000454,SKU000,Coffee 01,CUST0045,5.1,3,Coffee,B1,M,F1,False,3.06
2024-11-25,TXN000454,SKU015,Pet 02,CUST0045,14.75,2,Pet,B1,M,F4,False,8.85
2024-11-25,TXN000454,SKU001,Snacks 01,CUST0045,8.26,2,Snacks,B2,L,F2,False,4.96
2024-11-25,TXN000454,SKU002,Beverages 01,CUST0045,5.73,2,Beverages,B3,M,F3,False,3.44
2024-11-25,TXN000493,SKU004,Dairy 01,CUST0048,3.85,3,Dairy,B2,M,F1,False,2.31
2024-11-25,TXN000493,SKU003,Bakery 01,CUST0048,7.92,1,Bakery,B1,S,F4,False,4.75
2024-11-25,TXN000524,SKU003,Bakery 01,CUST0052,7.92,3,Bakery,B1,S,F4,False,4.75
2024-11-25,TXN000524,SKU007,Pet 01,CUST0052,12.11,2,Pet,B2,L,F4,False,7.27
2024-11-25,TXN000524,SKU006,Personal Care 01,CUST0052,4.64,1,Personal Care,B1,S,F3,True,2.78
2024-11-25,TXN000524,SKU026,Beverages 04,CUST0052,4.0,1,Beverages,B3,M,F3,False,2.4
2024-11-25,TXN000524,SKU001,Snacks 01,CUST0052,8.26,1,Snacks,B2,L,F2,False,4.96
2024-11-25,TXN000524,SKU002,Beverages 01,CUST0052,5.73,1,Beverages,B3,M,F3,False,3.44
2024-11-25,TXN000679,SKU011,Bakery 02,CUST0069,10.55,2,Bakery,B3,S,F4,False,6.33
2024-11-25,TXN000679,SKU001,Snacks 01,CUST0069,8.26,2,Snacks,B2,L,F2,False,4.96
2024-11-25,TXN000679,SKU002,Beverages 01,CUST0069,5.73,2,Beverages,B3,M,F3,False,3.44
2024-11-25,TXN000901,SKU011,Bakery 02,CUST0090,10.55,3,Bakery,B3,S,F4,False,6.33
2024-11-25,TXN000901,SKU020,Dairy 03,CUST0090,17.08,2,Dairy,B3,S,F1,False,10.25
2024-11-25,TXN000901,SKU016,Coffee 03,CUST0090,10.8,3,Coffee,B2,L,F1,False,6.48
2024-11-25,TXN000901,SKU001,Snacks 01,CUST0090,8.26,1,Snacks,B2,L,F2,False,4.96
2024-11-25,TXN001082,SKU000,Coffee 01,CUST0109,5.1,1,Coffee,B1,M,F1,False,3.06
2024-11-25,TXN001082,SKU003,Bakery 01,CUST0109,7.92,1,Bakery,B1,S,F4,False,4.75
2024-11-25,TXN001082,SKU031,Pet 04,CUST0109,7.29,1,Pet,B2,S,F4,False,4.37
2024-11-25,TXN001082,SKU013,Household 02,CUST0109,5.73,1,Household,B2,M,F2,False,3.44
2024-11-26,TXN000194,SKU001,Snacks 01,CUST0018,8.26,2,Snacks,B2,L,F2,False,4.96
2024-11-26,TXN000194,SKU009,Snacks 02,CUST0018,3.57,2,Snacks,B1,M,F2,False,2.14
2024-11-26,TXN000194,SKU046,Personal Care 06,CUST0018,5.24,3,Personal Care,B2,S,F3,False,3.14
2024-11-26,TXN000402,SKU005,Household 01,CUST0039,5.37,1,Household,B3,L,F2,False,3.22
2024-11-26,TXN000402,SKU013,Household 02,CUST0039,5.73,1,Household,B2,M,F2,False,3.44
2024-11-26,TXN000402,SKU000,Coffee 01,CUST0039,5.1,1,Coffee,B1,M,F1,False,3.06
2024-11-26,TXN000504,SKU036,Dairy 05,CUST0051,10.18,3,Dairy,B1,M,F1,False,6.11
2024-11-26,TXN000504,SKU001,Snacks 01,CUST0051,8.26,3,Snacks,B2,L,F2,False,4.96
2024-11-26,TXN000504,SKU025,Snacks 04,CUST0051,6.63,3,Snacks,B2,M,F2,False,3.98
2024-11-27,TXN000468,SKU000,Coffee 01,CUST0046,5.1,1,Coffee,B1,M,F1,False,3.06
2024-11-27,TXN000468,SKU034,Beverages 05,CUST0046,13.18,2,Beverages,B2,M,F3,False,7.91
2024-11-27,TXN000468,SKU033,Snacks 05,CUST0046,6.13,3,Snacks,B1,S,F2,False,3.68
2024-11-27,TXN000468,SKU001,Snacks 01,CUST0046,8.26,3,Snacks,B2,L,F2,False,4.96
2024-11-27,TXN000468,SKU003,Bakery 01,CUST0046,7.92,3,Bakery,B1,S,F4,False,4.75
2024-11-27,TXN000468,SKU049,Snacks 07,CUST0046,6.71,1,Snacks,B2,L,F2,False,4.03
2024-11-27,TXN000657,SKU001,Snacks 01,CUST0066,8.26,2,Snacks,B2,L,F2,False,4.96
2024-11-27,TXN000657,SKU003,Bakery 01,CUST0066,7.92,1,Bakery,B1,S,F4,False,4.75
2024-11-27,TXN000657,SKU027,Bakery 04,CUST0066,7.34,2,Bakery,B1,L,F4,False,4.4
2024-11-27,TXN000657,SKU009,Snacks 02,CUST0066,3.57,3,Snacks,B1,M,F2,False,2.14
2024-11-27,TXN000657,SKU000,Coffee 01,CUST0066,5.1,1,Coffee,B1,M,F1,False,3.06
2024-11-27,TXN000657,SKU010,Beverages 02,CUST0066,4.77,3,Beverages,B2,M,F3,False,2.86
2024-11-27,TXN001123,SKU000,Coffee 01,CUST0114,5.1,3,Coffee,B1,M,F1,False,3.06
2024-11-27,TXN001123,SKU036,Dairy 05,CUST0114,10.18,2,Dairy,B1,M,F1,False,6.11
2024-11-27,TXN001123,SKU031,Pet 04,CUST0114,7.29,2,Pet,B2,S,F4,False,4.37
2024-11-28,TXN000478,SKU000,Coffee 01,CUST0048,5.1,2,Coffee,B1,M,F1,False,3.06
2024-11-28,TXN000478,SKU004,Dairy 01,CUST0048,3.85,3,Dairy,B2,M,F1,False,2.31
2024-11-28,TXN000478,SKU003,Bakery 01,CUST0048,7.92,3,Bakery,B1,S,F4,False,4.75
2024-11-28,TXN000478,SKU001,Snacks 01,CUST0048,8.26,2,Snacks,B2,L,F2,False,4.96
2024-11-28,TXN000662,SKU002,Beverages 01,CUST0066,5.73,2,Beverages,B3,M,F3,False,3.44
2024-11-28,TXN000662,SKU006,Personal Care 01,CUST0066,6.63,1,Personal Care,B1,S,F3,False,3.98
2024-11-28,TXN000662,SKU005,Household 01,CUST0066,5.37,3,Household,B3,L,F2,False,3.22
2024-11-28,TXN000662,SKU038,Personal Care 05,CUST0066,8.94,2,Personal Care,B3,L,F3,False,5.36
2024-11-28,TXN000662,SKU000,Coffee 01,CUST0066,5.1,2,Coffee,B1,M,F1,False,3.06
2024-11-28,TXN000662,SKU007,Pet 01,CUST0066,12.11,3,Pet,B2,L,F4,False,7.27
2024-11-29,TXN000180,SKU003,Bakery 01,CUST0017,7.92,2,Bakery,B1,S,F4,False,4.75
2024-11-29,TXN000180,SKU000,Coffee 01,CUST0017,5.1,3,Coffee,B1,M,F1,False,3.06
2024-11-29,TXN000225,SKU018,Beverages 03,CUST0021,6.03,1,Beverages,B1,M,F3,False,3.62
2024-11-29,TXN000225,SKU029,Household 04,CUST0021,14.03,3,Household,B3,M,F2,False,8.42
2024-11-29,TXN000225,SKU059,Bakery 08,CUST0021,12.61,1,Bakery,B3,M,F4,False,7.57
2024-11-29,TXN000225,SKU001,Snacks 01,CUST0021,8.26,2,Snacks,B2,L,F2,False,4.96
2024-11-29,TXN000225,SKU008,Coffee 02,CUST0021,13.87,2,Coffee,B3,M,F1,False,8.32
2024-11-29,TXN000225,SKU058,Beverages 08,CUST0021,4.61,2,Beverages,B2,L,F3,False,2.77
2024-11-29,TXN000316,SKU033,Snacks 05,CUST0032,6.13,3,Snacks,B1,S,F2,False,3.68
2024-11-29,TXN000316,SKU049,Snacks 07,CUST0032,6.71,2,Snacks,B2,L,F2,False,4.03
2024-11-29,TXN000316,SKU001,Snacks 01,CUST0032,8.26,2,Snacks,B2,L,F2,False,4.96
2024-11-29,TXN000316,SKU043,Bakery 06,CUST0032,8.09,2,Bakery,B2,L,F4,False,4.85
2024-11-29,TXN000316,SKU007,Pet 01,CUST0032,12.11,1,Pet,B2,L,F4,False,7.27
2024-11-29,TXN000316,SKU003,Bakery 01,CUST0032,7.92,1,Bakery,B1,S,F4,False,4.75
2024-11-29,TXN000452,SKU001,Snacks 01,CUST0045,8.26,3,Snacks,B2,L,F2,False,4.96
2024-11-29,TXN000452,SKU000,Coffee 01,CUST0045,5.1,2,Coffee,B1,M,F1,False,3.06
2024-11-29,TXN000452,SKU012,Dairy 02,CUST0045,2.47,3,Dairy,B1,S,F1,False,1.48
2024-11-29,TXN000452,SKU010,Beverages 02,CUST0045,4.77,1,Beverages,B2,M,F3,False,2.86
2024-11-30,TXN000862,SKU005,Household 01,CUST0087,5.37,1,Household,B3,L,F2,False,3.22
2024-11-30,TXN000862,SKU018,Beverages 03,CUST0087,6.03,2,Beverages,B1,M,F3,False,3.62
2024-11-30,TXN000862,SKU000,Coffee 01,CUST0087,5.1,1,Coffee,B1,M,F1,False,3.06
2024-11-30,TXN000862,SKU057,Snacks 08,CUST0087,8.52,1,Snacks,B1,M,F2,False,5.11
2024-11-30,TXN001049,SKU002,Beverages 01,CUST0108,5.73,2,Beverages,B3,M,F3,False,3.44
2024-11-30,TXN001049,SKU000,Coffee 01,CUST0108,5.1,2,Coffee,B1,M,F1,False,3.06
2024-11-30,TXN001049,SKU009,Snacks 02,CUST0108,3.57,2,Snacks,B1,M,F2,False,2.14
2024-11-30,TXN001049,SKU001,Snacks 01,CUST0108,8.26,1,Snacks,B2,L,F2,False,4.96
2024-11-30,TXN001049,SKU003,Bakery 01,CUST0108,7.92,2,Bakery,B1,S,F4,False,4.75
2024-11-30,TXN001049,SKU057,Snacks 08,CUST0108,8.52,2,Snacks,B1,M,F2,False,5.11
2024-11-30,TXN001056,SKU002,Beverages 01,CUST0108,5.73,3,Beverages,B3,M,F3,False,3.44
2024-11-30,TXN001056,SKU007,Pet 01,CUST0108,12.11,2,Pet,B2,L,F4,False,7.27
2024-11-30,TXN001056,SKU052,Dairy 07,CUST0108,9.84,1,Dairy,B2,S,F1,False,5.9
2024-11-30,TXN001056,SKU001,Snacks 01,CUST0108,8.26,2,Snacks,B2,L,F2,False,4.96
2024-12-01,TXN000140,SKU001,Snacks 01,CUST0012,8.26,2,Snacks,B2,L,F2,False,4.96
2024-12-01,TXN000140,SKU018,Beverages 03,CUST0012,6.03,3,Beverages,B1,M,F3,False,3.62
2024-12-01,TXN000140,SKU005,Household 01,CUST0012,5.37,3,Household,B3,L,F2,False,3.22
2024-12-01,TXN000674,SKU031,Pet 04,CUST0068,7.29,3,Pet,B2,S,F4,False,4.37
2024-12-01,TXN000674,SKU001,Snacks 01,CUST0068,8.26,3,Snacks,B2,L,F2,False,4.96
2024-12-01,TXN000674,SKU017,Snacks 03,CUST0068,6.17,1,Snacks,B3,M,F2,False,3.7
2024-12-01,TXN000674,SKU033,Snacks 05,CUST0068,6.13,3,Snacks,B1,S,F2,False,3.68
2024-12-01,TXN000674,SKU024,Coffee 04,CUST0068,6.91,2,Coffee,B1,S,F1,False,4.15
2024-12-01,TXN000674,SKU004,Dairy 01,CUST0068,3.85,1,Dairy,B2,M,F1,False,2.31
2024-12-01,TXN000692,SKU000,Coffee 01,CUST0069,5.1,1,Coffee,B1,M,F1,False,3.06
2024-12-01,TXN000692,SKU022,Personal Care 03,CUST0069,6.25,2,Personal Care,B2,M,F3,False,3.75
2024-12-01,TXN000692,SKU004,Dairy 01,CUST0069,3.85,1,Dairy,B2,M,F1,False,2.31
2024-12-01,TXN000692,SKU034,Beverages 05,CUST0069,13.18,3,Beverages,B2,M,F3,False,7.91
2024-12-01,TXN000692,SKU010,Beverages 02,CUST0069,4.77,1,Beverages,B2,M,F3,False,2.86
2024-12-01,TXN000692,SKU009,Snacks 02,CUST0069,3.57,3,Snacks,B1,M,F2,False,2.14
2024-12-01,TXN000964,SKU024,Coffee 04,CUST0096,6.91,1,Coffee,B1,S,F1,False,4.15
2024-12-01,TXN000964,SKU019,Bakery 03,CUST0096,6.44,2,Bakery,B2,L,F4,False,3.86
2024-12-01,TXN000964,SKU028,Dairy 04,CUST0096,5.79,2,Dairy,B2,M,F1,False,3.47
2024-12-01,TXN000964,SKU014,Personal Care 02,CUST0096,7.0,3,Personal Care,B3,M,F3,False,4.2
2024-12-01,TXN001092,SKU001,Snacks 01,CUST0111,8.26,3,Snacks,B2,L,F2,False,4.96
2024-12-01,TXN001092,SKU059,Bakery 08,CUST0111,12.61,2,Bakery,B3,M,F4,False,7.57
2024-12-01,TXN001092,SKU000,Coffee 01,CUST0111,5.1,2,Coffee,B1,M,F1,False,3.06
2024-12-01,TXN001092,SKU002,Beverages 01,CUST0111,5.73,3,Beverages,B3,M,F3,False,3.44
2024-12-01,TXN001092,SKU004,Dairy 01,CUST0111,3.85,1,Dairy,B2,M,F1,False,2.31
2024-12-01,TXN001092,SKU003,Bakery 01,CUST0111,7.92,2,Bakery,B1,S,F4,False,4.75
2024-12-02,TXN000051,SKU017,Snacks 03,CUST0003,6.17,1,Snacks,B3,M,F2,False,3.7
2024-12-02,TXN000051,SKU010,Beverages 02,CUST0003,4.77,3,Beverages,B2,M,F3,False,2.86
2024-12-02,TXN000197,SKU002,Beverages 01,CUST0019,5.73,3,Beverages,B3,M,F3,False,3.44
2024-12-02,TXN000197,SKU027,Bakery 04,CUST0019,7.34,1,Bakery,B1,L,F4,False,4.4
2024-12-02,TXN000197,SKU000,Coffee 01,CUST0019,5.1,1,Coffee,B1,M,F1,False,3.06
2024-12-02,TXN000197,SKU007,Pet 01,CUST0019,12.11,1,Pet,B2,L,F4,False,7.27
2024-12-02,TXN000197,SKU058,Beverages 08,CUST0019,4.61,3,Beverages,B2,L,F3,False,2.77
2024-12-02,TXN000279,SKU009,Snacks 02,CUST0027,3.57,1,Snacks,B1,M,F2,False,2.14
2024-12-02,TXN000279,SKU001,Snacks 01,CUST0027,8.26,2,Snacks,B2,L,F2,False,4.96
2024-12-02,TXN000279,SKU000,Coffee 01,CUST0027,5.1,1,Coffee,B1,M,F1,False,3.06
2024-12-02,TXN000279,SKU016,Coffee 03,CUST0027,10.8,2,Coffee,B2,L,F1,False,6.48
2024-12-02,TXN000279,SKU047,Pet 06,CUST0027,8.27,3,Pet,B3,M,F4,False,4.96
2024-12-02,TXN000279,SKU018,Beverages 03,CUST0027,6.03,2,Beverages,B1,M,F3,False,3.62
2024-12-02,TXN000610,SKU018,Beverages 03,CUST0061,6.03,3,Beverages,B1,M,F3,False,3.62
2024-12-02,TXN000610,SKU033,Snacks 05,CUST0061,6.13,1,Snacks,B1,S,F2,False,3.68
2024-12-02,TXN000610,SKU041,Snacks 06,CUST0061,6.25,3,Snacks,B3,L,F2,False,3.75
2024-12-02,TXN000664,SKU000,Coffee 01,CUST0066,5.1,3,Coffee,B1,M,F1,False,3.06
2024-12-02,TXN000664,SKU037,Household 05,CUST0066,3.63,3,Household,B2,S,F2,False,2.18
2024-12-03,TXN000015,SKU005,Household 01,CUST0000,5.37,1,Household,B3,L,F2,False,3.22
2024-12-03,TXN000015,SKU013,Household 02,CUST0000,5.73,1,Household,B2,M,F2,False,3.44
2024-12-03,TXN000015,SKU049,Snacks 07,CUST0000,6.71,1,Snacks,B2,L,F2,False,4.03
2024-12-03,TXN000015,SKU004,Dairy 01,CUST0000,3.85,2,Dairy,B2,M,F1,False,2.31
2024-12-03,TXN000015,SKU021,Household 03,CUST0000,5.84,3,Household,B1,S,F2,False,3.5
2024-12-03,TXN000030,SKU008,Coffee 02,CUST0002,13.87,1,Coffee,B3,M,F1,False,8.32
2024-12-03,TXN000030,SKU012,Dairy 02,CUST0002,2.47,3,Dairy,B1,S,F1,False,1.48
2024-12-03,TXN000030,SKU001,Snacks 01,CUST0002,8.26,1,Snacks,B2,L,F2,False,4.96
2024-12-03,TXN000030,SKU000,Coffee 01,CUST0002,5.1,3,Coffee,B1,M,F1,False,3.06
2024-12-03,TXN000030,SKU013,Household 02,CUST0002,5.73,2,Household,B2,M,F2,False,3.44
2024-12-03,TXN000030,SKU003,Bakery 01,CUST0002,7.92,3,Bakery,B1,S,F4,False,4.75
2024-12-03,TXN000062,SKU010,Beverages 02,CUST0005,4.77,3,Beverages,B2,M,F3,False,2.86
2024-12-03,TXN000062,SKU025,Snacks 04,CUST0005,6.63,1,Snacks,B2,M,F2,False,3.98
2024-12-03,TXN000062,SKU001,Snacks 01,CUST0005,8.26,2,Snacks,B2,L,F2,False,4.96
2024-12-03,TXN000062,SKU017,Snacks 03,CUST0005,6.17,3,Snacks,B3,M,F2,False,3.7
2024-12-03,TXN000242,SKU001,Snacks 01,CUST0024,8.26,1,Snacks,B2,L,F2,False,4.96
2024-12-03,TXN000242,SKU000,Coffee 01,CUST0024,5.1,2,Coffee,B1,M,F1,False,3.06
2024-12-03,TXN000242,SKU009,Snacks 02,CUST0024,3.57,3,Snacks,B1,M,F2,False,2.14
2024-12-03,TXN000242,SKU002,Beverages 01,CUST0024,5.73,1,Beverages,B3,M,F3,False,3.44
2024-12-03,TXN000333,SKU000,Coffee 01,CUST0033,5.1,1,Coffee,B1,M,F1,False,3.06
2024-12-03,TXN000333,SKU001,Snacks 01,CUST0033,8.26,3,Snacks,B2,L,F2,False,4.96
2024-12-03,TXN000333,SKU046,Personal Care 06,CUST0033,5.24,3,Personal Care,B2,S,F3,False,3.14
2024-12-03,TXN000333,SKU004,Dairy 01,CUST0033,3.85,3,Dairy,B2,M,F1,False,2.31
2024-12-03,TXN000333,SKU012,Dairy 02,CUST0033,2.47,1,Dairy,B1,S,F1,False,1.48
2024-12-03,TXN000475,SKU000,Coffee 01,CUST0047,5.1,2,Coffee,B1,M,F1,False,3.06
2024-12-03,TXN000475,SKU015,Pet 02,CUST0047,14.75,1,Pet,B1,M,F4,False,8.85
2024-12-03,TXN000475,SKU002,Beverages 01,CUST0047,5.73,1,Beverages,B3,M,F3,False,3.44
2024-12-03,TXN000475,SKU029,Household 04,CUST0047,14.03,2,Household,B3,M,F2,False,8.42
2024-12-03,TXN000513,SKU028,Dairy 04,CUST0051,5.79,1,Dairy,B2,M,F1,False,3.47
2024-12-03,TXN000513,SKU000,Coffee 01,CUST0051,5.1,2,Coffee,B1,M,F1,False,3.06
2024-12-03,TXN000513,SKU005,Household 01,CUST0051,5.37,3,Household,B3,L,F2,False,3.22
2024-12-03,TXN000661,SKU000,Coffee 01,CUST0066,5.1,3,Coffee,B1,M,F1,False,3.06
2024-12-03,TXN000661,SKU006,Personal Care 01,CUST0066,6.63,2,Personal Care,B1,S,F3,False,3.98
2024-12-03,TXN000661,SKU014,Personal Care 02,CUST0066,7.0,2,Personal Care,B3,M,F3,False,4.2
2024-12-03,TXN000661,SKU001,Snacks 01,CUST0066,8.26,3,Snacks,B2,L,F2,False,4.96
2024-12-03,TXN000661,SKU035,Bakery 05,CUST0066,7.37,3,Bakery,B3,S,F4,False,4.42
2024-12-03,TXN000828,SKU008,Coffee 02,CUST0084,13.87,3,Coffee,B3,M,F1,False,8.32
2024-12-03,TXN000828,SKU012,Dairy 02,CUST0084,2.47,1,Dairy,B1,S,F1,False,1.48
2024-12-03,TXN000828,SKU001,Snacks 01,CUST0084,8.26,2,Snacks,B2,L,F2,False,4.96
2024-12-03,TXN000828,SKU015,Pet 02,CUST0084,14.75,2,Pet,B1,M,F4,False,8.85
2024-12-03,TXN000858,SKU059,Bakery 08,CUST0087,12.61,2,Bakery,B3,M,F4,False,7.57
2024-12-03,TXN000858,SKU020,Dairy 03,CUST0087,17.08,1,Dairy,B3,S,F1,False,10.25
2024-12-03,TXN000858,SKU006,Personal Care 01,CUST0087,6.63,1,Personal Care,B1,S,F3,False,3.98
2024-12-03,TXN000912,SKU000,Coffee 01,CUST0091,5.1,1,Coffee,B1,M,F1,False,3.06
2024-12-03,TXN000912,SKU011,Bakery 02,CUST0091,10.55,2,Bakery,B3,S,F4,False,6.33
2024-12-03,TXN000912,SKU020,Dairy 03,CUST0091,17.08,1,Dairy,B3,S,F1,False,10.25
2024-12-03,TXN000912,SKU052,Dairy 07,CUST0091,9.84,1,Dairy,B2,S,F1,False,5.9
2024-12-03,TXN000912,SKU047,Pet 06,CUST0091,8.27,1,Pet,B3,M,F4,False,4.96
2024-12-03,TXN000912,SKU001,Snacks 01,CUST0091,8.26,3,Snacks,B2,L,F2,False,4.96
2024-12-03,TXN000954,SKU000,Coffee 01,CUST0096,5.1,2,Coffee,B1,M,F1,False,3.06
2024-12-03,TXN000954,SKU002,Beverages 01,CUST0096,5.73,1,Beverages,B3,M,F3,False,3.44
2024-12-03,TXN000954,SKU003,Bakery 01,CUST0096,7.92,1,Bakery,B1,S,F4,False,4.75
2024-12-04,TXN000510,SKU002,Beverages 01,CUST0051,5.73,1,Beverages,B3,M,F3,False,3.44
2024-12-04,TXN000510,SKU000,Coffee 01,CUST0051,5.1,2,Coffee,B1,M,F1,False,3.06
2024-12-04,TXN000510,SKU006,Personal Care 01,CUST0051,6.63,3,Personal Care,B1,S,F3,False,3.98
2024-12-04,TXN000510,SKU045,Household 06,CUST0051,4.68,3,Household,B1,M,F2,False,2.81
2024-12-04,TXN000510,SKU010,Beverages 02,CUST0051,4.77,1,Beverages,B2,M,F3,False,2.86
2024-12-04,TXN000521,SKU007,Pet 01,CUST0052,12.11,3,Pet,B2,L,F4,False,7.27
2024-12-04,TXN000521,SKU015,Pet 02,CUST0052,14.75,1,Pet,B1,M,F4,False,8.85
2024-12-04,TXN000521,SKU021,Household 03,CUST0052,5.84,1,Household,B1,S,F2,False,3.5
2024-12-04,TXN000730,SKU027,Bakery 04,CUST0075,7.34,2,Bakery,B1,L,F4,False,4.4
2024-12-04,TXN000730,SKU007,Pet 01,CUST0075,12.11,1,Pet,B2,L,F4,False,7.27
2024-12-04,TXN000730,SKU010,Beverages 02,CUST0075,4.77,1,Beverages,B2,M,F3,False,2.86
2024-12-04,TXN000730,SKU000,Coffee 01,CUST0075,5.1,3,Coffee,B1,M,F1,False,3.06
2024-12-04,TXN000888,SKU022,Personal Care 03,CUST0088,6.25,2,Personal Care,B2,M,F3,False,3.75
2024-12-04,TXN000888,SKU020,Dairy 03,CUST0088,17.08,2,Dairy,B3,S,F1,False,10.25
2024-12-04,TXN000888,SKU000,Coffee 01,CUST0088,5.1,3,Coffee,B1,M,F1,False,3.06
2024-12-05,TXN000232,SKU008,Coffee 02,CUST0022,13.87,1,Coffee,B3,M,F1,False,8.32
2024-12-05,TXN000232,SKU012,Dairy 02,CUST0022,2.47,1,Dairy,B1,S,F1,False,1.48
2024-12-05,TXN000232,SKU001,Snacks 01,CUST0022,8.26,1,Snacks,B2,L,F2,False,4.96
2024-12-05,TXN000232,SKU004,Dairy 01,CUST0022,3.85,1,Dairy,B2,M,F1,False,2.31
2024-12-05,TXN000232,SKU003,Bakery 01,CUST0022,7.92,3,Bakery,B1,S,F4,False,4.75
2024-12-05,TXN000240,SKU011,Bakery 02,CUST0023,10.55,2,Bakery,B3,S,F4,False,6.33
2024-12-05,TXN000240,SKU020,Dairy 03,CUST0023,17.08,3,Dairy,B3,S,F1,False,10.25
2024-12-05,TXN000240,SKU016,Coffee 03,CUST0023,10.8,3,Coffee,B2,L,F1,False,6.48
2024-12-05,TXN000264,SKU003,Bakery 01,CUST0025,7.92,3,Bakery,B1,S,F4,False,4.75
2024-12-05,TXN000264,SKU026,Beverages 04,CUST0025,4.0,3,Beverages,B3,M,F3,False,2.4
2024-12-05,TXN000264,SKU001,Snacks 01,CUST0025,8.26,1,Snacks,B2,L,F2,False,4.96
2024-12-05,TXN000287,SKU002,Beverages 01,CUST0028,5.73,1,Beverages,B3,M,F3,False,3.44
2024-12-05,TXN000287,SKU000,Coffee 01,CUST0028,5.1,2,Coffee,B1,M,F1,False,3.06
2024-12-05,TXN000287,SKU032,Coffee 05,CUST0028,10.67,2,Coffee,B3,S,F1,False,6.4
2024-12-05,TXN000448,SKU001,Snacks 01,CUST0045,8.26,2,Snacks,B2,L,F2,False,4.96
2024-12-05,TXN000448,SKU042,Beverages 06,CUST0045,4.5,2,Beverages,B1,M,F3,False,2.7
2024-12-05,TXN000448,SKU000,Coffee 01,CUST0045,5.1,1,Coffee,B1,M,F1,False,3.06
2024-12-05,TXN000448,SKU056,Coffee 08,CUST0045,4.14,1,Coffee,B3,L,F1,False,2.48
2024-12-05,TXN000448,SKU002,Beverages 01,CUST0045,5.73,1,Beverages,B3,M,F3,False,3.44
2024-12-05,TXN000455,SKU003,Bakery 01,CUST0045,7.92,3,Bakery,B1,S,F4,False,4.75
2024-12-05,TXN000455,SKU004,Dairy 01,CUST0045,3.85,1,Dairy,B2,M,F1,False,2.31
2024-12-05,TXN000455,SKU001,Snacks 01,CUST0045,8.26,3,Snacks,B2,L,F2,False,4.96
2024-12-05,TXN000455,SKU013,Household 02,CUST0045,5.73,3,Household,B2,M,F2,False,3.44
2024-12-05,TXN000593,SKU006,Personal Care 01,CUST0060,6.63,1,Personal Care,B1,S,F3,False,3.98
2024-12-05,TXN000593,SKU008,Coffee 02,CUST0060,13.87,2,Coffee,B3,M,F1,False,8.32
2024-12-05,TXN000593,SKU000,Coffee 01,CUST0060,5.1,1,Coffee,B1,M,F1,False,3.06
2024-12-05,TXN000593,SKU001,Snacks 01,CUST0060,8.26,1,Snacks,B2,L,F2,False,4.96
2024-12-05,TXN000594,SKU009,Snacks 02,CUST0060,3.57,2,Snacks,B1,M,F2,False,2.14
2024-12-05,TXN000594,SKU002,Beverages 01,CUST0060,5.73,1,Beverages,B3,M,F3,False,3.44
2024-12-05,TXN000594,SKU001,Snacks 01,CUST0060,8.26,2,Snacks,B2,L,F2,False,4.96
2024-12-05,TXN000594,SKU005,Household 01,CUST0060,5.37,2,Household,B3,L,F2,False,3.22
2024-12-05,TXN000594,SKU004,Dairy 01,CUST0060,3.85,2,Dairy,B2,M,F1,False,2.31
2024-12-05,TXN000594,SKU055,Pet 07,CUST0060,7.53,1,Pet,B2,S,F4,False,4.52
2024-12-05,TXN000626,SKU002,Beverages 01,CUST0063,5.73,3,Beverages,B3,M,F3,False,3.44
2024-12-05,TXN000626,SKU000,Coffee 01,CUST0063,5.1,3,Coffee,B1,M,F1,False,3.06
2024-12-05,TXN000626,SKU032,Coffee 05,CUST0063,10.67,2,Coffee,B3,S,F1,False,6.4
2024-12-05,TXN000648,SKU009,Snacks 02,CUST0066,3.57,1,Snacks,B1,M,F2,False,2.14
2024-12-05,TXN000648,SKU012,Dairy 02,CUST0066,2.47,3,Dairy,B1,S,F1,False,1.48
2024-12-05,TXN000648,SKU004,Dairy 01,CUST0066,3.85,1,Dairy,B2,M,F1,False,2.31
2024-12-05,TXN000648,SKU001,Snacks 01,CUST0066,8.26,1,Snacks,B2,L,F2,False,4.96
2024-12-05,TXN000709,SKU000,Coffee 01,CUST0072,5.1,2,Coffee,B1,M,F1,False,3.06
2024-12-05,TXN000709,SKU004,Dairy 01,CUST0072,3.85,2,Dairy,B2,M,F1,False,2.31
2024-12-05,TXN000709,SKU003,Bakery 01,CUST0072,7.92,1,Bakery,B1,S,F4,False,4.75
2024-12-05,TXN000829,SKU000,Coffee 01,CUST0084,5.1,3,Coffee,B1,M,F1,False,3.06
2024-12-05,TXN000829,SKU029,Household 04,CUST0084,14.03,1,Household,B3,M,F2,False,8.42
2024-12-05,TXN000829,SKU016,Coffee 03,CUST0084,10.8,2,Coffee,B2,L,F1,False,6.48
2024-12-05,TXN000936,SKU008,Coffee 02,CUST0094,13.87,1,Coffee,B3,M,F1,False,8.32
2024-12-05,TXN000936,SKU001,Snacks 01,CUST0094,8.26,3,Snacks,B2,L,F2,False,4.96
2024-12-05,TXN000936,SKU046,Personal Care 06,CUST0094,5.24,3,Personal Care,B2,S,F3,False,3.14
2024-12-05,TXN000936,SKU016,Coffee 03,CUST0094,10.8,1,Coffee,B2,L,F1,False,6.48
2024-12-05,TXN000936,SKU000,Coffee 01,CUST0094,5.1,2,Coffee,B1,M,F1,False,3.06
2024-12-06,TXN000002,SKU052,Dairy 07,CUST0000,9.84,2,Dairy,B2,S,F1,False,5.9
2024-12-06,TXN000002,SKU036,Dairy 05,CUST0000,10.18,1,Dairy,B1,M,F1,False,6.11
2024-12-06,TXN000002,SKU020,Dairy 03,CUST0000,17.08,2,Dairy,B3,S,F1,False,10.25
2024-12-06,TXN000002,SKU000,Coffee 01,CUST0000,5.1,1,Coffee,B1,M,F1,False,3.06
2024-12-06,TXN000002,SKU004,Dairy 01,CUST0000,3.85,3,Dairy,B2,M,F1,False,2.31
2024-12-06,TXN000154,SKU052,Dairy 07,CUST0013,9.84,2,Dairy,B2,S,F1,False,5.9
2024-12-06,TXN000154,SKU002,Beverages 01,CUST0013,5.73,1,Beverages,B3,M,F3,False,3.44
2024-12-06,TXN000154,SKU003,Bakery 01,CUST0013,7.92,2,Bakery,B1,S,F4,False,4.75
2024-12-06,TXN000154,SKU008,Coffee 02,CUST0013,13.87,1,Coffee,B3,M,F1,False,8.32
2024-12-06,TXN000318,SKU000,Coffee 01,CUST0032,5.1,3,Coffee,B1,M,F1,False,3.06
2024-12-06,TXN000318,SKU025,Snacks 04,CUST0032,6.63,2,Snacks,B2,M,F2,False,3.98
2024-12-06,TXN000318,SKU015,Pet 02,CUST0032,14.75,1,Pet,B1,M,F4,False,8.85
2024-12-06,TXN000318,SKU019,Bakery 03,CUST0032,6.44,3,Bakery,B2,L,F4,False,3.86
2024-12-06,TXN000542,SKU009,Snacks 02,CUST0054,3.57,2,Snacks,B1,M,F2,False,2.14
2024-12-06,TXN000542,SKU041,Snacks 06,CUST0054,6.25,2,Snacks,B3,L,F2,False,3.75
2024-12-06,TXN000542,SKU056,Coffee 08,CUST0054,4.14,2,Coffee,B3,L,F1,False,2.48
2024-12-06,TXN000713,SKU000,Coffee 01,CUST0072,5.1,1,Coffee,B1,M,F1,False,3.06
2024-12-06,TXN000713,SKU007,Pet 01,CUST0072,12.11,1,Pet,B2,L,F4,False,7.27
2024-12-06,TXN000713,SKU023,Pet 03,CUST0072,8.97,3,Pet,B3,S,F4,False,5.38
2024-12-06,TXN000713,SKU005,Household 01,CUST0072,5.37,3,Household,B3,L,F2,False,3.22
2024-12-06,TXN000713,SKU001,Snacks 01,CUST0072,8.26,1,Snacks,B2,L,F2,False,4.96
2024-12-06,TXN000713,SKU002,Beverages 01,CUST0072,5.73,1,Beverages,B3,M,F3,False,3.44
2024-12-06,TXN000902,SKU005,Household 01,CUST0090,5.37,3,Household,B3,L,F2,False,3.22
2024-12-06,TXN000902,SKU001,Snacks 01,CUST0090,8.26,3,Snacks,B2,L,F2,False,4.96
2024-12-06,TXN000902,SKU002,Beverages 01,CUST0090,5.73,3,Beverages,B3,M,F3,False,3.44
2024-12-06,TXN000902,SKU050,Beverages 07,CUST0090,6.6,2,Beverages,B3,M,F3,False,3.96
2024-12-06,TXN000902,SKU013,Household 02,CUST0090,5.73,3,Household,B2,M,F2,False,3.44
2024-12-06,TXN001046,SKU010,Beverages 02,CUST0106,4.77,2,Beverages,B2,M,F3,False,2.86
2024-12-06,TXN001046,SKU032,Coffee 05,CUST0106,10.67,1,Coffee,B3,S,F1,False,6.4
2024-12-06,TXN001046,SKU001,Snacks 01,CUST0106,8.26,2,Snacks,B2,L,F2,False,4.96
2024-12-06,TXN001103,SKU000,Coffee 01,CUST0112,5.1,1,Coffee,B1,M,F1,False,3.06
2024-12-06,TXN001103,SKU002,Beverages 01,CUST0112,5.73,3,Beverages,B3,M,F3,False,3.44
2024-12-06,TXN001103,SKU053,Household 07,CUST0112,4.18,3,Household,B3,M,F2,False,2.51
2024-12-06,TXN001103,SKU006,Personal Care 01,CUST0112,6.63,2,Personal Care,B1,S,F3,False,3.98
2024-12-07,TXN000174,SKU009,Snacks 02,CUST0015,3.57,2,Snacks,B1,M,F2,False,2.14
2024-12-07,TXN000174,SKU000,Coffee 01,CUST0015,5.1,2,Coffee,B1,M,F1,False,3.06
2024-12-07,TXN000174,SKU053,Household 07,CUST0015,4.18,2,Household,B3,M,F2,False,2.51
2024-12-07,TXN000174,SKU001,Snacks 01,CUST0015,8.26,3,Snacks,B2,L,F2,False,4.96
2024-12-07,TXN000551,SKU002,Beverages 01,CUST0054,5.73,1,Beverages,B3,M,F3,False,3.44
2024-12-07,TXN000551,SKU001,Snacks 01,CUST0054,8.26,2,Snacks,B2,L,F2,False,4.96
2024-12-07,TXN000551,SKU004,Dairy 01,CUST0054,3.85,3,Dairy,B2,M,F1,False,2.31
2024-12-07,TXN000551,SKU030,Personal Care 04,CUST0054,10.58,1,Personal Care,B1,M,F3,False,6.35
2024-12-07,TXN000551,SKU016,Coffee 03,CUST0054,10.8,2,Coffee,B2,L,F1,False,6.48
2024-12-07,TXN000623,SKU000,Coffee 01,CUST0062,5.1,3,Coffee,B1,M,F1,False,3.06
2024-12-07,TXN000623,SKU004,Dairy 01,CUST0062,3.85,1,Dairy,B2,M,F1,False,2.31
2024-12-07,TXN000623,SKU003,Bakery 01,CUST0062,7.92,2,Bakery,B1,S,F4,False,4.75
2024-12-07,TXN000627,SKU002,Beverages 01,CUST0063,5.73,3,Beverages,B3,M,F3,False,3.44
2024-12-07,TXN000627,SKU009,Snacks 02,CUST0063,3.57,1,Snacks,B1,M,F2,False,2.14
2024-12-07,TXN000627,SKU017,Snacks 03,CUST0063,6.17,2,Snacks,B3,M,F2,False,3.7
2024-12-07,TXN000627,SKU016,Coffee 03,CUST0063,10.8,3,Coffee,B2,L,F1,False,6.48
2024-12-07,TXN000627,SKU018,Beverages 03,CUST0063,6.03,2,Beverages,B1,M,F3,False,3.62
2024-12-07,TXN000627,SKU012,Dairy 02,CUST0063,2.47,3,Dairy,B1,S,F1,False,1.48
2024-12-07,TXN000803,SKU002,Beverages 01,CUST0081,5.73,3,Beverages,B3,M,F3,False,3.44
2024-12-07,TXN000803,SKU018,Beverages 03,CUST0081,6.03,2,Beverages,B1,M,F3,False,3.62
2024-12-07,TXN000803,SKU008,Coffee 02,CUST0081,13.87,1,Coffee,B3,M,F1,False,8.32
2024-12-07,TXN000803,SKU012,Dairy 02,CUST0081,2.47,2,Dairy,B1,S,F1,False,1.48
2024-12-07,TXN000803,SKU017,Snacks 03,CUST0081,6.17,1,Snacks,B3,M,F2,False,3.7
2024-12-07,TXN000803,SKU034,Beverages 05,CUST0081,13.18,1,Beverages,B2,M,F3,False,7.91
2024-12-07,TXN000847,SKU000,Coffee 01,CUST0085,5.1,1,Coffee,B1,M,F1,False,3.06
2024-12-07,TXN000847,SKU003,Bakery 01,CUST0085,7.92,2,Bakery,B1,S,F4,False,4.75
2024-12-08,TXN000275,SKU000,Coffee 01,CUST0027,5.1,1,Coffee,B1,M,F1,False,3.06
2024-12-08,TXN000275,SKU018,Beverages 03,CUST0027,6.03,1,Beverages,B1,M,F3,False,3.62
2024-12-08,TXN000422,SKU000,Coffee 01,CUST0041,5.1,2,Coffee,B1,M,F1,False,3.06
2024-12-08,TXN000422,SKU027,Bakery 04,CUST0041,7.34,2,Bakery,B1,L,F4,False,4.4
2024-12-08,TXN000422,SKU004,Dairy 01,CUST0041,3.85,1,Dairy,B2,M,F1,False,2.31
2024-12-08,TXN000422,SKU014,Personal Care 02,CUST0041,7.0,3,Personal Care,B3,M,F3,False,4.2
2024-12-08,TXN000422,SKU022,Personal Care 03,CUST0041,6.25,2,Personal Care,B2,M,F3,False,3.75
2024-12-08,TXN000531,SKU020,Dairy 03,CUST0053,17.08,2,Dairy,B3,S,F1,False,10.25
2024-12-08,TXN000531,SKU000,Coffee 01,CUST0053,5.1,3,Coffee,B1,M,F1,False,3.06
2024-12-08,TXN000751,SKU000,Coffee 01,CUST0076,5.1,1,Coffee,B1,M,F1,False,3.06
2024-12-08,TXN000751,SKU004,Dairy 01,CUST0076,3.85,2,Dairy,B2,M,F1,False,2.31
2024-12-08,TXN000751,SKU003,Bakery 01,CUST0076,7.92,3,Bakery,B1,S,F4,False,4.75
2024-12-08,TXN000751,SKU040,Coffee 06,CUST0076,2.41,1,Coffee,B2,S,F1,False,1.45
2024-12-08,TXN000751,SKU008,Coffee 02,CUST0076,13.87,3,Coffee,B3,M,F1,False,8.32
2024-12-08,TXN000751,SKU002,Beverages 01,CUST0076,5.73,3,Beverages,B3,M,F3,False,3.44
2024-12-08,TXN000759,SKU004,Dairy 01,CUST0077,3.85,1,Dairy,B2,M,F1,False,2.31
2024-12-08,TXN000759,SKU002,Beverages 01,CUST0077,5.73,2,Beverages,B3,M,F3,False,3.44
2024-12-08,TXN000988,SKU000,Coffee 01,CUST0099,5.1,1,Coffee,B1,M,F1,False,3.06
2024-12-08,TXN000988,SKU009,Snacks 02,CUST0099,3.57,3,Snacks,B1,M,F2,False,2.14
2024-12-08,TXN000988,SKU002,Beverages 01,CUST0099,5.73,3,Beverages,B3,M,F3,False,3.44
2024-12-09,TXN000031,SKU018,Beverages 03,CUST0003,6.03,3,Beverages,B1,M,F3,False,3.62
2024-12-09,TXN000031,SKU033,Snacks 05,CUST0003,6.13,3,Snacks,B1,S,F2,False,3.68
2024-12-09,TXN000031,SKU041,Snacks 06,CUST0003,6.25,1,Snacks,B3,L,F2,False,3.75
2024-12-09,TXN000031,SKU028,Dairy 04,CUST0003,5.79,3,Dairy,B2,M,F1,False,3.47
2024-12-09,TXN000219,SKU007,Pet 01,CUST0021,12.11,3,Pet,B2,L,F4,False,7.27
2024-12-09,TXN000219,SKU001,Snacks 01,CUST0021,8.26,2,Snacks,B2,L,F2,False,4.96
2024-12-09,TXN000219,SKU009,Snacks 02,CUST0021,3.57,3,Snacks,B1,M,F2,False,2.14
2024-12-09,TXN000219,SKU000,Coffee 01,CUST0021,5.1,2,Coffee,B1,M,F1,False,3.06
2024-12-09,TXN000219,SKU013,Household 02,CUST0021,5.73,3,Household,B2,M,F2,False,3.44
2024-12-09,TXN000295,SKU022,Personal Care 03,CUST0030,6.25,3,Personal Care,B2,M,F3,False,3.75
2024-12-09,TXN000295,SKU009,Snacks 02,CUST0030,3.57,2,Snacks,B1,M,F2,False,2.14
2024-12-09,TXN000295,SKU006,Personal Care 01,CUST0030,6.63,3,Personal Care,B1,S,F3,False,3.98
2024-12-09,TXN000295,SKU000,Coffee 01,CUST0030,5.1,3,Coffee,B1,M,F1,False,3.06
2024-12-09,TXN000295,SKU001,Snacks 01,CUST0030,8.26,2,Snacks,B2,L,F2,False,4.96
2024-12-09,TXN000587,SKU002,Beverages 01,CUST0058,5.73,2,Beverages,B3,M,F3,False,3.44
2024-12-09,TXN000587,SKU008,Coffee 02,CUST0058,13.87,1,Coffee,B3,M,F1,False,8.32
2024-12-09,TXN000587,SKU001,Snacks 01,CUST0058,8.26,2,Snacks,B2,L,F2,False,4.96
2024-12-09,TXN000587,SKU000,Coffee 01,CUST0058,5.1,2,Coffee,B1,M,F1,False,3.06
2024-12-09,TXN000587,SKU004,Dairy 01,CUST0058,3.85,1,Dairy,B2,M,F1,False,2.31
2024-12-09,TXN000587,SKU009,Snacks 02,CUST0058,3.57,3,Snacks,B1,M,F2,False,2.14
2024-12-09,TXN000763,SKU057,Snacks 08,CUST0078,8.52,3,Snacks,B1,M,F2,False,5.11
2024-12-09,TXN000763,SKU014,Personal Care 02,CUST0078,7.0,1,Personal Care,B3,M,F3,False,4.2
2024-12-09,TXN000859,SKU006,Personal Care 01,CUST0087,6.63,3,Personal Care,B1,S,F3,False,3.98
2024-12-09,TXN000859,SKU000,Coffee 01,CUST0087,5.1,2,Coffee,B1,M,F1,False,3.06
2024-12-09,TXN000859,SKU049,Snacks 07,CUST0087,6.71,3,Snacks,B2,L,F2,False,4.03
2024-12-10,TXN000397,SKU001,Snacks 01,CUST0039,8.26,3,Snacks,B2,L,F2,False,4.96
2024-12-10,TXN000397,SKU059,Bakery 08,CUST0039,12.61,1,Bakery,B3,M,F4,False,7.57
2024-12-10,TXN000404,SKU008,Coffee 02,CUST0039,13.87,1,Coffee,B3,M,F1,False,8.32
2024-12-10,TXN000404,SKU001,Snacks 01,CUST0039,8.26,2,Snacks,B2,L,F2,False,4.96
2024-12-10,TXN000404,SKU002,Beverages 01,CUST0039,5.73,2,Beverages,B3,M,F3,False,3.44
2024-12-10,TXN000404,SKU013,Household 02,CUST0039,5.73,1,Household,B2,M,F2,False,3.44
2024-12-10,TXN000404,SKU011,Bakery 02,CUST0039,10.55,3,Bakery,B3,S,F4,False,6.33
2024-12-10,TXN000404,SKU000,Coffee 01,CUST0039,5.1,2,Coffee,B1,M,F1,False,3.06
2024-12-10,TXN000689,SKU000,Coffee 01,CUST0069,5.1,3,Coffee,B1,M,F1,False,3.06
2024-12-10,TXN000689,SKU028,Dairy 04,CUST0069,5.79,1,Dairy,B2,M,F1,False,3.47
2024-12-10,TXN001036,SKU000,Coffee 01,CUST0105,5.1,2,Coffee,B1,M,F1,False,3.06
2024-12-10,TXN001036,SKU050,Beverages 07,CUST0105,6.6,1,Beverages,B3,M,F3,False,3.96
2024-12-10,TXN001036,SKU024,Coffee 04,CUST0105,6.91,3,Coffee,B1,S,F1,False,4.15
2024-12-10,TXN001036,SKU049,Snacks 07,CUST0105,6.71,2,Snacks,B2,L,F2,False,4.03
2024-12-10,TXN001036,SKU001,Snacks 01,CUST0105,8.26,1,Snacks,B2,L,F2,False,4.96
2024-12-10,TXN001036,SKU003,Bakery 01,CUST0105,7.92,1,Bakery,B1,S,F4,False,4.75
2024-12-11,TXN000244,SKU005,Household 01,CUST0024,5.37,3,Household,B3,L,F2,False,3.22
2024-12-11,TXN000244,SKU013,Household 02,CUST0024,5.73,2,Household,B2,M,F2,False,3.44
2024-12-11,TXN000244,SKU002,Beverages 01,CUST0024,5.73,3,Beverages,B3,M,F3,False,3.44
2024-12-11,TXN000284,SKU003,Bakery 01,CUST0028,7.92,1,Bakery,B1,S,F4,False,4.75
2024-12-11,TXN000284,SKU022,Personal Care 03,CUST0028,6.25,2,Personal Care,B2,M,F3,False,3.75
2024-12-11,TXN000284,SKU005,Household 01,CUST0028,5.37,3,Household,B3,L,F2,False,3.22
2024-12-11,TXN000284,SKU056,Coffee 08,CUST0028,4.14,3,Coffee,B3,L,F1,False,2.48
2024-12-11,TXN000284,SKU000,Coffee 01,CUST0028,5.1,1,Coffee,B1,M,F1,False,3.06
2024-12-11,TXN000424,SKU005,Household 01,CUST0042,5.37,1,Household,B3,L,F2,False,3.22
2024-12-11,TXN000424,SKU042,Beverages 06,CUST0042,4.5,2,Beverages,B1,M,F3,False,2.7
2024-12-11,TXN000424,SKU009,Snacks 02,CUST0042,3.57,2,Snacks,B1,M,F2,False,2.14
2024-12-11,TXN000428,SKU003,Bakery 01,CUST0042,7.92,1,Bakery,B1,S,F4,False,4.75
2024-12-11,TXN000428,SKU016,Coffee 03,CUST0042,10.8,2,Coffee,B2,L,F1,False,6.48
2024-12-11,TXN000428,SKU040,Coffee 06,CUST0042,2.41,3,Coffee,B2,S,F1,False,1.45
2024-12-11,TXN000428,SKU023,Pet 03,CUST0042,8.97,3,Pet,B3,S,F4,False,5.38
2024-12-11,TXN000428,SKU002,Beverages 01,CUST0042,5.73,2,Beverages,B3,M,F3,False,3.44
2024-12-11,TXN000529,SKU001,Snacks 01,CUST0053,8.26,3,Snacks,B2,L,F2,False,4.96
2024-12-11,TXN000529,SKU020,Dairy 03,CUST0053,17.08,1,Dairy,B3,S,F1,False,10.25
2024-12-11,TXN000529,SKU000,Coffee 01,CUST0053,5.1,3,Coffee,B1,M,F1,False,3.06
2024-12-11,TXN000608,SKU000,Coffee 01,CUST0060,5.1,2,Coffee,B1,M,F1,False,3.06
2024-12-11,TXN000608,SKU005,Household 01,CUST0060,5.37,2,Household,B3,L,F2,False,3.22
2024-12-11,TXN000608,SKU006,Personal Care 01,CUST0060,6.63,1,Personal Care,B1,S,F3,False,3.98
2024-12-11,TXN000608,SKU011,Bakery 02,CUST0060,10.55,1,Bakery,B3,S,F4,False,6.33
2024-12-11,TXN000608,SKU002,Beverages 01,CUST0060,5.73,3,Beverages,B3,M,F3,False,3.44
2024-12-11,TXN000608,SKU012,Dairy 02,CUST0060,2.47,1,Dairy,B1,S,F1,False,1.48
2024-12-11,TXN000656,SKU006,Personal Care 01,CUST0066,6.63,2,Personal Care,B1,S,F3,False,3.98
2024-12-11,TXN000656,SKU007,Pet 01,CUST0066,12.11,1,Pet,B2,L,F4,False,7.27
2024-12-11,TXN000656,SKU000,Coffee 01,CUST0066,5.1,2,Coffee,B1,M,F1,False,3.06
2024-12-11,TXN000656,SKU008,Coffee 02,CUST0066,13.87,3,Coffee,B3,M,F1,False,8.32
2024-12-11,TXN000656,SKU003,Bakery 01,CUST0066,7.92,3,Bakery,B1,S,F4,False,4.75
2024-12-11,TXN000656,SKU015,Pet 02,CUST0066,14.75,1,Pet,B1,M,F4,False,8.85
2024-12-11,TXN000774,SKU000,Coffee 01,CUST0078,5.1,2,Coffee,B1,M,F1,False,3.06
2024-12-11,TXN000774,SKU034,Beverages 05,CUST0078,13.18,1,Beverages,B2,M,F3,False,7.91
2024-12-11,TXN000774,SKU007,Pet 01,CUST0078,12.11,3,Pet,B2,L,F4,False,7.27
2024-12-11,TXN000774,SKU022,Personal Care 03,CUST0078,6.25,3,Personal Care,B2,M,F3,False,3.75
2024-12-11,TXN000774,SKU001,Snacks 01,CUST0078,8.26,1,Snacks,B2,L,F2,False,4.96
2024-12-11,TXN001068,SKU000,Coffee 01,CUST0108,5.1,2,Coffee,B1,M,F1,False,3.06
2024-12-11,TXN001068,SKU003,Bakery 01,CUST0108,7.92,2,Bakery,B1,S,F4,False,4.75
2024-12-12,TXN000034,SKU003,Bakery 01,CUST0003,7.92,1,Bakery,B1,S,F4,False,4.75
2024-12-12,TXN000034,SKU001,Snacks 01,CUST0003,8.26,2,Snacks,B2,L,F2,False,4.96
2024-12-12,TXN000048,SKU002,Beverages 01,CUST0003,5.73,1,Beverages,B3,M,F3,False,3.44
2024-12-12,TXN000048,SKU009,Snacks 02,CUST0003,3.57,1,Snacks,B1,M,F2,False,2.14
2024-12-12,TXN000048,SKU017,Snacks 03,CUST0003,6.17,2,Snacks,B3,M,F2,False,3.7
2024-12-12,TXN000048,SKU000,Coffee 01,CUST0003,5.1,3,Coffee,B1,M,F1,False,3.06
2024-12-12,TXN000048,SKU020,Dairy 03,CUST0003,17.08,1,Dairy,B3,S,F1,False,10.25
2024-12-12,TXN000048,SKU039,Pet 05,CUST0003,2.92,1,Pet,B1,S,F4,False,1.75
2024-12-12,TXN000110,SKU000,Coffee 01,CUST0009,5.1,2,Coffee,B1,M,F1,False,3.06
2024-12-12,TXN000110,SKU001,Snacks 01,CUST0009,8.26,3,Snacks,B2,L,F2,False,4.96
2024-12-12,TXN000110,SKU029,Household 04,CUST0009,14.03,1,Household,B3,M,F2,False,8.42
2024-12-12,TXN000110,SKU008,Coffee 02,CUST0009,13.87,3,Coffee,B3,M,F1,False,8.32
2024-12-12,TXN000110,SKU017,Snacks 03,CUST0009,6.17,2,Snacks,B3,M,F2,False,3.7
2024-12-12,TXN000677,SKU014,Personal Care 02,CUST0069,7.0,1,Personal Care,B3,M,F3,False,4.2
2024-12-12,TXN000677,SKU028,Dairy 04,CUST0069,5.79,1,Dairy,B2,M,F1,False,3.47
2024-12-12,TXN000677,SKU015,Pet 02,CUST0069,14.75,2,Pet,B1,M,F4,False,8.85
2024-12-12,TXN001156,SKU000,Coffee 01,CUST0119,5.1,2,Coffee,B1,M,F1,False,3.06
2024-12-12,TXN001156,SKU052,Dairy 07,CUST0119,9.84,3,Dairy,B2,S,F1,False,5.9
2024-12-12,TXN001156,SKU012,Dairy 02,CUST0119,2.47,1,Dairy,B1,S,F1,False,1.48
2024-12-12,TXN001156,SKU022,Personal Care 03,CUST0119,6.25,3,Personal Care,B2,M,F3,False,3.75
2024-12-12,TXN001156,SKU005,Household 01,CUST0119,5.37,3,Household,B3,L,F2,False,3.22
2024-12-13,TXN000189,SKU010,Beverages 02,CUST0018,4.77,1,Beverages,B2,M,F3,False,2.86
2024-12-13,TXN000189,SKU025,Snacks 04,CUST0018,6.63,1,Snacks,B2,M,F2,False,3.98
2024-12-13,TXN000189,SKU018,Beverages 03,CUST0018,6.03,1,Beverages,B1,M,F3,False,3.62
2024-12-13,TXN000484,SKU001,Snacks 01,CUST0048,8.26,1,Snacks,B2,L,F2,False,4.96
2024-12-13,TXN000484,SKU016,Coffee 03,CUST0048,10.8,2,Coffee,B2,L,F1,False,6.48
2024-12-13,TXN000484,SKU006,Personal Care 01,CUST0048,6.63,1,Personal Care,B1,S,F3,False,3.98
2024-12-13,TXN000484,SKU041,Snacks 06,CUST0048,6.25,2,Snacks,B3,L,F2,False,3.75
2024-12-13,TXN000604,SKU000,Coffee 01,CUST0060,5.1,1,Coffee,B1,M,F1,False,3.06
2024-12-13,TXN000604,SKU001,Snacks 01,CUST0060,8.26,1,Snacks,B2,L,F2,False,4.96
2024-12-13,TXN000604,SKU028,Dairy 04,CUST0060,5.79,1,Dairy,B2,M,F1,False,3.47
2024-12-13,TXN000604,SKU009,Snacks 02,CUST0060,3.57,3,Snacks,B1,M,F2,False,2.14
2024-12-13,TXN000604,SKU007,Pet 01,CUST0060,12.11,1,Pet,B2,L,F4,False,7.27
2024-12-13,TXN000604,SKU042,Beverages 06,CUST0060,4.5,3,Beverages,B1,M,F3,False,2.7
2024-12-13,TXN000643,SKU039,Pet 05,CUST0064,2.92,2,Pet,B1,S,F4,False,1.75
2024-12-13,TXN000643,SKU034,Beverages 05,CUST0064,13.18,3,Beverages,B2,M,F3,False,7.91
2024-12-13,TXN000643,SKU000,Coffee 01,CUST0064,5.1,2,Coffee,B1,M,F1,False,3.06
2024-12-13,TXN000643,SKU003,Bakery 01,CUST0064,7.92,3,Bakery,B1,S,F4,False,4.75
2024-12-13,TXN000643,SKU017,Snacks 03,CUST0064,6.17,1,Snacks,B3,M,F2,False,3.7
2024-12-13,TXN000643,SKU001,Snacks 01,CUST0064,8.26,3,Snacks,B2,L,F2,False,4.96
2024-12-13,TXN000768,SKU009,Snacks 02,CUST0078,3.57,3,Snacks,B1,M,F2,False,2.14
2024-12-13,TXN000768,SKU037,Household 05,CUST0078,3.63,2,Household,B2,S,F2,False,2.18
2024-12-13,TXN000768,SKU014,Personal Care 02,CUST0078,7.0,1,Personal Care,B3,M,F3,False,4.2
2024-12-13,TXN000768,SKU006,Personal Care 01,CUST0078,6.63,2,Personal Care,B1,S,F3,False,3.98
2024-12-14,TXN000491,SKU003,Bakery 01,CUST0048,7.92,1,Bakery,B1,S,F4,False,4.75
2024-12-14,TXN000491,SKU005,Household 01,CUST0048,5.37,3,Household,B3,L,F2,False,3.22
2024-12-14,TXN000491,SKU000,Coffee 01,CUST0048,5.1,2,Coffee,B1,M,F1,False,3.06
2024-12-14,TXN000491,SKU030,Personal Care 04,CUST0048,10.58,2,Personal Care,B1,M,F3,False,6.35
2024-12-14,TXN000491,SKU015,Pet 02,CUST0048,14.75,1,Pet,B1,M,F4,False,8.85
2024-12-14,TXN000578,SKU001,Snacks 01,CUST0057,8.26,2,Snacks,B2,L,F2,False,4.96
2024-12-14,TXN000578,SKU004,Dairy 01,CUST0057,3.85,2,Dairy,B2,M,F1,False,2.31
2024-12-14,TXN000578,SKU015,Pet 02,CUST0057,14.75,3,Pet,B1,M,F4,False,8.85
2024-12-14,TXN000578,SKU018,Beverages 03,CUST0057,6.03,1,Beverages,B1,M,F3,False,3.62
2024-12-14,TXN000578,SKU010,Beverages 02,CUST0057,4.77,1,Beverages,B2,M,F3,False,2.86
2024-12-14,TXN000739,SKU015,Pet 02,CUST0075,14.75,1,Pet,B1,M,F4,False,8.85
2024-12-14,TXN000739,SKU000,Coffee 01,CUST0075,5.1,2,Coffee,B1,M,F1,False,3.06
2024-12-14,TXN000739,SKU028,Dairy 04,CUST0075,5.79,2,Dairy,B2,M,F1,False,3.47
2024-12-14,TXN000739,SKU047,Pet 06,CUST0075,8.27,3,Pet,B3,M,F4,False,4.96
2024-12-14,TXN000739,SKU013,Household 02,CUST0075,5.73,3,Household,B2,M,F2,False,3.44
2024-12-14,TXN000739,SKU005,Household 01,CUST0075,5.37,2,Household,B3,L,F2,False,3.22
2024-12-14,TXN000752,SKU039,Pet 05,CUST0076,2.92,2,Pet,B1,S,F4,False,1.75
2024-12-14,TXN000752,SKU027,Bakery 04,CUST0076,7.34,3,Bakery,B1,L,F4,False,4.4
2024-12-14,TXN000752,SKU024,Coffee 04,CUST0076,6.91,1,Coffee,B1,S,F1,False,4.15
2024-12-14,TXN000905,SKU001,Snacks 01,CUST0090,8.26,2,Snacks,B2,L,F2,False,4.96
2024-12-14,TXN000905,SKU013,Household 02,CUST0090,5.73,3,Household,B2,M,F2,False,3.44
2024-12-14,TXN000905,SKU021,Household 03,CUST0090,5.84,1,Household,B1,S,F2,False,3.5
2024-12-14,TXN000905,SKU002,Beverages 01,CUST0090,5.73,3,Beverages,B3,M,F3,False,3.44
2024-12-14,TXN000905,SKU046,Personal Care 06,CUST0090,5.24,2,Personal Care,B2,S,F3,False,3.14
2024-12-14,TXN000905,SKU000,Coffee 01,CUST0090,5.1,3,Coffee,B1,M,F1,False,3.06
2024-12-14,TXN000969,SKU002,Beverages 01,CUST0097,5.73,1,Beverages,B3,M,F3,False,3.44
2024-12-14,TXN000969,SKU000,Coffee 01,CUST0097,5.1,2,Coffee,B1,M,F1,False,3.06
2024-12-15,TXN000301,SKU005,Household 01,CUST0030,5.37,1,Household,B3,L,F2,False,3.22
2024-12-15,TXN000301,SKU000,Coffee 01,CUST0030,5.1,3,Coffee,B1,M,F1,False,3.06
2024-12-15,TXN000301,SKU013,Household 02,CUST0030,5.73,1,Household,B2,M,F2,False,3.44
2024-12-15,TXN000301,SKU047,Pet 06,CUST0030,8.27,3,Pet,B3,M,F4,False,4.96
2024-12-15,TXN000301,SKU026,Beverages 04,CUST0030,4.0,1,Beverages,B3,M,F3,False,2.4
2024-12-15,TXN000322,SKU023,Pet 03,CUST0033,8.97,3,Pet,B3,S,F4,False,5.38
2024-12-15,TXN000322,SKU029,Household 04,CUST0033,14.03,3,Household,B3,M,F2,False,8.42
2024-12-15,TXN000322,SKU000,Coffee 01,CUST0033,5.1,2,Coffee,B1,M,F1,False,3.06
2024-12-15,TXN000322,SKU008,Coffee 02,CUST0033,13.87,1,Coffee,B3,M,F1,False,8.32
2024-12-15,TXN000322,SKU001,Snacks 01,CUST0033,8.26,3,Snacks,B2,L,F2,False,4.96
2024-12-15,TXN000676,SKU000,Coffee 01,CUST0069,5.1,1,Coffee,B1,M,F1,False,3.06
2024-12-15,TXN000676,SKU012,Dairy 02,CUST0069,2.47,1,Dairy,B1,S,F1,False,1.48
2024-12-15,TXN000676,SKU015,Pet 02,CUST0069,14.75,2,Pet,B1,M,F4,False,8.85
2024-12-15,TXN000676,SKU006,Personal Care 01,CUST0069,6.63,1,Personal Care,B1,S,F3,False,3.98
2024-12-15,TXN000676,SKU022,Personal Care 03,CUST0069,6.25,2,Personal Care,B2,M,F3,False,3.75
2024-12-15,TXN000915,SKU010,Beverages 02,CUST0091,4.77,2,Beverages,B2,M,F3,False,2.86
2024-12-15,TXN000915,SKU025,Snacks 04,CUST0091,6.63,1,Snacks,B2,M,F2,False,3.98
2024-12-15,TXN000915,SKU026,Beverages 04,CUST0091,4.0,1,Beverages,B3,M,F3,False,2.4
2024-12-15,TXN000915,SKU005,Household 01,CUST0091,5.37,3,Household,B3,L,F2,False,3.22
2024-12-15,TXN000915,SKU002,Beverages 01,CUST0091,5.73,2,Beverages,B3,M,F3,False,3.44
2024-12-15,TXN000915,SKU055,Pet 07,CUST0091,7.53,2,Pet,B2,S,F4,False,4.52
2024-12-15,TXN000999,SKU005,Household 01,CUST0102,5.37,1,Household,B3,L,F2,False,3.22
2024-12-15,TXN000999,SKU013,Household 02,CUST0102,5.73,1,Household,B2,M,F2,False,3.44
2024-12-16,TXN000336,SKU044,Dairy 06,CUST0033,25.4,3,Dairy,B3,M,F1,False,15.24
2024-12-16,TXN000336,SKU002,Beverages 01,CUST0033,5.73,3,Beverages,B3,M,F3,False,3.44
2024-12-16,TXN000336,SKU027,Bakery 04,CUST0033,7.34,1,Bakery,B1,L,F4,False,4.4
2024-12-16,TXN000649,SKU002,Beverages 01,CUST0066,5.73,2,Beverages,B3,M,F3,False,3.44
2024-12-16,TXN000649,SKU009,Snacks 02,CUST0066,3.57,1,Snacks,B1,M,F2,False,2.14
2024-12-16,TXN000649,SKU017,Snacks 03,CUST0066,6.17,3,Snacks,B3,M,F2,False,3.7
2024-12-16,TXN000818,SKU042,Beverages 06,CUST0081,4.5,3,Beverages,B1,M,F3,False,2.7
2024-12-16,TXN000818,SKU011,Bakery 02,CUST0081,10.55,1,Bakery,B3,S,F4,False,6.33
2024-12-16,TXN000818,SKU000,Coffee 01,CUST0081,5.1,1,Coffee,B1,M,F1,False,3.06
2024-12-16,TXN000818,SKU001,Snacks 01,CUST0081,8.26,2,Snacks,B2,L,F2,False,4.96
2024-12-16,TXN000818,SKU050,Beverages 07,CUST0081,6.6,2,Beverages,B3,M,F3,False,3.96
2024-12-16,TXN000818,SKU002,Beverages 01,CUST0081,5.73,2,Beverages,B3,M,F3,False,3.44
2024-12-16,TXN000989,SKU000,Coffee 01,CUST0100,5.1,1,Coffee,B1,M,F1,False,3.06
2024-12-16,TXN000989,SKU001,Snacks 01,CUST0100,8.26,3,Snacks,B2,L,F2,False,4.96
2024-12-16,TXN000989,SKU053,Household 07,CUST0100,4.18,2,Household,B3,M,F2,False,2.51
2024-12-16,TXN000989,SKU002,Beverages 01,CUST0100,5.73,3,Beverages,B3,M,F3,False,3.44
2024-12-16,TXN000989,SKU005,Household 01,CUST0100,5.37,3,Household,B3,L,F2,False,3.22
2024-12-16,TXN000989,SKU017,Snacks 03,CUST0100,6.17,3,Snacks,B3,M,F2,False,3.7
2024-12-16,TXN001085,SKU035,Bakery 05,CUST0110,7.37,1,Bakery,B3,S,F4,False,4.42
2024-12-16,TXN001085,SKU002,Beverages 01,CUST0110,5.73,1,Beverages,B3,M,F3,False,3.44
2024-12-16,TXN001085,SKU020,Dairy 03,CUST0110,17.08,1,Dairy,B3,S,F1,False,10.25
2024-12-16,TXN001085,SKU000,Coffee 01,CUST0110,5.1,2,Coffee,B1,M,F1,False,3.06
2024-12-16,TXN001085,SKU017,Snacks 03,CUST0110,6.17,1,Snacks,B3,M,F2,False,3.7
2024-12-17,TXN000307,SKU024,Coffee 04,CUST0030,6.91,2,Coffee,B1,S,F1,False,4.15
2024-12-17,TXN000307,SKU019,Bakery 03,CUST0030,6.44,1,Bakery,B2,L,F4,False,3.86
2024-12-17,TXN000307,SKU028,Dairy 04,CUST0030,5.79,2,Dairy,B2,M,F1,False,3.47
2024-12-17,TXN000392,SKU001,Snacks 01,CUST0039,8.26,1,Snacks,B2,L,F2,False,4.96
2024-12-17,TXN000392,SKU000,Coffee 01,CUST0039,5.1,1,Coffee,B1,M,F1,False,3.06
2024-12-17,TXN000392,SKU019,Bakery 03,CUST0039,6.44,3,Bakery,B2,L,F4,False,3.86
2024-12-17,TXN000392,SKU047,Pet 06,CUST0039,8.27,3,Pet,B3,M,F4,False,4.96
2024-12-17,TXN000588,SKU008,Coffee 02,CUST0058,13.87,3,Coffee,B3,M,F1,False,8.32
2024-12-17,TXN000588,SKU012,Dairy 02,CUST0058,2.47,2,Dairy,B1,S,F1,False,1.48
2024-12-17,TXN000588,SKU001,Snacks 01,CUST0058,8.26,3,Snacks,B2,L,F2,False,4.96
2024-12-17,TXN000588,SKU003,Bakery 01,CUST0058,7.92,3,Bakery,B1,S,F4,False,4.75
2024-12-17,TXN000588,SKU020,Dairy 03,CUST0058,17.08,3,Dairy,B3,S,F1,False,10.25
2024-12-17,TXN000634,SKU005,Household 01,CUST0063,5.37,3,Household,B3,L,F2,False,3.22
2024-12-17,TXN000634,SKU013,Household 02,CUST0063,5.73,3,Household,B2,M,F2,False,3.44
2024-12-17,TXN000637,SKU000,Coffee 01,CUST0063,5.1,2,Coffee,B1,M,F1,False,3.06
2024-12-17,TXN000637,SKU043,Bakery 06,CUST0063,8.09,1,Bakery,B2,L,F4,False,4.85
2024-12-17,TXN000637,SKU011,Bakery 02,CUST0063,10.55,2,Bakery,B3,S,F4,False,6.33
2024-12-17,TXN000637,SKU047,Pet 06,CUST0063,8.27,1,Pet,B3,M,F4,False,4.96
2024-12-17,TXN000637,SKU025,Snacks 04,CUST0063,6.63,2,Snacks,B2,M,F2,False,3.98
2024-12-17,TXN000637,SKU042,Beverages 06,CUST0063,4.5,1,Beverages,B1,M,F3,False,2.7
2024-12-17,TXN000746,SKU002,Beverages 01,CUST0076,5.73,2,Beverages,B3,M,F3,False,3.44
2024-12-17,TXN000746,SKU009,Snacks 02,CUST0076,3.57,2,Snacks,B1,M,F2,False,2.14
2024-12-17,TXN000746,SKU017,Snacks 03,CUST0076,6.17,3,Snacks,B3,M,F2,False,3.7
2024-12-17,TXN000764,SKU011,Bakery 02,CUST0078,10.55,3,Bakery,B3,S,F4,False,6.33
2024-12-17,TXN000764,SKU020,Dairy 03,CUST0078,17.08,2,Dairy,B3,S,F1,False,10.25
2024-12-17,TXN000764,SKU016,Coffee 03,CUST0078,10.8,1,Coffee,B2,L,F1,False,6.48
2024-12-17,TXN000764,SKU000,Coffee 01,CUST0078,5.1,2,Coffee,B1,M,F1,False,3.06
2024-12-17,TXN001064,SKU000,Coffee 01,CUST0108,5.1,3,Coffee,B1,M,F1,False,3.06
2024-12-17,TXN001064,SKU001,Snacks 01,CUST0108,8.26,1,Snacks,B2,L,F2,False,4.96
2024-12-18,TXN000020,SKU001,Snacks 01,CUST0000,8.26,1,Snacks,B2,L,F2,False,4.96
2024-12-18,TXN000020,SKU005,Household 01,CUST0000,5.37,1,Household,B3,L,F2,False,3.22
2024-12-18,TXN000020,SKU044,Dairy 06,CUST0000,25.4,2,Dairy,B3,M,F1,False,15.24
2024-12-18,TXN000046,SKU040,Coffee 06,CUST0003,2.41,1,Coffee,B2,S,F1,False,1.45
2024-12-18,TXN000046,SKU021,Household 03,CUST0003,5.84,3,Household,B1,S,F2,False,3.5
2024-12-18,TXN000046,SKU000,Coffee 01,CUST0003,5.1,3,Coffee,B1,M,F1,False,3.06
2024-12-18,TXN000046,SKU059,Bakery 08,CUST0003,12.61,1,Bakery,B3,M,F4,False,7.57
2024-12-18,TXN000085,SKU017,Snacks 03,CUST0006,6.17,2,Snacks,B3,M,F2,False,3.7
2024-12-18,TXN000085,SKU008,Coffee 02,CUST0006,13.87,3,Coffee,B3,M,F1,False,8.32
2024-12-18,TXN000085,SKU011,Bakery 02,CUST0006,10.55,1,Bakery,B3,S,F4,False,6.33
2024-12-18,TXN000085,SKU001,Snacks 01,CUST0006,8.26,1,Snacks,B2,L,F2,False,4.96
2024-12-18,TXN000085,SKU002,Beverages 01,CUST0006,5.73,1,Beverages,B3,M,F3,False,3.44
2024-12-18,TXN000085,SKU000,Coffee 01,CUST0006,5.1,2,Coffee,B1,M,F1,False,3.06
2024-12-18,TXN000323,SKU005,Household 01,CUST0033,5.37,2,Household,B3,L,F2,False,3.22
2024-12-18,TXN000323,SKU047,Pet 06,CUST0033,8.27,3,Pet,B3,M,F4,False,4.96
2024-12-18,TXN000323,SKU002,Beverages 01,CUST0033,5.73,1,Beverages,B3,M,F3,False,3.44
2024-12-18,TXN000323,SKU033,Snacks 05,CUST0033,6.13,1,Snacks,B1,S,F2,False,3.68
2024-12-18,TXN000323,SKU056,Coffee 08,CUST0033,4.14,3,Coffee,B3,L,F1,False,2.48
2024-12-18,TXN000519,SKU010,Beverages 02,CUST0051,4.77,2,Beverages,B2,M,F3,False,2.86
2024-12-18,TXN000519,SKU025,Snacks 04,CUST0051,6.63,1,Snacks,B2,M,F2,False,3.98
2024-12-18,TXN000519,SKU004,Dairy 01,CUST0051,3.85,2,Dairy,B2,M,F1,False,2.31
2024-12-18,TXN000519,SKU028,Dairy 04,CUST0051,5.79,1,Dairy,B2,M,F1,False,3.47
2024-12-18,TXN000519,SKU040,Coffee 06,CUST0051,2.41,3,Coffee,B2,S,F1,False,1.45
2024-12-18,TXN000909,SKU017,Snacks 03,CUST0090,6.17,2,Snacks,B3,M,F2,False,3.7
2024-12-18,TXN000909,SKU002,Beverages 01,CUST0090,5.73,1,Beverages,B3,M,F3,False,3.44
2024-12-18,TXN000909,SKU033,Snacks 05,CUST0090,6.13,3,Snacks,B1,S,F2,False,3.68
2024-12-18,TXN001006,SKU002,Beverages 01,CUST0102,5.73,2,Beverages,B3,M,F3,False,3.44
2024-12-18,TXN001006,SKU009,Snacks 02,CUST0102,3.57,1,Snacks,B1,M,F2,False,2.14
2024-12-18,TXN001006,SKU017,Snacks 03,CUST0102,6.17,1,Snacks,B3,M,F2,False,3.7
2024-12-18,TXN001006,SKU026,Beverages 04,CUST0102,4.0,1,Beverages,B3,M,F3,False,2.4
2024-12-18,TXN001006,SKU005,Household 01,CUST0102,5.37,3,Household,B3,L,F2,False,3.22
2024-12-19,TXN000298,SKU000,Coffee 01,CUST0030,5.1,2,Coffee,B1,M,F1,False,3.06
2024-12-19,TXN000298,SKU004,Dairy 01,CUST0030,3.85,1,Dairy,B2,M,F1,False,2.31
2024-12-19,TXN000298,SKU003,Bakery 01,CUST0030,7.92,1,Bakery,B1,S,F4,False,4.75
2024-12-19,TXN000370,SKU001,Snacks 01,CUST0036,8.26,2,Snacks,B2,L,F2,False,4.96
2024-12-19,TXN000370,SKU000,Coffee 01,CUST0036,5.1,1,Coffee,B1,M,F1,False,3.06
2024-12-19,TXN000370,SKU011,Bakery 02,CUST0036,10.55,3,Bakery,B3,S,F4,False,6.33
2024-12-19,TXN000370,SKU021,Household 03,CUST0036,5.84,1,Household,B1,S,F2,False,3.5
2024-12-19,TXN000370,SKU019,Bakery 03,CUST0036,6.44,2,Bakery,B2,L,F4,False,3.86
2024-12-19,TXN000376,SKU004,Dairy 01,CUST0036,3.85,1,Dairy,B2,M,F1,False,2.31
2024-12-19,TXN000376,SKU000,Coffee 01,CUST0036,5.1,1,Coffee,B1,M,F1,False,3.06
2024-12-19,TXN000376,SKU006,Personal Care 01,CUST0036,6.63,2,Personal Care,B1,S,F3,False,3.98
2024-12-19,TXN000388,SKU000,Coffee 01,CUST0038,5.1,3,Coffee,B1,M,F1,False,3.06
2024-12-19,TXN000388,SKU011,Bakery 02,CUST0038,10.55,2,Bakery,B3,S,F4,False,6.33
2024-12-19,TXN000388,SKU004,Dairy 01,CUST0038,3.85,1,Dairy,B2,M,F1,False,2.31
2024-12-19,TXN000388,SKU003,Bakery 01,CUST0038,7.92,2,Bakery,B1,S,F4,False,4.75
2024-12-19,TXN000388,SKU005,Household 01,CUST0038,5.37,1,Household,B3,L,F2,False,3.22
2024-12-19,TXN000650,SKU012,Dairy 02,CUST0066,2.47,1,Dairy,B1,S,F1,False,1.48
2024-12-19,TXN000650,SKU000,Coffee 01,CUST0066,5.1,2,Coffee,B1,M,F1,False,3.06
2024-12-19,TXN000650,SKU042,Beverages 06,CUST0066,4.5,2,Beverages,B1,M,F3,False,2.7
2024-12-19,TXN000650,SKU002,Beverages 01,CUST0066,5.73,3,Beverages,B3,M,F3,False,3.44
2024-12-19,TXN000650,SKU043,Bakery 06,CUST0066,8.09,1,Bakery,B2,L,F4,False,4.85
2024-12-19,TXN000650,SKU001,Snacks 01,CUST0066,8.26,3,Snacks,B2,L,F2,False,4.96
2024-12-19,TXN000929,SKU016,Coffee 03,CUST0093,10.8,1,Coffee,B2,L,F1,False,6.48
2024-12-19,TXN000929,SKU050,Beverages 07,CUST0093,6.6,2,Beverages,B3,M,F3,False,3.96
2024-12-19,TXN000929,SKU008,Coffee 02,CUST0093,13.87,3,Coffee,B3,M,F1,False,8.32
2024-12-19,TXN000929,SKU002,Beverages 01,CUST0093,5.73,1,Beverages,B3,M,F3,False,3.44
2024-12-19,TXN000992,SKU013,Household 02,CUST0100,5.73,2,Household,B2,M,F2,False,3.44
2024-12-19,TXN000992,SKU022,Personal Care 03,CUST0100,6.25,3,Personal Care,B2,M,F3,False,3.75
2024-12-19,TXN000992,SKU010,Beverages 02,CUST0100,4.77,1,Beverages,B2,M,F3,False,2.86
2024-12-19,TXN000992,SKU045,Household 06,CUST0100,4.68,2,Household,B1,M,F2,False,2.81
2024-12-19,TXN000992,SKU023,Pet 03,CUST0100,8.97,3,Pet,B3,S,F4,False,5.38
2024-12-19,TXN000992,SKU003,Bakery 01,CUST0100,7.92,1,Bakery,B1,S,F4,False,4.75
2024-12-19,TXN001057,SKU016,Coffee 03,CUST0108,10.8,3,Coffee,B2,L,F1,False,6.48
2024-12-19,TXN001057,SKU000,Coffee 01,CUST0108,5.1,1,Coffee,B1,M,F1,False,3.06
2024-12-19,TXN001057,SKU004,Dairy 01,CUST0108,3.85,3,Dairy,B2,M,F1,False,2.31
2024-12-19,TXN001078,SKU004,Dairy 01,CUST0109,3.85,2,Dairy,B2,M,F1,False,2.31
2024-12-19,TXN001078,SKU029,Household 04,CUST0109,14.03,3,Household,B3,M,F2,False,8.42
2024-12-19,TXN001126,SKU003,Bakery 01,CUST0115,7.92,2,Bakery,B1,S,F4,False,4.75
2024-12-19,TXN001126,SKU007,Pet 01,CUST0115,12.11,1,Pet,B2,L,F4,False,7.27
2024-12-19,TXN001130,SKU003,Bakery 01,CUST0115,7.92,2,Bakery,B1,S,F4,False,4.75
2024-12-19,TXN001130,SKU030,Personal Care 04,CUST0115,10.58,2,Personal Care,B1,M,F3,False,6.35
2024-12-19,TXN001130,SKU023,Pet 03,CUST0115,8.97,2,Pet,B3,S,F4,False,5.38
2024-12-19,TXN001130,SKU000,Coffee 01,CUST0115,5.1,1,Coffee,B1,M,F1,False,3.06
2024-12-20,TXN000088,SKU000,Coffee 01,CUST0007,5.1,1,Coffee,B1,M,F1,False,3.06
2024-12-20,TXN000088,SKU031,Pet 04,CUST0007,7.29,2,Pet,B2,S,F4,False,4.37
2024-12-20,TXN000088,SKU005,Household 01,CUST0007,5.37,1,Household,B3,L,F2,False,3.22
2024-12-20,TXN000092,SKU000,Coffee 01,CUST0007,5.1,1,Coffee,B1,M,F1,False,3.06
2024-12-20,TXN000092,SKU009,Snacks 02,CUST0007,3.57,1,Snacks,B1,M,F2,False,2.14
2024-12-20,TXN000092,SKU001,Snacks 01,CUST0007,8.26,2,Snacks,B2,L,F2,False,4.96
2024-12-20,TXN000213,SKU002,Beverages 01,CUST0021,5.73,3,Beverages,B3,M,F3,False,3.44
2024-12-20,TXN000213,SKU007,Pet 01,CUST0021,12.11,1,Pet,B2,L,F4,False,7.27
2024-12-20,TXN000273,SKU020,Dairy 03,CUST0027,17.08,1,Dairy,B3,S,F1,False,10.25
2024-12-20,TXN000273,SKU002,Beverages 01,CUST0027,5.73,3,Beverages,B3,M,F3,False,3.44
2024-12-20,TXN000273,SKU008,Coffee 02,CUST0027,13.87,1,Coffee,B3,M,F1,False,8.32
2024-12-20,TXN000836,SKU006,Personal Care 01,CUST0084,6.63,3,Personal Care,B1,S,F3,False,3.98
2024-12-20,TXN000836,SKU000,Coffee 01,CUST0084,5.1,2,Coffee,B1,M,F1,False,3.06
2024-12-20,TXN000836,SKU009,Snacks 02,CUST0084,3.57,3,Snacks,B1,M,F2,False,2.14
2024-12-20,TXN000836,SKU005,Household 01,CUST0084,5.37,2,Household,B3,L,F2,False,3.22
2024-12-20,TXN000836,SKU021,Household 03,CUST0084,5.84,2,Household,B1,S,F2,False,3.5
2024-12-20,TXN001025,SKU008,Coffee 02,CUST0104,13.87,2,Coffee,B3,M,F1,False,8.32
2024-12-20,TXN001025,SKU022,Personal Care 03,CUST0104,6.25,1,Personal Care,B2,M,F3,False,3.75
2024-12-21,TXN000107,SKU001,Snacks 01,CUST0009,8.26,1,Snacks,B2,L,F2,False,4.96
2024-12-21,TXN000107,SKU000,Coffee 01,CUST0009,5.1,2,Coffee,B1,M,F1,False,3.06
2024-12-21,TXN000107,SKU005,Household 01,CUST0009,5.37,3,Household,B3,L,F2,False,3.22
2024-12-21,TXN000107,SKU004,Dairy 01,CUST0009,3.85,2,Dairy,B2,M,F1,False,2.31
2024-12-21,TXN000107,SKU049,Snacks 07,CUST0009,6.71,3,Snacks,B2,L,F2,False,4.03
2024-12-21,TXN000567,SKU008,Coffee 02,CUST0057,13.87,2,Coffee,B3,M,F1,False,8.32
2024-12-21,TXN000567,SKU012,Dairy 02,CUST0057,2.47,2,Dairy,B1,S,F1,False,1.48
2024-12-21,TXN000567,SKU001,Snacks 01,CUST0057,8.26,1,Snacks,B2,L,F2,False,4.96
2024-12-21,TXN000769,SKU003,Bakery 01,CUST0078,7.92,2,Bakery,B1,S,F4,False,4.75
2024-12-21,TXN000769,SKU018,Beverages 03,CUST0078,6.03,1,Beverages,B1,M,F3,False,3.62
2024-12-21,TXN000769,SKU051,Bakery 07,CUST0078,10.87,3,Bakery,B1,M,F4,False,6.52
2024-12-22,TXN000040,SKU008,Coffee 02,CUST0003,13.87,3,Coffee,B3,M,F1,False,8.32
2024-12-22,TXN000040,SKU043,Bakery 06,CUST0003,8.09,3,Bakery,B2,L,F4,False,4.85
2024-12-22,TXN000040,SKU000,Coffee 01,CUST0003,5.1,1,Coffee,B1,M,F1,False,3.06
2024-12-22,TXN000040,SKU011,Bakery 02,CUST0003,10.55,3,Bakery,B3,S,F4,False,6.33
2024-12-22,TXN000040,SKU003,Bakery 01,CUST0003,7.92,3,Bakery,B1,S,F4,False,4.75
2024-12-22,TXN000055,SKU008,Coffee 02,CUST0004,13.87,3,Coffee,B3,M,F1,False,8.32
2024-12-22,TXN000055,SKU012,Dairy 02,CUST0004,2.47,1,Dairy,B1,S,F1,False,1.48
2024-12-22,TXN000055,SKU001,Snacks 01,CUST0004,8.26,1,Snacks,B2,L,F2,False,4.96
2024-12-22,TXN000124,SKU018,Beverages 03,CUST0010,6.03,2,Beverages,B1,M,F3,False,3.62
2024-12-22,TXN000124,SKU033,Snacks 05,CUST0010,6.13,2,Snacks,B1,S,F2,False,3.68
2024-12-22,TXN000124,SKU041,Snacks 06,CUST0010,6.25,3,Snacks,B3,L,F2,False,3.75
2024-12-22,TXN000124,SKU006,Personal Care 01,CUST0010,6.63,1,Personal Care,B1,S,F3,False,3.98
2024-12-22,TXN000124,SKU014,Personal Care 02,CUST0010,7.0,1,Personal Care,B3,M,F3,False,4.2
2024-12-22,TXN000124,SKU048,Coffee 07,CUST0010,9.69,2,Coffee,B1,M,F1,False,5.81
2024-12-22,TXN000272,SKU000,Coffee 01,CUST0027,5.1,1,Coffee,B1,M,F1,False,3.06
2024-12-22,TXN000272,SKU001,Snacks 01,CUST0027,8.26,2,Snacks,B2,L,F2,False,4.96
2024-12-22,TXN000272,SKU010,Beverages 02,CUST0027,4.77,1,Beverages,B2,M,F3,False,2.86
2024-12-22,TXN000413,SKU002,Beverages 01,CUST0039,5.73,1,Beverages,B3,M,F3,False,3.44
2024-12-22,TXN000413,SKU009,Snacks 02,CUST0039,3.57,1,Snacks,B1,M,F2,False,2.14
2024-12-22,TXN000413,SKU017,Snacks 03,CUST0039,6.17,3,Snacks,B3,M,F2,False,3.7
2024-12-22,TXN000495,SKU006,Personal Care 01,CUST0048,6.63,2,Personal Care,B1,S,F3,False,3.98
2024-12-22,TXN000495,SKU014,Personal Care 02,CUST0048,7.0,1,Personal Care,B3,M,F3,False,4.2
2024-12-22,TXN000495,SKU001,Snacks 01,CUST0048,8.26,2,Snacks,B2,L,F2,False,4.96
2024-12-22,TXN000495,SKU030,Personal Care 04,CUST0048,10.58,1,Personal Care,B1,M,F3,False,6.35
2024-12-22,TXN000750,SKU000,Coffee 01,CUST0076,5.1,3,Coffee,B1,M,F1,False,3.06
2024-12-22,TXN000750,SKU004,Dairy 01,CUST0076,3.85,3,Dairy,B2,M,F1,False,2.31
2024-12-22,TXN000750,SKU033,Snacks 05,CUST0076,6.13,2,Snacks,B1,S,F2,False,3.68
2024-12-22,TXN000750,SKU013,Household 02,CUST0076,5.73,3,Household,B2,M,F2,False,3.44
2024-12-22,TXN000750,SKU002,Beverages 01,CUST0076,5.73,1,Beverages,B3,M,F3,False,3.44
2024-12-22,TXN000750,SKU006,Personal Care 01,CUST0076,6.63,1,Personal Care,B1,S,F3,False,3.98
2024-12-22,TXN000880,SKU002,Beverages 01,CUST0087,5.73,3,Beverages,B3,M,F3,False,3.44
2024-12-22,TXN000880,SKU000,Coffee 01,CUST0087,5.1,3,Coffee,B1,M,F1,False,3.06
2024-12-22,TXN000880,SKU059,Bakery 08,CUST0087,12.61,3,Bakery,B3,M,F4,False,7.57
2024-12-22,TXN000880,SKU009,Snacks 02,CUST0087,3.57,1,Snacks,B1,M,F2,False,2.14
2024-12-22,TXN000880,SKU003,Bakery 01,CUST0087,7.92,3,Bakery,B1,S,F4,False,4.75
2024-12-22,TXN000880,SKU038,Personal Care 05,CUST0087,8.94,1,Personal Care,B3,L,F3,False,5.36
2024-12-22,TXN000887,SKU025,Snacks 04,CUST0088,6.63,3,Snacks,B2,M,F2,False,3.98
2024-12-22,TXN000887,SKU001,Snacks 01,CUST0088,8.26,1,Snacks,B2,L,F2,False,4.96
2024-12-22,TXN000887,SKU006,Personal Care 01,CUST0088,6.63,2,Personal Care,B1,S,F3,False,3.98
2024-12-23,TXN000563,SKU018,Beverages 03,CUST0056,6.03,2,Beverages,B1,M,F3,False,3.62
2024-12-23,TXN000563,SKU003,Bakery 01,CUST0056,7.92,3,Bakery,B1,S,F4,False,4.75
2024-12-23,TXN000563,SKU000,Coffee 01,CUST0056,5.1,3,Coffee,B1,M,F1,False,3.06
2024-12-23,TXN000563,SKU004,Dairy 01,CUST0056,3.85,3,Dairy,B2,M,F1,False,2.31
2024-12-23,TXN000609,SKU036,Dairy 05,CUST0060,10.18,3,Dairy,B1,M,F1,False,6.11
2024-12-23,TXN000609,SKU007,Pet 01,CUST0060,12.11,2,Pet,B2,L,F4,False,7.27
2024-12-23,TXN000655,SKU006,Personal Care 01,CUST0066,6.63,2,Personal Care,B1,S,F3,False,3.98
2024-12-23,TXN000655,SKU000,Coffee 01,CUST0066,5.1,1,Coffee,B1,M,F1,False,3.06
2024-12-23,TXN000718,SKU018,Beverages 03,CUST0073,6.03,2,Beverages,B1,M,F3,False,3.62
2024-12-23,TXN000718,SKU033,Snacks 05,CUST0073,6.13,1,Snacks,B1,S,F2,False,3.68
2024-12-23,TXN000718,SKU041,Snacks 06,CUST0073,6.25,1,Snacks,B3,L,F2,False,3.75
2024-12-23,TXN000903,SKU005,Household 01,CUST0090,5.37,3,Household,B3,L,F2,False,3.22
2024-12-23,TXN000903,SKU000,Coffee 01,CUST0090,5.1,2,Coffee,B1,M,F1,False,3.06
2024-12-23,TXN000903,SKU003,Bakery 01,CUST0090,7.92,1,Bakery,B1,S,F4,False,4.75
2024-12-24,TXN000072,SKU001,Snacks 01,CUST0006,8.26,3,Snacks,B2,L,F2,False,4.96
2024-12-24,TXN000072,SKU008,Coffee 02,CUST0006,13.87,3,Coffee,B3,M,F1,False,8.32
2024-12-24,TXN000072,SKU000,Coffee 01,CUST0006,5.1,3,Coffee,B1,M,F1,False,3.06
2024-12-24,TXN000072,SKU014,Personal Care 02,CUST0006,7.0,3,Personal Care,B3,M,F3,False,4.2
2024-12-24,TXN000072,SKU010,Beverages 02,CUST0006,4.77,2,Beverages,B2,M,F3,False,2.86
2024-12-24,TXN000093,SKU000,Coffee 01,CUST0007,5.1,2,Coffee,B1,M,F1,False,3.06
2024-12-24,TXN000093,SKU029,Household 04,CUST0007,14.03,2,Household,B3,M,F2,False,8.42
2024-12-24,TXN000093,SKU009,Snacks 02,CUST0007,3.57,1,Snacks,B1,M,F2,False,2.14
2024-12-24,TXN000518,SKU000,Coffee 01,CUST0051,5.1,2,Coffee,B1,M,F1,False,3.06
2024-12-24,TXN000518,SKU005,Household 01,CUST0051,5.37,1,Household,B3,L,F2,False,3.22
2024-12-24,TXN000518,SKU008,Coffee 02,CUST0051,13.87,1,Coffee,B3,M,F1,False,8.32
2024-12-24,TXN000518,SKU016,Coffee 03,CUST0051,10.8,3,Coffee,B2,L,F1,False,6.48
2024-12-24,TXN000518,SKU036,Dairy 05,CUST0051,10.18,2,Dairy,B1,M,F1,False,6.11
2024-12-24,TXN000869,SKU038,Personal Care 05,CUST0087,8.94,1,Personal Care,B3,L,F3,False,5.36
2024-12-24,TXN000869,SKU005,Household 01,CUST0087,5.37,1,Household,B3,L,F2,False,3.22
2024-12-24,TXN000869,SKU040,Coffee 06,CUST0087,2.41,3,Coffee,B2,S,F1,False,1.45
2024-12-24,TXN000869,SKU006,Personal Care 01,CUST0087,6.63,2,Personal Care,B1,S,F3,False,3.98
2024-12-24,TXN000870,SKU001,Snacks 01,CUST0087,8.26,2,Snacks,B2,L,F2,False,4.96
2024-12-24,TXN000870,SKU000,Coffee 01,CUST0087,5.1,3,Coffee,B1,M,F1,False,3.06
2024-12-24,TXN000870,SKU046,Personal Care 06,CUST0087,5.24,1,Personal Care,B2,S,F3,False,3.14
2024-12-24,TXN000957,SKU002,Beverages 01,CUST0096,5.73,3,Beverages,B3,M,F3,False,3.44
2024-12-24,TXN000957,SKU003,Bakery 01,CUST0096,7.92,1,Bakery,B1,S,F4,False,4.75
2024-12-24,TXN000957,SKU018,Beverages 03,CUST0096,6.03,2,Beverages,B1,M,F3,False,3.62
2024-12-24,TXN000957,SKU042,Beverages 06,CUST0096,4.5,2,Beverages,B1,M,F3,False,2.7
2024-12-24,TXN000957,SKU004,Dairy 01,CUST0096,3.85,2,Dairy,B2,M,F1,False,2.31
2024-12-24,TXN001038,SKU006,Personal Care 01,CUST0105,6.63,2,Personal Care,B1,S,F3,False,3.98
2024-12-24,TXN001038,SKU014,Personal Care 02,CUST0105,7.0,1,Personal Care,B3,M,F3,False,4.2
2024-12-24,TXN001038,SKU016,Coffee 03,CUST0105,10.8,1,Coffee,B2,L,F1,False,6.48
2024-12-24,TXN001038,SKU004,Dairy 01,CUST0105,3.85,1,Dairy,B2,M,F1,False,2.31
2024-12-25,TXN000118,SKU041,Snacks 06,CUST0009,6.25,2,Snacks,B3,L,F2,False,3.75
2024-12-25,TXN000118,SKU001,Snacks 01,CUST0009,8.26,2,Snacks,B2,L,F2,False,4.96
2024-12-25,TXN000118,SKU016,Coffee 03,CUST0009,10.8,2,Coffee,B2,L,F1,False,6.48
2024-12-25,TXN000118,SKU004,Dairy 01,CUST0009,3.85,1,Dairy,B2,M,F1,False,2.31
2024-12-25,TXN000118,SKU011,Bakery 02,CUST0009,10.55,2,Bakery,B3,S,F4,False,6.33
2024-12-25,TXN000368,SKU000,Coffee 01,CUST0036,5.1,1,Coffee,B1,M,F1,False,3.06
2024-12-25,TXN000368,SKU016,Coffee 03,CUST0036,10.8,3,Coffee,B2,L,F1,False,6.48
2024-12-25,TXN000368,SKU004,Dairy 01,CUST0036,3.85,2,Dairy,B2,M,F1,False,2.31
2024-12-25,TXN000368,SKU050,Beverages 07,CUST0036,6.6,3,Beverages,B3,M,F3,False,3.96
2024-12-25,TXN000456,SKU010,Beverages 02,CUST0045,4.77,1,Beverages,B2,M,F3,False,2.86
2024-12-25,TXN000456,SKU011,Bakery 02,CUST0045,10.55,3,Bakery,B3,S,F4,False,6.33
2024-12-25,TXN000456,SKU009,Snacks 02,CUST0045,3.57,2,Snacks,B1,M,F2,False,2.14
2024-12-25,TXN000456,SKU049,Snacks 07,CUST0045,6.71,2,Snacks,B2,L,F2,False,4.03
2024-12-25,TXN000480,SKU001,Snacks 01,CUST0048,8.26,1,Snacks,B2,L,F2,False,4.96
2024-12-25,TXN000480,SKU002,Beverages 01,CUST0048,5.73,3,Beverages,B3,M,F3,False,3.44
2024-12-25,TXN000480,SKU015,Pet 02,CUST0048,14.75,1,Pet,B1,M,F4,False,8.85
2024-12-25,TXN000480,SKU047,Pet 06,CUST0048,8.27,2,Pet,B3,M,F4,False,4.96
2024-12-25,TXN000561,SKU001,Snacks 01,CUST0055,8.26,1,Snacks,B2,L,F2,False,4.96
2024-12-25,TXN000561,SKU059,Bakery 08,CUST0055,12.61,3,Bakery,B3,M,F4,False,7.57
2024-12-25,TXN000561,SKU040,Coffee 06,CUST0055,2.41,3,Coffee,B2,S,F1,False,1.45
2024-12-25,TXN000561,SKU008,Coffee 02,CUST0055,13.87,1,Coffee,B3,M,F1,False,8.32
2024-12-25,TXN000561,SKU051,Bakery 07,CUST0055,10.87,1,Bakery,B1,M,F4,False,6.52
2024-12-25,TXN001039,SKU052,Dairy 07,CUST0105,9.84,2,Dairy,B2,S,F1,False,5.9
2024-12-25,TXN001039,SKU004,Dairy 01,CUST0105,3.85,3,Dairy,B2,M,F1,False,2.31
2024-12-25,TXN001101,SKU002,Beverages 01,CUST0112,5.73,2,Beverages,B3,M,F3,False,3.44
2024-12-25,TXN001101,SKU009,Snacks 02,CUST0112,3.57,3,Snacks,B1,M,F2,False,2.14
2024-12-25,TXN001101,SKU017,Snacks 03,CUST0112,6.17,1,Snacks,B3,M,F2,False,3.7
2024-12-25,TXN001128,SKU000,Coffee 01,CUST0115,5.1,3,Coffee,B1,M,F1,False,3.06
2024-12-25,TXN001128,SKU004,Dairy 01,CUST0115,3.85,2,Dairy,B2,M,F1,False,2.31
2024-12-25,TXN001128,SKU017,Snacks 03,CUST0115,6.17,2,Snacks,B3,M,F2,False,3.7
2024-12-25,TXN001128,SKU006,Personal Care 01,CUST0115,6.63,3,Personal Care,B1,S,F3,False,3.98
2024-12-26,TXN000162,SKU002,Beverages 01,CUST0015,5.73,2,Beverages,B3,M,F3,False,3.44
2024-12-26,TXN000162,SKU003,Bakery 01,CUST0015,7.92,1,Bakery,B1,S,F4,False,4.75
2024-12-26,TXN000162,SKU000,Coffee 01,CUST0015,5.1,1,Coffee,B1,M,F1,False,3.06
2024-12-26,TXN000162,SKU022,Personal Care 03,CUST0015,6.25,3,Personal Care,B2,M,F3,False,3.75
2024-12-26,TXN000162,SKU027,Bakery 04,CUST0015,7.34,1,Bakery,B1,L,F4,False,4.4
2024-12-26,TXN000172,SKU052,Dairy 07,CUST0015,9.84,1,Dairy,B2,S,F1,False,5.9
2024-12-26,TXN000172,SKU014,Personal Care 02,CUST0015,7.0,2,Personal Care,B3,M,F3,False,4.2
2024-12-26,TXN000172,SKU004,Dairy 01,CUST0015,3.85,1,Dairy,B2,M,F1,False,2.31
2024-12-26,TXN000172,SKU002,Beverages 01,CUST0015,5.73,2,Beverages,B3,M,F3,False,3.44
2024-12-26,TXN000408,SKU002,Beverages 01,CUST0039,5.73,3,Beverages,B3,M,F3,False,3.44
2024-12-26,TXN000408,SKU009,Snacks 02,CUST0039,3.57,2,Snacks,B1,M,F2,False,2.14
2024-12-26,TXN000408,SKU017,Snacks 03,CUST0039,6.17,2,Snacks,B3,M,F2,False,3.7
2024-12-26,TXN000408,SKU042,Beverages 06,CUST0039,4.5,3,Beverages,B1,M,F3,False,2.7
2024-12-26,TXN000408,SKU000,Coffee 01,CUST0039,5.1,1,Coffee,B1,M,F1,False,3.06
2024-12-26,TXN000408,SKU013,Household 02,CUST0039,5.73,2,Household,B2,M,F2,False,3.44
2024-12-26,TXN000590,SKU010,Beverages 02,CUST0059,4.77,3,Beverages,B2,M,F3,False,2.86
2024-12-26,TXN000590,SKU009,Snacks 02,CUST0059,3.57,2,Snacks,B1,M,F2,False,2.14
2024-12-26,TXN000590,SKU003,Bakery 01,CUST0059,7.92,1,Bakery,B1,S,F4,False,4.75
2024-12-26,TXN001017,SKU000,Coffee 01,CUST0103,5.1,2,Coffee,B1,M,F1,False,3.06
2024-12-26,TXN001017,SKU049,Snacks 07,CUST0103,6.71,3,Snacks,B2,L,F2,False,4.03
2024-12-26,TXN001017,SKU001,Snacks 01,CUST0103,8.26,1,Snacks,B2,L,F2,False,4.96
2024-12-27,TXN000008,SKU024,Coffee 04,CUST0000,6.91,1,Coffee,B1,S,F1,False,4.15
2024-12-27,TXN000008,SKU019,Bakery 03,CUST0000,6.44,2,Bakery,B2,L,F4,False,3.86
2024-12-27,TXN000008,SKU028,Dairy 04,CUST0000,5.79,2,Dairy,B2,M,F1,False,3.47
2024-12-27,TXN000008,SKU000,Coffee 01,CUST0000,5.1,3,Coffee,B1,M,F1,False,3.06
2024-12-27,TXN000008,SKU001,Snacks 01,CUST0000,8.26,3,Snacks,B2,L,F2,False,4.96
2024-12-27,TXN000008,SKU011,Bakery 02,CUST0000,10.55,2,Bakery,B3,S,F4,False,6.33
2024-12-27,TXN000216,SKU005,Household 01,CUST0021,5.37,3,Household,B3,L,F2,False,3.22
2024-12-27,TXN000216,SKU015,Pet 02,CUST0021,14.75,1,Pet,B1,M,F4,False,8.85
2024-12-27,TXN000216,SKU004,Dairy 01,CUST0021,3.85,2,Dairy,B2,M,F1,False,2.31
2024-12-27,TXN000216,SKU002,Beverages 01,CUST0021,5.73,1,Beverages,B3,M,F3,False,3.44
2024-12-27,TXN000302,SKU006,Personal Care 01,CUST0030,6.63,3,Personal Care,B1,S,F3,False,3.98
2024-12-27,TXN000302,SKU010,Beverages 02,CUST0030,4.77,3,Beverages,B2,M,F3,False,2.86
2024-12-27,TXN000302,SKU004,Dairy 01,CUST0030,3.85,1,Dairy,B2,M,F1,False,2.31
2024-12-27,TXN000302,SKU003,Bakery 01,CUST0030,7.92,1,Bakery,B1,S,F4,False,4.75
2024-12-27,TXN000815,SKU010,Beverages 02,CUST0081,4.77,2,Beverages,B2,M,F3,False,2.86
2024-12-27,TXN000815,SKU025,Snacks 04,CUST0081,6.63,3,Snacks,B2,M,F2,False,3.98
2024-12-27,TXN000815,SKU000,Coffee 01,CUST0081,5.1,2,Coffee,B1,M,F1,False,3.06
2024-12-27,TXN000815,SKU006,Personal Care 01,CUST0081,6.63,3,Personal Care,B1,S,F3,False,3.98
2024-12-27,TXN000832,SKU015,Pet 02,CUST0084,14.75,3,Pet,B1,M,F4,False,8.85
2024-12-27,TXN000832,SKU000,Coffee 01,CUST0084,5.1,2,Coffee,B1,M,F1,False,3.06
2024-12-27,TXN000832,SKU006,Personal Care 01,CUST0084,6.63,1,Personal Care,B1,S,F3,False,3.98
2024-12-27,TXN000832,SKU005,Household 01,CUST0084,5.37,1,Household,B3,L,F2,False,3.22
2024-12-27,TXN000832,SKU017,Snacks 03,CUST0084,6.17,2,Snacks,B3,M,F2,False,3.7
2024-12-27,TXN000832,SKU011,Bakery 02,CUST0084,10.55,1,Bakery,B3,S,F4,False,6.33
2024-12-27,TXN000944,SKU009,Snacks 02,CUST0094,3.57,3,Snacks,B1,M,F2,False,2.14
2024-12-27,TXN000944,SKU007,Pet 01,CUST0094,12.11,2,Pet,B2,L,F4,False,7.27
2024-12-27,TXN000961,SKU001,Snacks 01,CUST0096,8.26,2,Snacks,B2,L,F2,False,4.96
2024-12-27,TXN000961,SKU004,Dairy 01,CUST0096,3.85,3,Dairy,B2,M,F1,False,2.31
2024-12-27,TXN000961,SKU018,Beverages 03,CUST0096,6.03,2,Beverages,B1,M,F3,False,3.62
2024-12-27,TXN000961,SKU000,Coffee 01,CUST0096,5.1,2,Coffee,B1,M,F1,False,3.06
2024-12-27,TXN000961,SKU013,Household 02,CUST0096,5.73,1,Household,B2,M,F2,False,3.44
2024-12-27,TXN000991,SKU001,Snacks 01,CUST0100,8.26,2,Snacks,B2,L,F2,False,4.96
2024-12-27,TXN000991,SKU031,Pet 04,CUST0100,7.29,2,Pet,B2,S,F4,False,4.37
2024-12-27,TXN000991,SKU003,Bakery 01,CUST0100,7.92,3,Bakery,B1,S,F4,False,4.75
2024-12-27,TXN001026,SKU029,Household 04,CUST0105,14.03,1,Household,B3,M,F2,False,8.42
2024-12-27,TXN001026,SKU008,Coffee 02,CUST0105,13.87,2,Coffee,B3,M,F1,False,8.32
2024-12-27,TXN001026,SKU000,Coffee 01,CUST0105,5.1,1,Coffee,B1,M,F1,False,3.06
2024-12-27,TXN001026,SKU004,Dairy 01,CUST0105,3.85,3,Dairy,B2,M,F1,False,2.31
2024-12-28,TXN000185,SKU004,Dairy 01,CUST0018,3.85,2,Dairy,B2,M,F1,False,2.31
2024-12-28,TXN000185,SKU000,Coffee 01,CUST0018,5.1,1,Coffee,B1,M,F1,False,3.06
2024-12-28,TXN000262,SKU003,Bakery 01,CUST0025,7.92,1,Bakery,B1,S,F4,False,4.75
2024-12-28,TXN000262,SKU033,Snacks 05,CUST0025,6.13,3,Snacks,B1,S,F2,False,3.68
2024-12-28,TXN000262,SKU001,Snacks 01,CUST0025,8.26,2,Snacks,B2,L,F2,False,4.96
2024-12-28,TXN000262,SKU036,Dairy 05,CUST0025,10.18,3,Dairy,B1,M,F1,False,6.11
2024-12-28,TXN000486,SKU000,Coffee 01,CUST0048,5.1,2,Coffee,B1,M,F1,False,3.06
2024-12-28,TXN000486,SKU001,Snacks 01,CUST0048,8.26,3,Snacks,B2,L,F2,False,4.96
2024-12-28,TXN000486,SKU002,Beverages 01,CUST0048,5.73,2,Beverages,B3,M,F3,False,3.44
2024-12-28,TXN000486,SKU008,Coffee 02,CUST0048,13.87,3,Coffee,B3,M,F1,False,8.32
2024-12-28,TXN000486,SKU009,Snacks 02,CUST0048,3.57,2,Snacks,B1,M,F2,False,2.14
2024-12-28,TXN000708,SKU002,Beverages 01,CUST0072,5.73,1,Beverages,B3,M,F3,False,3.44
2024-12-28,TXN000708,SKU003,Bakery 01,CUST0072,7.92,3,Bakery,B1,S,F4,False,4.75
2024-12-28,TXN000708,SKU000,Coffee 01,CUST0072,5.1,3,Coffee,B1,M,F1,False,3.06
2024-12-28,TXN000708,SKU001,Snacks 01,CUST0072,8.26,1,Snacks,B2,L,F2,False,4.96
2024-12-28,TXN000708,SKU005,Household 01,CUST0072,5.37,1,Household,B3,L,F2,False,3.22
2024-12-28,TXN000708,SKU006,Personal Care 01,CUST0072,6.63,1,Personal Care,B1,S,F3,False,3.98
2024-12-28,TXN000724,SKU000,Coffee 01,CUST0074,5.1,2,Coffee,B1,M,F1,False,3.06
2024-12-28,TXN000724,SKU006,Personal Care 01,CUST0074,6.63,2,Personal Care,B1,S,F3,False,3.98
2024-12-28,TXN000724,SKU024,Coffee 04,CUST0074,6.91,3,Coffee,B1,S,F1,False,4.15
2024-12-28,TXN000939,SKU003,Bakery 01,CUST0094,7.92,1,Bakery,B1,S,F4,False,4.75
2024-12-28,TXN000939,SKU006,Personal Care 01,CUST0094,6.63,1,Personal Care,B1,S,F3,False,3.98
2024-12-28,TXN000939,SKU000,Coffee 01,CUST0094,5.1,2,Coffee,B1,M,F1,False,3.06
2024-12-28,TXN000939,SKU020,Dairy 03,CUST0094,17.08,1,Dairy,B3,S,F1,False,10.25
2024-12-28,TXN000939,SKU002,Beverages 01,CUST0094,5.73,3,Beverages,B3,M,F3,False,3.44
2024-12-28,TXN000939,SKU001,Snacks 01,CUST0094,8.26,2,Snacks,B2,L,F2,False,4.96
2024-12-29,TXN000222,SKU005,Household 01,CUST0021,5.37,2,Household,B3,L,F2,False,3.22
2024-12-29,TXN000222,SKU004,Dairy 01,CUST0021,3.85,1,Dairy,B2,M,F1,False,2.31
2024-12-29,TXN000222,SKU050,Beverages 07,CUST0021,6.6,1,Beverages,B3,M,F3,False,3.96
2024-12-29,TXN000222,SKU000,Coffee 01,CUST0021,5.1,1,Coffee,B1,M,F1,False,3.06
2024-12-29,TXN000233,SKU018,Beverages 03,CUST0022,6.03,2,Beverages,B1,M,F3,False,3.62
2024-12-29,TXN000233,SKU033,Snacks 05,CUST0022,6.13,1,Snacks,B1,S,F2,False,3.68
2024-12-29,TXN000233,SKU041,Snacks 06,CUST0022,6.25,1,Snacks,B3,L,F2,False,3.75
2024-12-29,TXN000233,SKU043,Bakery 06,CUST0022,8.09,3,Bakery,B2,L,F4,False,4.85
2024-12-29,TXN000618,SKU002,Beverages 01,CUST0061,5.73,3,Beverages,B3,M,F3,False,3.44
2024-12-29,TXN000618,SKU018,Beverages 03,CUST0061,6.03,3,Beverages,B1,M,F3,False,3.62
2024-12-29,TXN000618,SKU007,Pet 01,CUST0061,12.11,1,Pet,B2,L,F4,False,7.27
2024-12-29,TXN000618,SKU015,Pet 02,CUST0061,14.75,1,Pet,B1,M,F4,False,8.85
2024-12-29,TXN000618,SKU000,Coffee 01,CUST0061,5.1,3,Coffee,B1,M,F1,False,3.06
2024-12-29,TXN000618,SKU016,Coffee 03,CUST0061,10.8,3,Coffee,B2,L,F1,False,6.48
2024-12-29,TXN000838,SKU005,Household 01,CUST0084,5.37,2,Household,B3,L,F2,False,3.22
2024-12-29,TXN000838,SKU013,Household 02,CUST0084,5.73,3,Household,B2,M,F2,False,3.44
2024-12-29,TXN000838,SKU000,Coffee 01,CUST0084,5.1,1,Coffee,B1,M,F1,False,3.06
2024-12-29,TXN000838,SKU001,Snacks 01,CUST0084,8.26,3,Snacks,B2,L,F2,False,4.96
2024-12-30,TXN000418,SKU015,Pet 02,CUST0040,14.75,2,Pet,B1,M,F4,False,8.85
2024-12-30,TXN000418,SKU019,Bakery 03,CUST0040,6.44,2,Bakery,B2,L,F4,False,3.86
2024-12-30,TXN000444,SKU038,Personal Care 05,CUST0045,8.94,2,Personal Care,B3,L,F3,False,5.36
2024-12-30,TXN000444,SKU007,Pet 01,CUST0045,12.11,3,Pet,B2,L,F4,False,7.27
2024-12-30,TXN000444,SKU000,Coffee 01,CUST0045,5.1,3,Coffee,B1,M,F1,False,3.06
2024-12-30,TXN000444,SKU053,Household 07,CUST0045,4.18,3,Household,B3,M,F2,False,2.51
2024-12-30,TXN000444,SKU001,Snacks 01,CUST0045,8.26,3,Snacks,B2,L,F2,False,4.96
2024-12-30,TXN000474,SKU002,Beverages 01,CUST0047,5.73,3,Beverages,B3,M,F3,False,3.44
2024-12-30,TXN000474,SKU009,Snacks 02,CUST0047,3.57,1,Snacks,B1,M,F2,False,2.14
2024-12-30,TXN000474,SKU017,Snacks 03,CUST0047,6.17,3,Snacks,B3,M,F2,False,3.7
2024-12-30,TXN000534,SKU010,Beverages 02,CUST0054,4.77,1,Beverages,B2,M,F3,False,2.86
2024-12-30,TXN000534,SKU025,Snacks 04,CUST0054,6.63,1,Snacks,B2,M,F2,False,3.98
2024-12-30,TXN000758,SKU024,Coffee 04,CUST0077,6.91,1,Coffee,B1,S,F1,False,4.15
2024-12-30,TXN000758,SKU019,Bakery 03,CUST0077,6.44,3,Bakery,B2,L,F4,False,3.86
2024-12-30,TXN000758,SKU028,Dairy 04,CUST0077,5.79,1,Dairy,B2,M,F1,False,3.47
2024-12-30,TXN000894,SKU005,Household 01,CUST0089,5.37,2,Household,B3,L,F2,False,3.22
2024-12-30,TXN000894,SKU000,Coffee 01,CUST0089,5.1,2,Coffee,B1,M,F1,False,3.06
2024-12-30,TXN000894,SKU004,Dairy 01,CUST0089,3.85,3,Dairy,B2,M,F1,False,2.31
2024-12-30,TXN000894,SKU002,Beverages 01,CUST0089,5.73,3,Beverages,B3,M,F3,False,3.44
2024-12-30,TXN000894,SKU012,Dairy 02,CUST0089,2.47,2,Dairy,B1,S,F1,False,1.48
2024-12-30,TXN000894,SKU003,Bakery 01,CUST0089,7.92,1,Bakery,B1,S,F4,False,4.75
2024-12-30,TXN000948,SKU007,Pet 01,CUST0096,12.11,3,Pet,B2,L,F4,False,7.27
2024-12-30,TXN000948,SKU015,Pet 02,CUST0096,14.75,1,Pet,B1,M,F4,False,8.85
2024-12-30,TXN000948,SKU021,Household 03,CUST0096,5.84,2,Household,B1,S,F2,False,3.5
2024-12-31,TXN000026,SKU051,Bakery 07,CUST0001,10.87,1,Bakery,B1,M,F4,False,6.52
2024-12-31,TXN000026,SKU008,Coffee 02,CUST0001,13.87,2,Coffee,B3,M,F1,False,8.32
2024-12-31,TXN000026,SKU043,Bakery 06,CUST0001,8.09,3,Bakery,B2,L,F4,False,4.85
2024-12-31,TXN000026,SKU023,Pet 03,CUST0001,8.97,3,Pet,B3,S,F4,False,5.38
2024-12-31,TXN000026,SKU004,Dairy 01,CUST0001,3.85,1,Dairy,B2,M,F1,False,2.31
2024-12-31,TXN000074,SKU052,Dairy 07,CUST0006,9.84,3,Dairy,B2,S,F1,False,5.9
2024-12-31,TXN000074,SKU055,Pet 07,CUST0006,7.53,3,Pet,B2,S,F4,False,4.52
2024-12-31,TXN000074,SKU001,Snacks 01,CUST0006,8.26,2,Snacks,B2,L,F2,False,4.96
2024-12-31,TXN000074,SKU016,Coffee 03,CUST0006,10.8,2,Coffee,B2,L,F1,False,6.48
2024-12-31,TXN000498,SKU000,Coffee 01,CUST0049,5.1,1,Coffee,B1,M,F1,False,3.06
2024-12-31,TXN000498,SKU034,Beverages 05,CUST0049,13.18,1,Beverages,B2,M,F3,False,7.91
2024-12-31,TXN000498,SKU023,Pet 03,CUST0049,8.97,1,Pet,B3,S,F4,False,5.38
2024-12-31,TXN000498,SKU009,Snacks 02,CUST0049,3.57,3,Snacks,B1,M,F2,False,2.14
2024-12-31,TXN000498,SKU017,Snacks 03,CUST0049,6.17,1,Snacks,B3,M,F2,False,3.7
2024-12-31,TXN000498,SKU018,Beverages 03,CUST0049,6.03,2,Beverages,B1,M,F3,False,3.62
2024-12-31,TXN000576,SKU018,Beverages 03,CUST0057,6.03,1,Beverages,B1,M,F3,False,3.62
2024-12-31,TXN000576,SKU012,Dairy 02,CUST0057,2.47,2,Dairy,B1,S,F1,False,1.48
2024-12-31,TXN000576,SKU041,Snacks 06,CUST0057,6.25,3,Snacks,B3,L,F2,False,3.75
